merit_no,app_id,name,jee,cet,hsc,ssc,n_comparisons_flagged,level,which_comparisons
1,EN26354823,AADDYA NITIN DESHMUKH,99.9917594,99.9715515,97.0,98.33,0,NORMAL,
2,EN26455413,OMISHA ANKUR JAIN,99.9913337,99.9930026,94.67,97.83,0,NORMAL,
3,EN26343435,YASH SUMEET BANSAL,99.9838877,99.9646706,89.0,96.2,0,NORMAL,
4,EN26382057,SHIV RAMESHKUMAR PANCHAL,99.9764458,99.9724355,97.33,92.0,0,NORMAL,
5,EN26392711,ADITYA SHAILENDRA GONDHALEKAR,99.9763336,99.9759152,94.0,98.33,0,NORMAL,
6,EN26467181,ARYA PRASHANT PAWAR,99.9654736,,84.67,91.0,0,NORMAL,
7,EN26481130,JANHAVI SANDEEP KULKARNI,99.9634241,99.9544611,91.0,96.6,0,NORMAL,
8,EN26155615,ROHIT NARAYANAN,99.9617333,99.9573273,98.67,88.8,0,NORMAL,
9,EN26183426,SOHAM SANDIP KINGE,99.9549803,99.9621915,96.33,91.6,0,NORMAL,
10,EN26317179,YASH SATYAVAN DUSHING,99.9531379,87.2248719,47.0,80.6,3,HIGH,CET_vs_JEE: CET is LOWER than expected by 75 rank pts; JEE_vs_HSC: JEE is HIGHER than expected by 68 rank pts; JEE_vs_HSC_SSC: JEE is HIGHER than expected by 72 rank pts
11,EN26440042,SARTH PANKAJ SHIRBHATE,99.9489677,99.9587118,95.0,97.2,0,NORMAL,
12,EN26420518,NIKUNJ RAJESH SORTE,99.9403294,99.9573273,90.0,93.66,0,NORMAL,
13,EN26364500,SOHAM MANGESH PALVE,99.9397162,99.8520506,82.33,95.66,0,NORMAL,
14,EN26155540,DEV SIDDARTH NADKARNI,99.9309472,99.9789982,91.67,96.4,0,NORMAL,
15,EN26269371,SAYYED ZAID SADIQUE,99.9272034,99.9019917,90.33,94.2,0,NORMAL,
16,EN26244125,SAAD RIHAN SHAIKH,99.922887,99.968688,95.0,96.5,0,NORMAL,
17,EN26115171,MOKSHDA SNEHPRABHA,99.9213401,,50.33,64.8,2,MEDIUM,JEE_vs_HSC: JEE is HIGHER than expected by 68 rank pts; JEE_vs_HSC_SSC: JEE is HIGHER than expected by 73 rank pts
18,EN26345156,PRATHAM ANISH PANDYA,99.9119711,99.9340088,94.33,98.5,0,NORMAL,
19,EN26372439,SAIRAJ BHUJANGRAO KHODWE,99.9104942,99.8563772,83.33,95.2,0,NORMAL,
20,EN26253987,SARVESH HARISH BHARADE,99.9103472,99.9293411,96.0,97.6,0,NORMAL,
21,EN26233180,AVANEESH GIRISH CHAFLE,99.9099563,99.9508875,94.0,95.2,0,NORMAL,
22,EN26232421,UTKARSH SUSHIL CHAUDHARI,99.9085603,99.9573273,94.67,98.16,0,NORMAL,
23,EN26274298,ADITI KAILAS PIMPRE,99.9048589,66.5942029,54.33,91.8,3,HIGH,CET_vs_JEE: CET is LOWER than expected by 79 rank pts; JEE_vs_HSC: JEE is HIGHER than expected by 67 rank pts; JEE_vs_HSC_SSC: JEE is HIGHER than expected by 67 rank pts
24,EN26194108,TANAY PRADIP TEKADE,99.8996656,99.976641,96.33,96.2,0,NORMAL,
25,EN26412673,ASHWIN BHAUSAHEB PATIL,99.8974456,99.9682394,83.0,95.83,0,NORMAL,
26,EN26125434,RAUT RUGVED RAVIKAR,99.8966184,99.9438715,96.67,96.8,0,NORMAL,
27,EN26101922,NILANSHU MANGESH HADKE,99.8921235,99.9117761,92.33,97.0,0,NORMAL,
28,EN26388072,RUSHIKESH BAJIRAO PATIL,99.8905642,99.9894355,82.0,95.5,0,NORMAL,
29,EN26450092,SHREESH SANDEEP KURHADKAR,99.8900045,99.7446515,98.67,96.33,0,NORMAL,
30,EN26227342,MITHEEL NILESH GAJARE,99.8807754,99.96497,99.0,98.5,0,NORMAL,
31,EN26409409,SHOUNAK ASHUTOSH KULKARNI,99.8772394,,93.67,97.2,0,NORMAL,
32,EN26427840,DHRUV SUDHIR PHALKE,99.8750451,99.9439521,99.33,98.83,0,NORMAL,
33,EN26239740,PRIYOM ATUL SHAH,99.8666527,99.9312242,88.33,97.8,0,NORMAL,
34,EN26460512,PARTHIV RAVINDRA SINGIDI,99.8655208,,98.33,95.0,0,NORMAL,
35,EN26186794,ADITYA ANIL VICHARE,99.8616073,99.8737108,96.67,89.83,0,NORMAL,
36,EN26176508,SHREESH SAINI,99.8529577,,90.33,97.16,0,NORMAL,
37,EN26234039,HIYA VIJAY THAKKAR,99.8503435,99.9338969,91.67,98.5,0,NORMAL,
38,EN26305145,PRUTHVIRAJ PRASHANT PATIL,99.848851,99.3076575,84.67,95.4,0,NORMAL,
39,EN26357263,SHIVAM SHRIWASTVA,99.8458085,,56.33,65.5,2,MEDIUM,JEE_vs_HSC: JEE is HIGHER than expected by 67 rank pts; JEE_vs_HSC_SSC: JEE is HIGHER than expected by 72 rank pts
40,EN26223017,HARSHIT PREETAM SHAH,99.8361705,99.8900117,93.67,95.4,0,NORMAL,
41,EN26456005,ANANYA VINIT JAIN,99.8355003,,95.33,99.0,0,NORMAL,
42,EN26366032,VEDANT NITIN PATEL,99.8343352,99.9685117,88.67,94.4,0,NORMAL,
43,EN26335441,TANMAY NAYAK,99.8337584,99.8962576,96.33,97.5,0,NORMAL,
44,EN26447388,ARPAN MITTAL,99.829287,,96.0,95.83,0,NORMAL,
45,EN26277233,AVANEESH AGARWAL,99.829287,99.9548736,95.67,96.0,0,NORMAL,
46,EN26168834,MAITREYI SALEEL DIGHE,99.8276502,99.9611815,90.67,98.83,0,NORMAL,
47,EN26325533,AARAV TARKESH BOTADRA,99.8276502,99.944871,87.67,95.83,0,NORMAL,
48,EN26385597,DAKSH CHETAN LODHA,99.8206943,99.9571751,93.0,95.5,0,NORMAL,
49,EN26258217,RUTUJ YOGESH RAUT,99.8178474,99.9140716,95.67,97.2,0,NORMAL,
50,EN26327917,AMRIT VIVEK MADIHALLI,99.8173902,99.939547,81.33,97.22,0,NORMAL,
51,EN26455457,AAGAM ANKUR JAIN,99.8173399,99.9788263,91.67,97.33,0,NORMAL,
52,EN26448774,SHRIVAS NAYAK,99.8128694,99.8792271,95.0,96.6,0,NORMAL,
53,EN26335826,KANISH ROHIT JAIN,99.8127144,99.9071974,93.0,96.33,0,NORMAL,
54,EN26245011,ARNAV SRIVASTAVA,99.8120229,,52.67,88.6,2,MEDIUM,JEE_vs_HSC: JEE is HIGHER than expected by 67 rank pts; JEE_vs_HSC_SSC: JEE is HIGHER than expected by 69 rank pts
55,EN26100083,JAY MUKUND RANE,99.8095829,95.2061875,38.33,80.2,3,HIGH,CET_vs_JEE: CET is LOWER than expected by 66 rank pts; JEE_vs_HSC: JEE is HIGHER than expected by 68 rank pts; JEE_vs_HSC_SSC: JEE is HIGHER than expected by 72 rank pts
56,EN26356148,YASHWARDHAN AGARWAL,99.8095829,99.8771331,96.0,98.2,0,NORMAL,
57,EN26176356,SIDDHESH SHIVAJI MUSALE,99.8044641,99.8879042,91.33,94.5,0,NORMAL,
58,EN26225096,ADVAIT SHRIKANT JADHAV,99.8041425,99.9542205,85.67,95.66,0,NORMAL,
59,EN26288001,AARYA RAJESH TALE,99.8037153,99.8634884,85.67,97.33,0,NORMAL,
60,EN26249380,KAUSHIKI NILADRI CHATTERJEE,99.8007893,99.745652,84.0,97.6,0,NORMAL,
61,EN26359645,SHUBHAN KISHORE SHETTY,99.8007532,99.5066825,83.0,99.0,0,NORMAL,
62,EN26175390,RAJSINHA INDRASEN DESHMUKH,99.7969825,99.9139829,93.0,95.8,0,NORMAL,
63,EN26414471,SMAYAN VANAJAKSHA SHETTY,99.7958483,99.9344375,86.67,98.16,0,NORMAL,
64,EN26132550,ARNAV JATIN CHAPALKAR,99.7947526,99.8653069,85.67,92.66,0,NORMAL,
65,EN26122872,ADITYA ASHISH SHINDE,99.7927233,99.8858043,92.67,89.6,0,NORMAL,
66,EN26326662,SHARDUL AJAY MARATHE,99.7917357,99.9470058,99.33,98.6,0,NORMAL,
67,EN26126645,VEDANT SACHIN NILAWAR,99.7905524,,97.33,90.66,0,NORMAL,
68,EN26121351,WAGHMARE OJAS ARVIND,99.7874413,70.0706138,45.67,74.8,3,HIGH,CET_vs_JEE: CET is LOWER than expected by 78 rank pts; JEE_vs_HSC: JEE is HIGHER than expected by 68 rank pts; JEE_vs_HSC_SSC: JEE is HIGHER than expected by 72 rank pts
69,EN26466638,SHREENIKET AJIT PAWAR,99.7842101,99.9505388,83.67,97.8,0,NORMAL,
70,EN26299789,ARHAAN ABHIJIT WARERKAR,99.7830375,99.9646706,87.67,96.4,0,NORMAL,
71,EN26487291,KORE TEJAS SANTOSH,99.7806914,99.8634812,92.67,94.2,0,NORMAL,
72,EN26153819,OM VINAYKUMAR LAD,99.7797982,99.8603244,81.0,99.0,0,NORMAL,
73,EN26341747,SHRIKANT VINOD LOYA,99.7756092,99.8842349,83.0,87.83,0,NORMAL,
74,EN26461920,ARYAN SANDEEP NAIK,99.7737025,99.8563772,95.67,97.6,0,NORMAL,
75,EN26174731,ARNAV RAVINDRA WAKDE,99.7729247,99.7057484,91.33,92.5,0,NORMAL,
76,EN26323628,AAYUSH CHOUDHARY,99.7709802,99.9117761,94.67,99.0,0,NORMAL,
77,EN26165178,JISHAN SURAJ TAMBOLI,99.7663734,62.9339383,63.67,95.4,3,HIGH,CET_vs_JEE: CET is LOWER than expected by 79 rank pts; JEE_vs_HSC: JEE is HIGHER than expected by 65 rank pts; JEE_vs_HSC_SSC: JEE is HIGHER than expected by 59 rank pts
78,EN26103974,ATHARVA SURENDRA KALASKAR,99.7658206,99.7765019,71.33,97.8,2,MEDIUM,CET_vs_HSC: CET is HIGHER than expected by 62 rank pts; JEE_vs_HSC: JEE is HIGHER than expected by 61 rank pts
79,EN26179557,SHREY KHARBANDA,99.7634623,93.1663509,75.67,96.0,2,MEDIUM,CET_vs_JEE: CET is LOWER than expected by 71 rank pts; JEE_vs_HSC: JEE is HIGHER than expected by 57 rank pts
80,EN26245837,TANAY YOGESH DAGA,99.7613841,99.894759,81.0,93.4,0,NORMAL,
81,EN26488287,DHRUV GUPTA,99.7591446,99.8771331,94.67,98.6,0,NORMAL,
82,EN26336499,RUGVED RAM KULKARNI,99.7562499,99.8904787,92.67,95.2,0,NORMAL,
83,EN26279203,PIYUSH YOGESH YADAV,99.7557796,99.9470058,96.33,94.6,0,NORMAL,
84,EN26260312,CHAITANYA PRASHANT PATIL,99.7515276,99.1038726,89.33,97.0,0,NORMAL,
85,EN26485930,KAUSHAL SANTOSH DHAGALE,99.7514098,99.8522032,88.33,94.5,0,NORMAL,
86,EN26292563,ARYAN VIJAY BORKAR,99.7418617,99.9020362,92.33,90.4,0,NORMAL,
87,EN26366713,GARUD RAJAT PRAKASH,99.7418617,99.8188894,93.67,97.6,0,NORMAL,
88,EN26228017,SHLOK VINAYAK SHELKE,99.7404585,99.7847337,95.33,97.66,0,NORMAL,
89,EN26282532,VIHAAN KALPESH PATEL,99.7284042,99.978982,96.33,98.3,0,NORMAL,
90,EN26108705,JEET KINJAL SHAH,99.7283419,99.9770265,94.67,98.5,0,NORMAL,
91,EN26289004,HARSHIT OMPRAKASH SHAH,99.7263259,98.8650296,91.0,93.4,0,NORMAL,
92,EN26355776,SUPRIYA PARAG VARTAK,99.7226329,99.862854,85.33,86.4,0,NORMAL,
93,EN26240915,ISHAN MANOJ KUMAR SINHA,99.7226329,99.8182816,84.67,94.8,0,NORMAL,
94,EN26130786,PATIL ADITYA SHYAM,99.7148753,99.2052023,95.67,92.2,0,NORMAL,
95,EN26140871,RAJ SUBHRAMANYAM,99.7117198,,64.33,90.2,2,MEDIUM,JEE_vs_HSC: JEE is HIGHER than expected by 65 rank pts; JEE_vs_HSC_SSC: JEE is HIGHER than expected by 66 rank pts
96,EN26243092,SUMEDH ANANT KHUNTE,99.7089169,99.804567,75.33,91.33,4,HIGH,CET_vs_HSC: CET is HIGHER than expected by 57 rank pts; JEE_vs_HSC: JEE is HIGHER than expected by 57 rank pts; JEE_vs_HSC_SSC: JEE is HIGHER than expected by 59 rank pts; CET_vs_HSC_SSC: CET is HIGHER than expected by 60 rank pts
97,EN26236282,ATHARV VIVEKKUMAR BODADE,99.7073255,99.9291199,96.67,98.16,0,NORMAL,
98,EN26274453,ADITYA AJAY UTPAT,99.7053746,99.7591522,96.0,97.4,0,NORMAL,
99,EN26216142,APOORVA MILIND PARANJAPE,99.7008122,99.436897,95.0,97.5,0,NORMAL,
100,EN26421954,SHRESTHA MURLIMANOHAR TOTALA,99.696051,99.8960939,85.67,97.2,0,NORMAL,
101,EN26438569,VEDANT ANUP CHAUDHARI,99.6937958,99.8564878,89.67,89.42,0,NORMAL,
102,EN26345756,NEEL MADHUKAR GUNJAL,99.6901144,99.9885374,94.33,94.8,0,NORMAL,
103,EN26233253,DAKSH MILAN SHAH,99.6853376,99.8900117,83.0,97.2,0,NORMAL,
104,EN26402076,SAMYAK MOHOD,99.6777535,99.8703892,95.67,93.4,0,NORMAL,
105,EN26386460,RUTU SHANKAR HENDRE,99.6758582,99.8858043,95.33,97.5,0,NORMAL,
106,EN26257254,SOHAM YOGESH KELA,99.6758582,99.9439952,91.0,96.6,0,NORMAL,
107,EN26364669,TANMAY SANJAY PATIL,99.6758426,99.7261833,88.67,95.8,0,NORMAL,
108,EN26370574,PARAM HITESH SHAH,99.6756214,99.9208643,84.67,98.2,0,NORMAL,
109,EN26319569,PARAM ASHISH SHAH,99.6725097,99.6242563,95.33,98.4,0,NORMAL,
110,EN26144822,AARUSH PRITESH MEHTA,99.6699555,99.901398,93.67,95.66,0,NORMAL,
111,EN26387490,NETRA MANISH MEHTA,99.6689488,99.9359909,91.67,96.12,0,NORMAL,
112,EN26324158,ADITI VIVEK DHARMADHIKARI,99.6671011,99.4403921,86.0,94.8,0,NORMAL,
113,EN26456023,ARKADEEP NAG,99.6671011,99.0001766,92.67,97.6,0,NORMAL,
114,EN26342667,OJAS HANSDHWAJ SONAWANE,99.665483,99.9454956,89.67,95.4,0,NORMAL,
115,EN26351142,KRISHNA SHAM KACHAVE,99.6653157,99.9576679,94.0,100.0,0,NORMAL,
116,EN26190110,ARUSH KAMLESH MEHTA,99.657642,,90.67,96.4,0,NORMAL,
117,EN26438364,MAHESH RAJESH PHULWARIA,99.6553366,99.7908524,84.33,94.2,0,NORMAL,
118,EN26399458,PUSHKAR ANAND PESHWE,99.6548831,99.8976109,91.67,97.6,0,NORMAL,
119,EN26158830,RUJUL AMIT GAONKAR,99.6543996,99.9044781,90.33,96.66,0,NORMAL,
120,EN26489875,VIHAAN NIRAV ADANI,99.6525582,99.8723257,95.67,98.66,0,NORMAL,
121,EN26456588,TANAY GUPTA,99.6508996,,98.67,98.33,0,NORMAL,
122,EN26255677,ISHAN RAHUL PAWAR,99.6475716,96.433947,52.67,92.8,3,HIGH,CET_vs_JEE: CET is LOWER than expected by 59 rank pts; JEE_vs_HSC: JEE is HIGHER than expected by 67 rank pts; JEE_vs_HSC_SSC: JEE is HIGHER than expected by 65 rank pts
123,EN26394291,AMEY SANJAY SABLE,99.6475716,99.6765758,86.33,95.8,0,NORMAL,
124,EN26140364,ANIKET KALE,99.6421623,99.9519989,95.67,98.33,0,NORMAL,
125,EN26369390,SAHIL LALIT SADHWANI,99.6420834,99.5936526,96.33,94.66,0,NORMAL,
126,EN26212422,MD DILSHAD,99.6411609,,65.33,61.33,2,MEDIUM,JEE_vs_HSC: JEE is HIGHER than expected by 64 rank pts; JEE_vs_HSC_SSC: JEE is HIGHER than expected by 69 rank pts
127,EN26148518,SHREYASH RAJKUMAR MALSHETTI,99.63402,99.7550906,81.67,89.2,0,NORMAL,
128,EN26438371,ROHIT SATISH DHOTRE,99.6308385,,76.0,74.0,2,MEDIUM,JEE_vs_HSC: JEE is HIGHER than expected by 56 rank pts; JEE_vs_HSC_SSC: JEE is HIGHER than expected by 63 rank pts
129,EN26393325,HRISHIKESH GIRISH DEUSKAR,99.6308385,99.8318562,95.0,97.0,0,NORMAL,
130,EN26107081,ARNAV SUHAS DANDGE,99.6299237,99.8570999,71.67,95.8,3,HIGH,CET_vs_HSC: CET is HIGHER than expected by 65 rank pts; JEE_vs_HSC: JEE is HIGHER than expected by 61 rank pts; CET_vs_HSC_SSC: CET is HIGHER than expected by 56 rank pts
131,EN26353916,GARGI KAILAS PANDE,99.6299237,99.7002258,94.0,97.0,0,NORMAL,
132,EN26296410,YASH ANANDKUMAR SHRISHRIMAL,99.6299237,99.9234596,92.67,98.0,0,NORMAL,
133,EN26190542,OMKAR RAMCHANDRA JADHAV,99.626565,99.8596787,80.67,95.8,0,NORMAL,
134,EN26316720,DEV MITESH CHHEDA,99.626565,99.8412698,91.0,94.2,0,NORMAL,
135,EN26459074,SOUMALYA GHOSH,99.625103,99.9173066,95.0,92.2,0,NORMAL,
136,EN26455842,SHLOK SACHIN SAWANT,99.6220492,99.7462799,97.0,95.33,0,NORMAL,
137,EN26259540,NISHIKA NILESH KHINVASARA,99.6220492,99.9417724,96.0,96.2,0,NORMAL,
138,EN26270685,MANIYAR RAJAT KIRAN,99.6202095,,95.33,97.66,0,NORMAL,
139,EN26161679,ALIASGAR KAIDZOHER MASALAWALA,99.6202095,99.9858682,95.0,92.8,0,NORMAL,
140,EN26204396,RISHI BHAVIN SHAH,99.6173932,99.9422744,94.33,99.0,0,NORMAL,
141,EN26323491,PIYUSH PRAJAPATI,99.6130095,,51.67,68.16,2,MEDIUM,JEE_vs_HSC: JEE is HIGHER than expected by 67 rank pts; JEE_vs_HSC_SSC: JEE is HIGHER than expected by 71 rank pts
142,EN26285485,SHREEYAN MANDAR SAWANT,99.6130095,99.7385081,92.0,97.6,0,NORMAL,
143,EN26154597,HARSH SANJAY PUNYANI,99.6074609,99.9081434,88.0,89.2,0,NORMAL,
144,EN26238013,GAURAV SANTOSH KALE,99.5999512,99.9884593,91.0,91.4,0,NORMAL,
145,EN26381637,ATHARVA NAVNATH BOKARE,99.5993148,99.4920502,82.67,96.2,0,NORMAL,
146,EN26264434,ANISH DESHPANDE,99.5987264,99.8190864,92.0,94.0,0,NORMAL,
147,EN26205271,ARJUN ANIRUDDHA DESHMUKH,99.5987264,99.9470058,93.33,95.8,0,NORMAL,
148,EN26167358,DHAWALA CHETAN PATIL,99.5985744,,86.67,98.0,0,NORMAL,
149,EN26431164,GARGEE SATYEN JOSHI,99.5970242,99.9522184,93.33,97.66,0,NORMAL,
150,EN26368397,YASHVARDHAN SATISH RAJMANE,99.5969311,99.9189533,84.33,96.4,0,NORMAL,
151,EN26282402,NADISH HANISH CHENNURI,99.5969311,77.3787188,58.33,89.4,3,HIGH,CET_vs_JEE: CET is LOWER than expected by 77 rank pts; JEE_vs_HSC: JEE is HIGHER than expected by 66 rank pts; JEE_vs_HSC_SSC: JEE is HIGHER than expected by 67 rank pts
152,EN26341819,MANJARI GAIKWAD,99.5962123,99.9122992,95.33,96.0,0,NORMAL,
153,EN26266575,ATHARVA MANGESH KARANDE,99.5917941,99.6215249,85.33,88.16,0,NORMAL,
154,EN26221574,KUNAL RAMESHWAR KANGANE,99.5905713,33.4150899,46.0,53.8,3,HIGH,CET_vs_JEE: CET is LOWER than expected by 81 rank pts; JEE_vs_HSC: JEE is HIGHER than expected by 67 rank pts; JEE_vs_HSC_SSC: JEE is HIGHER than expected by 72 rank pts
155,EN26187916,RUDRA TANK,99.5834769,,93.0,97.83,0,NORMAL,
156,EN26451365,ARNAV AASHISH AGRAWAL,99.5820201,99.9693862,75.67,96.6,3,HIGH,CET_vs_HSC: CET is HIGHER than expected by 63 rank pts; JEE_vs_HSC: JEE is HIGHER than expected by 56 rank pts; CET_vs_HSC_SSC: CET is HIGHER than expected by 53 rank pts
157,EN26147566,ATHARV BHALCHANDRA KAPADI,99.5811371,99.7839951,89.0,92.14,0,NORMAL,
158,EN26108617,SOHAM SACHIN ADKAR,99.5764677,98.9210775,94.0,96.66,0,NORMAL,
159,EN26188745,GAURAV GANESH SUNDARESAN,99.575257,99.9684277,96.67,98.33,0,NORMAL,
160,EN26171928,VIDHI RAVI AGRAWAL,99.5744135,99.9566844,94.0,99.0,0,NORMAL,
161,EN26409066,RAJVEER VIKRAM KARANDIKAR,99.57102,99.9726962,90.0,95.6,0,NORMAL,
162,EN26339944,JAYESH TUSHAR ZAMBARE,99.5694713,99.6912931,93.33,95.66,0,NORMAL,
163,EN26486836,ADITYA DAYANAND HASBE,99.5677974,99.5053877,82.0,94.8,0,NORMAL,
164,EN26422343,SAMARTH VIJAYKUMAR SALUNKHE,99.56247,99.8654244,93.0,93.71,0,NORMAL,
165,EN26388105,YUVAN VIPIN JAIN,99.5603222,99.5351622,93.67,98.0,0,NORMAL,
166,EN26371288,ATHARV BASWARAJ LOHARE,99.5596512,99.8906024,85.33,98.4,0,NORMAL,
167,EN26348437,SAWANT SHIVAM PARASHURAM,99.5595902,88.7955476,48.33,92.6,3,HIGH,CET_vs_JEE: CET is LOWER than expected by 74 rank pts; JEE_vs_HSC: JEE is HIGHER than expected by 67 rank pts; JEE_vs_HSC_SSC: JEE is HIGHER than expected by 65 rank pts
168,EN26466919,NIPUN TIWARI,99.5590161,99.8763469,90.0,94.8,0,NORMAL,
169,EN26392305,AYUSH ARVIND SARGAM,99.5590161,99.9423653,87.0,94.8,0,NORMAL,
170,EN26215398,BHARGAVI ABHIJIT GOLE,99.5550095,99.6941787,79.67,95.8,0,NORMAL,
171,EN26333945,ANIKET LAXMAN KHADAKE,99.5536875,99.9425991,96.33,95.0,0,NORMAL,
172,EN26410355,PRATHAMESH RAJU AVHAD,99.5528185,99.9512925,81.67,95.33,0,NORMAL,
173,EN26381290,RAJ RAVINDRA BORDE,99.5424496,98.4310487,70.0,92.4,2,MEDIUM,JEE_vs_HSC: JEE is HIGHER than expected by 61 rank pts; JEE_vs_HSC_SSC: JEE is HIGHER than expected by 61 rank pts
174,EN26156371,ANSH BALIRAM PARSEWAR,99.538948,99.8248073,84.0,97.16,0,NORMAL,
175,EN26148766,UTKARSH KHUSHVANTRAO DESHMUKH,99.538948,99.9158072,88.67,96.2,0,NORMAL,
176,EN26329117,VAIBHAV AGARWAL,99.5350443,99.8900117,96.67,99.0,0,NORMAL,
177,EN26109569,ANUJ NINAD NAWLE,99.5339599,99.9258919,87.0,95.2,0,NORMAL,
178,EN26384060,YATHARTH PURUSHOTTAM PATIL,99.5339599,99.7321087,78.0,85.5,2,MEDIUM,JEE_vs_HSC_SSC: JEE is HIGHER than expected by 59 rank pts; CET_vs_HSC_SSC: CET is HIGHER than expected by 57 rank pts
179,EN26159176,HARSH KISHOR PATIL,99.5328424,99.8325936,89.0,96.0,0,NORMAL,
180,EN26249282,VISHESH KHANNA,99.5328365,99.6707185,88.33,92.0,0,NORMAL,
181,EN26295832,RUSHIL JHA,99.5309894,,96.33,90.5,0,NORMAL,
182,EN26258951,ILLA SUSHANTH,99.5298276,99.4920502,98.78,95.5,0,NORMAL,
183,EN26182225,AKASH SINGH BISHT,99.5287895,99.7236023,93.67,94.8,0,NORMAL,
184,EN26409192,SHAHNAWAJ NANASAHEB DESAI,99.5283392,99.950224,88.67,91.4,0,NORMAL,
185,EN26180761,TAPASYA AMOL SHUKLA,99.5272932,99.8591401,83.0,98.0,0,NORMAL,
186,EN26367939,SOHAM KIRAN THAKUR,99.5253654,99.9306385,91.67,96.33,0,NORMAL,
187,EN26147995,NAMAN BHAT,99.5172892,,97.67,94.2,0,NORMAL,
188,EN26279302,VIHAAN VADHYAR,99.5172892,99.6711217,96.0,98.2,0,NORMAL,
189,EN26229497,LOKESH PANKAJ BHANGALE,99.5171941,99.6562127,88.0,97.8,0,NORMAL,
190,EN26381184,PRATHMESH VIJAY KADAM,99.5161839,99.6443286,91.33,97.0,0,NORMAL,
191,EN26453103,SARTHAK WANI,99.5138067,99.8495557,88.33,91.0,0,NORMAL,
192,EN26368707,KHUSHAAL HEMANT THAKKER,99.5138067,,89.0,90.33,0,NORMAL,
193,EN26479887,SWARAD SACHIN PATIL,99.512794,,92.67,95.6,0,NORMAL,
194,EN26155887,KUSH SANDEEP HARIANI,99.5115363,99.9153683,92.0,96.2,0,NORMAL,
195,EN26179035,BACHHAV MAHESH RAHUL,99.5061301,99.5302977,83.33,93.4,0,NORMAL,
196,EN26361754,ADITYA AMIT KAMATKAR,99.5053723,99.8654244,92.67,100.0,0,NORMAL,
197,EN26278480,ARYAN TUSHAR DEORE,99.5053723,99.8315804,95.0,98.66,0,NORMAL,
198,EN26159148,ANSHUL PRAVIN NIRMAL,99.5031775,99.9130223,85.67,95.83,0,NORMAL,
199,EN26231073,TANISHKA CHANDRASHEKHAR BHAMARE,99.5030451,99.4395208,93.67,98.6,0,NORMAL,
200,EN26234751,RITOBROTO MUKHERJEE,99.5030071,,94.0,98.6,0,NORMAL,
201,EN26485860,PALASH PRADYUMNA PAI RAITURKAR,99.4979736,99.7816671,96.67,98.2,0,NORMAL,
202,EN26176017,KUNAL DEORAO THENGE,99.4977936,99.6657302,94.0,95.33,0,NORMAL,
203,EN26123117,VAIBHAV GOVIND SHINDE,99.4965764,99.2415545,84.0,93.4,0,NORMAL,
204,EN26147563,SHREEYA RATHI,99.4951731,99.7188507,95.67,98.6,0,NORMAL,
205,EN26203526,SOHAM DNYANESHVAR DAMMEWAR,99.4921636,99.9527466,80.33,93.8,0,NORMAL,
206,EN26199806,RAJVEER RAJESH MORE,99.4896677,99.9231538,87.33,94.4,0,NORMAL,
207,EN26245307,GANESH DEEPAK MUNDE,99.4888118,38.215662,56.0,76.8,3,HIGH,CET_vs_JEE: CET is LOWER than expected by 80 rank pts; JEE_vs_HSC: JEE is HIGHER than expected by 65 rank pts; JEE_vs_HSC_SSC: JEE is HIGHER than expected by 70 rank pts
208,EN26455982,MADHUR RAJENDRA WAKADE,99.4883606,99.8891946,87.67,95.2,0,NORMAL,
209,EN26257467,KALE OMKAR SANJAY,99.4833786,99.5910529,80.0,89.2,0,NORMAL,
210,EN26186556,VIDHI SANJAY BRAMHANKAR,99.4814828,99.3778786,93.67,98.0,0,NORMAL,
211,EN26319617,AAREEN UMESH NAGARKAR,99.481177,99.8190864,94.67,96.5,0,NORMAL,
212,EN26404758,NEHA BHAGWAN PATIL,99.481177,99.7838756,80.67,89.8,0,NORMAL,
213,EN26330619,MANASVI PRASANNA JUGOOLKAR,99.4792257,99.9654192,90.67,98.0,0,NORMAL,
214,EN26101294,SHIVANG RAJIV GOSWAMI,99.4775003,99.515364,89.67,95.83,0,NORMAL,
215,EN26260092,KUMBHAR TANMAY AMOL,99.4774599,99.6467055,74.67,95.4,1,LOW,JEE_vs_HSC: JEE is HIGHER than expected by 57 rank pts
216,EN26114560,SHAURYA VISHNU AGARWAL,99.4772696,99.7716086,90.67,91.0,0,NORMAL,
217,EN26128255,SAI RAJESH PARDESHI,99.4765578,99.7933233,83.0,97.8,0,NORMAL,
218,EN26450965,ARNAV ANAND WADIKAR,99.4717689,99.902585,89.33,94.8,0,NORMAL,
219,EN26467651,AMMAN A ASWANI,99.4689179,99.6006826,94.0,97.83,0,NORMAL,
220,EN26141891,SWETALINA SAHU,99.4658616,,58.0,59.0,2,MEDIUM,JEE_vs_HSC: JEE is HIGHER than expected by 65 rank pts; JEE_vs_HSC_SSC: JEE is HIGHER than expected by 70 rank pts
221,EN26427173,AAYUSH SUSHIL RATHI,99.4658616,99.1743055,89.0,96.16,0,NORMAL,
222,EN26170308,GAURAV SANTOSH CHINTALWAR,99.4621552,99.4822739,79.0,95.6,0,NORMAL,
223,EN26383883,SARTHAK SURENDRA DEOKAR,99.4619839,99.6204279,87.67,95.8,0,NORMAL,
224,EN26413952,NISHANT VIJAYAKUMAR MATHAD,99.4619839,99.9756462,88.67,91.33,0,NORMAL,
225,EN26205521,RAGHVENDRA SHIVAJIRAO DESHMUKH,99.4602088,99.6562127,92.67,98.0,0,NORMAL,
226,EN26125351,JIYAAN KALPESH MEHTA,99.4602088,99.7374777,94.33,95.0,0,NORMAL,
227,EN26280055,KASHID ADITYA RAMCHANDRA,99.4585176,99.22161,90.33,87.2,0,NORMAL,
228,EN26398707,CHAITANYA VIJAY WANJARI,99.4585176,99.6941787,85.67,95.66,0,NORMAL,
229,EN26178566,NIRMIT SANDESH MHATRE,99.4566957,99.9044781,88.0,93.0,0,NORMAL,
230,EN26486680,ARYAMAN SHEKHAWAT,99.4566957,,88.33,95.6,0,NORMAL,
231,EN26131332,SOHAN VIKAS PATIL,99.4528771,,90.67,96.4,0,NORMAL,
232,EN26291411,DIVIT VAIBHAV KAREMORE,99.4525341,99.825753,88.67,95.4,0,NORMAL,
233,EN26294755,HARSHIT LAHOTI,99.4525341,99.7564624,82.67,94.5,0,NORMAL,
234,EN26163585,NEEL KETAN PANCHAMIA,99.4399049,99.5311735,94.0,99.0,0,NORMAL,
235,EN26460860,DHRUVRAJ SINGH ASHIYA,99.4383175,99.2534423,90.67,93.4,0,NORMAL,
236,EN26194035,SANKET YALAMELI,99.4368986,99.8697045,91.0,97.0,0,NORMAL,
237,EN26357993,ADITYA CHANDAK,99.4351266,99.8039833,95.0,94.4,0,NORMAL,
238,EN26392045,DAVE NIHAR JIGNESH,99.4342525,99.608286,82.0,94.83,0,NORMAL,
239,EN26455570,BHAVESH JITENDRA SABNANI,99.4342525,99.6973176,71.0,95.33,2,MEDIUM,CET_vs_HSC: CET is HIGHER than expected by 60 rank pts; JEE_vs_HSC: JEE is HIGHER than expected by 60 rank pts
240,EN26125898,AMAN RAJESH NANDANWAR,99.4327327,99.8245983,87.67,92.4,0,NORMAL,
241,EN26140107,RIVA SHAILESH MANDOT,99.4327327,,79.67,95.83,0,NORMAL,
242,EN26222533,KAPIL VADIRAJ JAHAGIRDAR,99.4327327,99.888573,88.0,94.6,0,NORMAL,
243,EN26288846,HITANSH VIJAYKUMAR SHETTY,99.431734,99.8150848,83.67,97.66,0,NORMAL,
244,EN26101164,VEDAANTH AJIT SHENOY,99.4306266,99.948443,89.33,89.0,0,NORMAL,
245,EN26195792,AARUSH MANOJ SHIRBHATE,99.429533,99.6467055,97.67,98.33,0,NORMAL,
246,EN26336288,HARSHWARDHAN PRASHANT DESHMUKH,99.4276337,99.6484642,82.67,95.5,0,NORMAL,
247,EN26293655,SAKSHAM MANISH HARJAL,99.4245035,99.8598458,86.33,93.16,0,NORMAL,
248,EN26255066,NIKHIL MARU,99.4228625,99.530649,94.0,98.33,0,NORMAL,
249,EN26138213,DOSAPATI VISMAY,99.4228625,99.7969997,94.0,91.66,0,NORMAL,
250,EN26232202,SATWIK SANJAY GARKAL,99.4194862,99.6887728,66.0,98.16,2,MEDIUM,CET_vs_HSC: CET is HIGHER than expected by 64 rank pts; JEE_vs_HSC: JEE is HIGHER than expected by 63 rank pts
251,EN26450346,ADITYA SHARMA,99.4178338,99.2148392,91.0,97.16,0,NORMAL,
252,EN26292598,PRANAV DEEPAK GEDIYA,99.4164182,99.4145109,90.0,95.5,0,NORMAL,
253,EN26413993,SAKSHAM ANIL KHATOD,99.41544,98.9164146,87.33,96.8,0,NORMAL,
254,EN26415310,KANUL CHADDA,99.4149793,99.5156527,92.67,97.6,0,NORMAL,
255,EN26425737,CHAITANYA LAXMAN PADULE,99.414938,98.5283812,68.33,75.83,2,MEDIUM,JEE_vs_HSC: JEE is HIGHER than expected by 62 rank pts; JEE_vs_HSC_SSC: JEE is HIGHER than expected by 67 rank pts
256,EN26291774,PRATHAM MUKESH KITAWAT,99.4147615,99.8354508,93.67,97.16,0,NORMAL,
257,EN26233599,ANUJ ATUL MOHOD,99.4147615,99.1749938,88.67,97.83,0,NORMAL,
258,EN26142213,VEDIKA DINESH DESHPANDE,99.413051,99.6590474,88.0,97.83,0,NORMAL,
259,EN26183422,ANURADHA DNYANESHWAR HARAL,99.4128067,99.8456254,87.67,93.8,0,NORMAL,
260,EN26175090,SHRIJEET SOMANI,99.4102626,99.7353406,87.0,97.83,0,NORMAL,
261,EN26276218,ARNAV NAMDEV VATMURGE,99.4102626,99.9036609,79.67,93.5,0,NORMAL,
262,EN26261881,DAKSH NILESH TAMBOLI,99.4057762,99.9107628,80.67,92.0,1,LOW,CET_vs_HSC_SSC: CET is HIGHER than expected by 53 rank pts
263,EN26311993,SIDDHI AGRAWAL,99.4057762,99.9382502,99.0,99.0,0,NORMAL,
264,EN26289821,ADITYA ANIL PATIL,99.3970858,99.6912931,89.33,96.0,0,NORMAL,
265,EN26235586,VIVAN SWAPNIL DEOSTHALI,99.3942563,99.4219653,84.67,95.16,0,NORMAL,
266,EN26256274,VAISHNAVI SHIRISH SARAF,99.3930599,,86.33,93.0,0,NORMAL,
267,EN26314397,VEDANT DINESH PATIL,99.3930599,99.4824017,89.33,92.6,0,NORMAL,
268,EN26466305,YASH MAHESH PATIL,99.3915508,99.8922455,97.0,95.8,0,NORMAL,
269,EN26491352,ARJUN ULHAS KHADATKAR,99.3915508,99.7302694,94.0,95.4,0,NORMAL,
270,EN26479237,VIBHOR RAJKUMAR WANKHEDE,99.388618,99.4701469,88.0,94.2,0,NORMAL,
271,EN26144914,SHIVRAJ KISHAN NAIK,99.3869644,99.2782017,94.67,89.71,0,NORMAL,
272,EN26290930,NINAD VIJAY BORUDE,99.3837745,99.8495557,89.67,98.6,0,NORMAL,
273,EN26193281,VRUNDA OMPRAKASH RATHI,99.379386,99.7703029,87.0,97.4,0,NORMAL,
274,EN26435144,RUDRA DIPAK KADAM,99.3765543,99.3817347,72.33,96.83,1,LOW,JEE_vs_HSC: JEE is HIGHER than expected by 59 rank pts
275,EN26100708,VIDIT ASHISH AGRAWAL,99.3765543,99.844726,93.0,96.6,0,NORMAL,
276,EN26157730,ARYAN KISHOR NIKAM,99.3765543,99.6298484,91.0,97.33,0,NORMAL,
277,EN26193963,MIHIR MILIND PANDE,99.3759239,99.5079824,95.33,92.0,0,NORMAL,
278,EN26207560,MRUDULA VIRENDRA SALUNKE,99.3759239,99.8316144,90.67,99.0,0,NORMAL,
279,EN26174869,NAMYA KEKIN FURIA,99.3759239,99.6859903,85.33,89.2,0,NORMAL,
280,EN26464068,OMKAR PAWAN INAMDAR,99.3759239,99.2975956,84.67,95.16,0,NORMAL,
281,EN26491925,SAMRUDDHI BASAVARAJ PATIL,99.3759239,98.3816163,80.33,96.8,0,NORMAL,
282,EN26391706,AANAV GUPTA,99.373565,,88.0,91.14,0,NORMAL,
283,EN26414944,VIHAN PRASHANT TEMBHARE,99.3721845,,93.33,97.0,0,NORMAL,
284,EN26223843,HARSULKAR ADVAIT YOGESH,99.3699457,99.0673026,88.67,99.2,0,NORMAL,
285,EN26151258,SHLOK AGARWAL,99.3699457,99.8662693,95.0,97.0,0,NORMAL,
286,EN26437476,ANSH KASHYAP,99.3696849,,56.33,74.6,2,MEDIUM,JEE_vs_HSC: JEE is HIGHER than expected by 65 rank pts; JEE_vs_HSC_SSC: JEE is HIGHER than expected by 69 rank pts
287,EN26378673,ATHARV AMAR PATIL,99.3689807,99.9404491,80.33,96.4,0,NORMAL,
288,EN26117598,SOHAM SHIVPRASAD KESARE,99.3685831,,97.0,95.6,0,NORMAL,
289,EN26369235,KRISHNA DINESH SHUKLA,99.3685831,66.0956881,52.33,78.8,3,HIGH,CET_vs_JEE: CET is LOWER than expected by 77 rank pts; JEE_vs_HSC: JEE is HIGHER than expected by 65 rank pts; JEE_vs_HSC_SSC: JEE is HIGHER than expected by 69 rank pts
290,EN26422314,MOHAMMAD SHOEB MOHAMMAD KALEEM,99.3685236,98.9054936,94.67,89.4,0,NORMAL,
291,EN26396956,JATIN PANKAJ PATIL,99.3674733,99.5392491,86.33,94.4,0,NORMAL,
292,EN26393962,UDAY GORAKH WAGHMARE,99.3664962,99.8574236,85.0,92.6,0,NORMAL,
293,EN26122326,TANMAY ABHIJEET NARE,99.3650938,98.7089833,67.67,95.4,2,MEDIUM,JEE_vs_HSC: JEE is HIGHER than expected by 62 rank pts; JEE_vs_HSC_SSC: JEE is HIGHER than expected by 56 rank pts
294,EN26135901,MANASVI SACHIN WAKODE,99.3646262,99.6467055,89.67,95.8,0,NORMAL,
295,EN26428652,VEDANT RAJESH DESHMUKH,99.3631558,99.5311735,91.67,97.2,0,NORMAL,
296,EN26242470,CHINMAY HITENDRA PATIIL,99.3617308,,95.67,96.4,0,NORMAL,
297,EN26278531,GAURAV RUSHIKESH DHARMADHIKARI,99.353826,99.7834605,90.67,96.33,0,NORMAL,
298,EN26102580,ANSHUL SINHA,99.3489595,99.9576842,95.0,96.8,0,NORMAL,
299,EN26272755,PARTH NIRAJ SANGHAVI,99.3486892,99.6953971,94.0,94.16,0,NORMAL,
300,EN26333367,ANISH SANJAY RAHANE,99.3486892,99.8670492,93.33,92.8,0,NORMAL,
301,EN26361495,SUJAY AMOL ZADE,99.3467644,99.0125241,80.67,93.2,0,NORMAL,
302,EN26308722,AAHANA TRIPATHI,99.3458389,99.5910529,93.33,96.6,0,NORMAL,
303,EN26106004,DHEERAJ GANDHI,99.3458389,,96.33,96.2,0,NORMAL,
304,EN26167407,TEJAS CHANDRAKANT FARATE,99.3458389,99.302904,92.67,98.6,0,NORMAL,
305,EN26488516,NIKHIL AMIT SARNA,99.3446861,99.3890785,83.33,98.0,0,NORMAL,
306,EN26183865,ARNAV MITHUN NAYAK,99.342863,,90.33,90.5,0,NORMAL,
307,EN26129426,HARDIK PRAVIN KOLTE,99.342863,99.6259308,77.67,91.8,0,NORMAL,
308,EN26232470,PAWAR OM SANJAY,99.3425167,60.5539527,58.0,79.0,3,HIGH,CET_vs_JEE: CET is LOWER than expected by 78 rank pts; JEE_vs_HSC: JEE is HIGHER than expected by 64 rank pts; JEE_vs_HSC_SSC: JEE is HIGHER than expected by 68 rank pts
309,EN26130737,NIKAM GAURAV SACHIN,99.3425167,99.9043319,93.0,92.33,0,NORMAL,
310,EN26274110,KAPISH MAHESH NAIK,99.3416964,99.3555657,77.33,92.5,0,NORMAL,
311,EN26199369,KRISHNA SAMPAT MEDHE,99.3416964,99.6348123,82.33,94.0,0,NORMAL,
312,EN26373161,GANDHI AYUSH SANDESH,99.3389695,94.4673823,69.33,66.0,3,HIGH,CET_vs_JEE: CET is LOWER than expected by 67 rank pts; JEE_vs_HSC: JEE is HIGHER than expected by 60 rank pts; JEE_vs_HSC_SSC: JEE is HIGHER than expected by 66 rank pts
313,EN26273709,HARSHITA SINGH,99.3389695,99.9359909,77.67,96.33,1,LOW,CET_vs_HSC: CET is HIGHER than expected by 58 rank pts
314,EN26240645,MANAS PRADYUMNA SINGH,99.3389695,99.5737953,86.33,96.8,0,NORMAL,
315,EN26341342,NIKITA SONDHI,99.3341631,99.7321087,93.0,98.4,0,NORMAL,
316,EN26174815,HARSHAD GHANSHYAM RATHOD,99.3321073,99.7321087,83.33,94.33,0,NORMAL,
317,EN26323604,AYUSH SHASHIKANT BHILARE,99.3321073,99.8680175,95.67,97.63,0,NORMAL,
318,EN26338104,PARTH DHARMENDRA MISHRA,99.3310617,99.5079824,91.67,98.5,0,NORMAL,
319,EN26139602,NEIL SACHIN LODHA,99.3310617,99.7834605,93.33,95.83,0,NORMAL,
320,EN26408905,PARTH KAILAS PAGORE,99.3310617,,84.67,78.6,0,NORMAL,
321,EN26348267,PRANAV PRASHANT PATIL,99.3310617,99.7550895,86.33,99.2,0,NORMAL,
322,EN26247003,SAMBHAV BOHRA,99.3310617,99.5351622,94.0,98.0,0,NORMAL,
323,EN26388361,SANGRAMSING MADAN BAMNATH,99.3310617,,82.0,94.0,0,NORMAL,
324,EN26278707,CHAITANYA VIRENDRA SAMANI,99.3303251,99.9588562,89.33,95.5,0,NORMAL,
325,EN26443309,GAURHARI NITIN KADAM,99.3268975,99.1231468,87.67,98.0,0,NORMAL,
326,EN26243804,PRIYANSH SACHIN JAIN,99.3262003,99.9306385,94.0,96.0,0,NORMAL,
327,EN26117760,RAKSHIT NIRAV MEHTA,99.3262003,99.9135078,96.67,96.5,0,NORMAL,
328,EN26230860,GEET KIRTIKUMAR CHANODIA,99.3262003,99.9122992,96.33,96.66,0,NORMAL,
329,EN26417990,DESHMUKH PRAJWAL JITENDRA,99.3215632,,91.33,94.6,0,NORMAL,
330,EN26288891,HARSH KHERAJ ROHRA,99.3191022,99.3555657,72.67,93.0,2,MEDIUM,JEE_vs_HSC: JEE is HIGHER than expected by 58 rank pts; JEE_vs_HSC_SSC: JEE is HIGHER than expected by 57 rank pts
331,EN26197232,TWISHA NISHANT SHETH,99.3191022,99.9650129,87.67,98.0,0,NORMAL,
332,EN26334213,SHREELEKHAA MOHAN TODI,99.3179115,99.8680175,93.67,98.5,0,NORMAL,
333,EN26251062,PRANAV RAVINDRA SHARMA,99.3179115,98.6477445,60.33,97.4,1,LOW,JEE_vs_HSC: JEE is HIGHER than expected by 63 rank pts
334,EN26157027,ROHAN TEJASKUMAR MEHTA,99.313966,99.6249809,82.67,93.0,0,NORMAL,
335,EN26368956,DHEERAJ SANJAY PAWAR,99.3121849,98.6166496,88.0,93.6,0,NORMAL,
336,EN26281553,SMIT SAMEER BHAVE,99.3081061,99.1038726,80.33,98.4,0,NORMAL,
337,EN26389532,PARAM VIVEK GHIA,99.3054414,99.8315804,96.0,97.5,0,NORMAL,
338,EN26314688,NITYAY DEVEN VORA,99.3049968,97.9968203,82.0,97.71,0,NORMAL,
339,EN26249507,VINAYAK JAYPRAKASH JAISWAL,99.3049968,99.9119348,88.0,87.4,0,NORMAL,
340,EN26401366,RAMESHWAR MANOHAR SHIMPI,99.2999437,98.3761272,77.67,92.4,0,NORMAL,
341,EN26375978,VAIBHAVI PANDURANG KOLI,99.2999437,77.6220509,62.0,91.8,3,HIGH,CET_vs_JEE: CET is LOWER than expected by 75 rank pts; JEE_vs_HSC: JEE is HIGHER than expected by 63 rank pts; JEE_vs_HSC_SSC: JEE is HIGHER than expected by 62 rank pts
342,EN26257248,DEEP LALIT RUPANI,99.2982212,99.9732129,94.0,97.66,0,NORMAL,
343,EN26394310,JAI PARAG PAREKH,99.2982212,99.8693614,89.33,96.7,0,NORMAL,
344,EN26286843,ABHEDHYA SHIVAJI DATE,99.2958063,99.9234215,87.67,86.8,0,NORMAL,
345,EN26246524,SOHAM JITENDRA GHANEKAR,99.2929862,99.9209459,94.67,97.4,0,NORMAL,
346,EN26232667,PIYUSH BHAGWANT DHOBLE,99.2929862,99.7562268,88.0,90.8,0,NORMAL,
347,EN26228290,TANMAY TUSHAR PATIL,99.2914106,38.2278771,51.33,86.8,3,HIGH,CET_vs_JEE: CET is LOWER than expected by 79 rank pts; JEE_vs_HSC: JEE is HIGHER than expected by 65 rank pts; JEE_vs_HSC_SSC: JEE is HIGHER than expected by 67 rank pts
348,EN26291011,NACHIKET RAJESH SONARGHARE,99.2895097,98.7645051,80.33,91.6,0,NORMAL,
349,EN26363018,SARTH AMAR GANDHEWAR,99.2895097,99.3817347,87.33,97.0,0,NORMAL,
350,EN26111525,DARSH SWAMI KAUSHIK,99.2837092,,52.0,83.4,2,MEDIUM,JEE_vs_HSC: JEE is HIGHER than expected by 64 rank pts; JEE_vs_HSC_SSC: JEE is HIGHER than expected by 68 rank pts
351,EN26322072,AARUSH AMOL KARANDIKAR,99.2837092,99.80979,96.0,96.4,0,NORMAL,
352,EN26299577,SHRIRANG MAHESH VAIDYA,99.2830804,99.9234215,85.33,96.0,0,NORMAL,
353,EN26360137,ATHARV RAJESHWAR UMALE,99.2812227,99.5376121,79.67,96.8,0,NORMAL,
354,EN26382087,AAYUSH RAKESH MORE,99.2791502,,84.0,70.0,0,NORMAL,
355,EN26255394,AVANEESH UDAY BAVISKAR,99.2791502,99.6443286,94.0,98.0,0,NORMAL,
356,EN26286045,YASHODHAN ADINATH RANADIVE,99.2776722,99.5230525,85.0,98.0,0,NORMAL,
357,EN26366927,PRANJAL SHYAM BHIVAPURKAR,99.2764608,99.7565021,76.0,98.0,0,NORMAL,
358,EN26115654,HARSHIT RAJ,99.2764608,,54.67,90.0,2,MEDIUM,JEE_vs_HSC: JEE is HIGHER than expected by 64 rank pts; JEE_vs_HSC_SSC: JEE is HIGHER than expected by 65 rank pts
359,EN26336957,KAUSHAL CHUTKEY,99.2748303,99.3049821,91.67,92.6,0,NORMAL,
360,EN26381881,SANIKA MAHESHWARI,99.2748303,99.9112346,95.67,96.16,0,NORMAL,
361,EN26168996,NIMISH RAVINDRA NAWARE,99.2748303,98.4641638,87.0,95.6,0,NORMAL,
362,EN26274691,OM MAHESH KHUSPE,99.2748303,99.8245983,89.33,98.2,0,NORMAL,
363,EN26110328,HETVI NILESH ASHAR,99.2719572,99.333359,81.33,98.66,0,NORMAL,
364,EN26449778,TANMAY RAHUL CHIVATE,99.2719572,,98.0,98.0,0,NORMAL,
365,EN26341842,GIRIDHAR PRASHANT MORE,99.2714313,43.723793,51.67,89.8,3,HIGH,CET_vs_JEE: CET is LOWER than expected by 79 rank pts; JEE_vs_HSC: JEE is HIGHER than expected by 64 rank pts; JEE_vs_HSC_SSC: JEE is HIGHER than expected by 65 rank pts
366,EN26205626,AARUSH TUSHAR RASTE,99.2650332,99.5962733,94.67,96.8,0,NORMAL,
367,EN26256294,SHIVAM NAVNATH LEDANGE,99.2604638,65.1648234,57.33,81.4,3,HIGH,CET_vs_JEE: CET is LOWER than expected by 77 rank pts; JEE_vs_HSC: JEE is HIGHER than expected by 64 rank pts; JEE_vs_HSC_SSC: JEE is HIGHER than expected by 67 rank pts
368,EN26288568,SHIVRAJ SATISH SHINTRE,99.2604638,99.8127539,86.33,97.66,0,NORMAL,
369,EN26222590,VINAYAK ARUN BYALE,99.2556385,99.9803111,80.33,100.0,0,NORMAL,
370,EN26179156,SAMI FAIYAZ PATHARWAT,99.2540886,99.9119625,98.89,89.5,0,NORMAL,
371,EN26447008,ISHAN SACHIN VYAS,99.2533329,98.8957902,88.33,93.2,0,NORMAL,
372,EN26296741,PRATHAMESH DHANANJAY SANGAVE,99.2517183,99.3817347,84.33,99.4,0,NORMAL,
373,EN26139763,AKASHDEEP ROY,99.2498945,99.7703586,93.0,92.4,0,NORMAL,
374,EN26288898,ASMI DINESH MORE,99.2486351,99.6181735,84.0,99.0,0,NORMAL,
375,EN26481463,PRANSHU HEMANT DHARMADHIKARI,99.2486103,99.8457108,80.67,95.8,0,NORMAL,
376,EN26253776,KRUSHNA GHANSHAM PAWAR,99.2486103,99.8229748,86.33,96.6,0,NORMAL,
377,EN26244431,MOHIT MANGESH SHEKDE,99.2486103,99.4488606,71.33,94.4,2,MEDIUM,JEE_vs_HSC: JEE is HIGHER than expected by 58 rank pts; JEE_vs_HSC_SSC: JEE is HIGHER than expected by 55 rank pts
378,EN26117923,AMOGH ABHIJEET APTE,99.2484323,99.7261833,77.67,95.0,0,NORMAL,
379,EN26227292,ROHAN MAHESH KETKAR,99.2484323,98.9540325,93.67,94.6,0,NORMAL,
380,EN26230715,RUDRANEEL GAJANAN KANNAWAR,99.2484323,99.8830168,90.0,94.6,0,NORMAL,
381,EN26305108,SARANSH JAIRAMUKA,99.2452404,99.0049751,85.33,94.0,0,NORMAL,
382,EN26161382,OM ANILKUMAR GHUGE,99.2452404,99.6929809,78.0,94.66,0,NORMAL,
383,EN26349184,VIRAJ VINOD DESAI,99.2452404,98.3752566,83.0,95.0,0,NORMAL,
384,EN26280166,OM ATULKUMAR GAIKWAD,99.2452404,99.9717364,94.67,97.2,0,NORMAL,
385,EN26326851,MUKTA JAYDEEP KSHIRSAGAR,99.2361912,99.8016908,86.67,98.0,0,NORMAL,
386,EN26295657,NAVEEN PILLAI,99.2339031,99.6209366,87.0,95.8,0,NORMAL,
387,EN26288732,DIVYANSHU DHUDHUANI,99.2332087,99.8327645,97.0,95.33,0,NORMAL,
388,EN26118398,SIDDHESH HITENDRA PAWAR,99.2319791,99.8094364,83.0,92.6,0,NORMAL,
389,EN26305620,NEAL LIJU PARACKAL,99.2319791,,92.67,94.5,0,NORMAL,
390,EN26133943,RUDRA VIKRANT AGRAWAL,99.2313099,99.9306385,94.67,98.0,0,NORMAL,
391,EN26112920,VINAY PAL SINGH,99.2313099,,52.0,77.0,2,MEDIUM,JEE_vs_HSC: JEE is HIGHER than expected by 64 rank pts; JEE_vs_HSC_SSC: JEE is HIGHER than expected by 68 rank pts
392,EN26184889,DHAIRYA UPPAL,99.2313099,,89.33,95.0,0,NORMAL,
393,EN26450058,TANVI POMESH RAHANGDALE,99.2303824,98.8739213,73.0,89.83,2,MEDIUM,JEE_vs_HSC: JEE is HIGHER than expected by 57 rank pts; JEE_vs_HSC_SSC: JEE is HIGHER than expected by 59 rank pts
394,EN26413978,DARSHIL BHARAT SONAWANE,99.2303824,99.6467055,91.0,96.2,0,NORMAL,
395,EN26191963,ADITYA SOMNATH GANMOTE,99.2231395,99.6783704,89.0,92.2,0,NORMAL,
396,EN26438057,TRISHA ZUTSHI,99.2230512,,85.33,95.0,0,NORMAL,
397,EN26192427,ADITYA SUBHASH UTTARWAR,99.2226363,99.5021514,82.33,93.5,0,NORMAL,
398,EN26309283,PRATHAM GURUDAS PATIL,99.2226363,99.4824017,89.67,96.6,0,NORMAL,
399,EN26432446,SHRUTI ARJUN BOMBLE,99.2226363,99.9578818,92.0,92.4,0,NORMAL,
400,EN26350823,OM RAVINDRA PATIL,99.2217899,99.800896,82.67,96.0,0,NORMAL,
401,EN26253118,RACHIT ANIRUDDHA CHUNADE,99.2194021,,89.33,97.4,0,NORMAL,
402,EN26452948,KARAN PIRAJI PAWDE,99.2190035,99.295478,80.33,92.16,0,NORMAL,
403,EN26205683,SWAYAM MANGESH SAHANE,99.2154373,99.7965341,74.33,93.4,3,HIGH,CET_vs_HSC: CET is HIGHER than expected by 59 rank pts; JEE_vs_HSC: JEE is HIGHER than expected by 55 rank pts; CET_vs_HSC_SSC: CET is HIGHER than expected by 57 rank pts
404,EN26461112,B SHOURY BALAJI,99.2154373,99.6884735,75.0,93.8,0,NORMAL,
405,EN26214519,DIVIJ BHUSHAN SHALUKAR,99.2154373,,85.33,98.0,0,NORMAL,
406,EN26362060,JUHI NILESH DAYAMA,99.2131706,99.7765019,88.0,96.4,0,NORMAL,
407,EN26283347,ATHARV VILAS BOBADE,99.2111201,99.8949911,92.0,94.0,0,NORMAL,
408,EN26100234,ABHISHEK DEEPAK DURGADE,99.2094827,59.2474828,43.33,85.6,3,HIGH,CET_vs_JEE: CET is LOWER than expected by 77 rank pts; JEE_vs_HSC: JEE is HIGHER than expected by 65 rank pts; JEE_vs_HSC_SSC: JEE is HIGHER than expected by 68 rank pts
409,EN26355705,YASHITA PRAKASH,99.2067604,99.767089,92.33,97.0,0,NORMAL,
410,EN26487920,UTKARSH PRADIP NIBE,99.2067604,99.8178443,93.33,97.8,0,NORMAL,
411,EN26351420,CHINTAMANI DEEPAK PATIL,99.2027365,99.872142,80.0,95.8,0,NORMAL,
412,EN26342734,GEET RAHUL RANE,99.2021635,99.6714361,95.0,94.33,0,NORMAL,
413,EN26100420,PRANAV SANTOSH SARADE,99.1999435,99.2298181,74.0,94.2,1,LOW,JEE_vs_HSC: JEE is HIGHER than expected by 56 rank pts
414,EN26108171,GANESH VIJAY GAWADE,99.1983707,86.2722396,63.33,85.8,3,HIGH,CET_vs_JEE: CET is LOWER than expected by 73 rank pts; JEE_vs_HSC: JEE is HIGHER than expected by 62 rank pts; JEE_vs_HSC_SSC: JEE is HIGHER than expected by 65 rank pts
415,EN26347241,SHIVAM SAMBHAJI SHITOLE,99.198182,99.8088737,83.0,95.4,0,NORMAL,
416,EN26184734,SHINTRE MUKUL SURYAKANT,99.198182,99.767089,70.0,85.6,4,HIGH,CET_vs_HSC: CET is HIGHER than expected by 63 rank pts; JEE_vs_HSC: JEE is HIGHER than expected by 59 rank pts; JEE_vs_HSC_SSC: JEE is HIGHER than expected by 63 rank pts; CET_vs_HSC_SSC: CET is HIGHER than expected by 69 rank pts
417,EN26484119,NAMAN RAJ,99.1969202,,92.67,73.4,0,NORMAL,
418,EN26291086,ROHAN BALASAHEB PATIL,99.1967053,99.7007285,94.33,97.6,0,NORMAL,
419,EN26285137,SWAYAM SANDEEP JAIN,99.1892602,99.9652657,89.33,93.8,0,NORMAL,
420,EN26102635,VARUN SHAILESH KAHALEKAR,99.1892602,99.9223633,94.33,96.4,0,NORMAL,
421,EN26330021,NISHIT PRAMOD KATOLE,99.1886731,99.8858043,89.0,97.0,0,NORMAL,
422,EN26343541,DEVRAJ KRISHNAT SHINDE,99.1886731,99.5720617,78.0,96.33,0,NORMAL,
423,EN26330557,LAVISH PUROHIT,99.1873857,44.3667268,64.33,85.4,3,HIGH,CET_vs_JEE: CET is LOWER than expected by 78 rank pts; JEE_vs_HSC: JEE is HIGHER than expected by 62 rank pts; JEE_vs_HSC_SSC: JEE is HIGHER than expected by 65 rank pts
424,EN26458999,ARNAV VIKRAM BHOSLE,99.1873857,98.8989816,93.33,97.5,0,NORMAL,
425,EN26366432,SWAMI RAHUL SALUNKE,99.1858017,99.9540717,91.67,95.2,0,NORMAL,
426,EN26366771,ADHIRATH NILESH THAKARE,99.1858017,99.9039863,91.67,98.0,0,NORMAL,
427,EN26306474,TANMAY PRAVIN KAND,99.1850787,98.8209363,93.33,94.16,0,NORMAL,
428,EN26124800,DHAIRYA NALODE,99.183435,99.4061378,84.67,96.0,0,NORMAL,
429,EN26366867,MORWALE LUV SADANAND,99.183435,99.4088128,85.33,97.0,0,NORMAL,
430,EN26409290,SNEHIL RANKA,99.1801067,,93.0,96.2,0,NORMAL,
431,EN26157295,VINIT DHANRAJ HULGANE,99.1793285,7.3783359,79.0,82.33,2,MEDIUM,CET_vs_JEE: CET is LOWER than expected by 80 rank pts; JEE_vs_HSC_SSC: JEE is HIGHER than expected by 56 rank pts
432,EN26247130,MOHAK BAGGA,99.1775041,99.5936526,88.33,95.6,0,NORMAL,
433,EN26384989,CHAITANYA VISHAL MORE,99.1775041,99.5962733,86.67,95.2,0,NORMAL,
434,EN26483938,ISHANT BALASAHEB MARWALE,99.1748888,99.6691671,85.0,89.16,0,NORMAL,
435,EN26464891,RIK MUKHOPADHYAY,99.1746389,99.5411076,92.0,96.0,0,NORMAL,
436,EN26148704,MAHI MISHRA,99.1746389,,95.0,96.0,0,NORMAL,
437,EN26217955,BABAR SARTHAK PANDURANG,99.1746389,99.7282705,88.33,93.8,0,NORMAL,
438,EN26420959,ANNASAHEB NAMADEV BARVE,99.1693094,99.41195,72.67,92.4,2,MEDIUM,JEE_vs_HSC: JEE is HIGHER than expected by 57 rank pts; JEE_vs_HSC_SSC: JEE is HIGHER than expected by 56 rank pts
439,EN26454081,SAYANDEB MUKHERJEE,99.1693094,,94.33,95.0,0,NORMAL,
440,EN26287334,ANVAY MINANATH DHASKE,99.1674785,99.871964,93.0,94.2,0,NORMAL,
441,EN26100240,DHRUV SWAPNIL HALDANKAR,99.1674785,99.8900117,85.0,93.33,0,NORMAL,
442,EN26425215,SHREERAJ RAKESH NANDRE,99.1674785,96.4352588,91.67,95.4,0,NORMAL,
443,EN26249819,NAKKHUL MAHESH TALWAR,99.1621645,57.502776,64.67,92.4,3,HIGH,CET_vs_JEE: CET is LOWER than expected by 77 rank pts; JEE_vs_HSC: JEE is HIGHER than expected by 61 rank pts; JEE_vs_HSC_SSC: JEE is HIGHER than expected by 60 rank pts
444,EN26459889,AKASH SHYAM,99.1605143,99.7173644,97.33,99.33,0,NORMAL,
445,EN26105681,NIRAV KIRAN CHAUDHARI,99.1591183,98.4599733,89.33,92.8,0,NORMAL,
446,EN26113706,SHOURYA PRAKASH,99.1591183,99.763208,93.67,94.5,0,NORMAL,
447,EN26252066,RUHAN RAHUL RAODEO,99.1589315,99.8327645,93.67,95.33,0,NORMAL,
448,EN26129061,ADITYA RAMESH SANKAD,99.1584754,99.7302694,93.67,95.33,0,NORMAL,
449,EN26147076,ASMITA MITRA,99.157215,,87.33,95.0,0,NORMAL,
450,EN26302810,SHUBHAM PARAG PARAB,99.1566066,99.8987775,92.67,96.83,0,NORMAL,
451,EN26158555,TANMAY LALCHANDANI,99.1566066,,94.67,95.0,0,NORMAL,
452,EN26302307,RAGHAV PRATIK MEHTA,99.1564817,99.6215249,91.33,98.5,0,NORMAL,
453,EN26386863,VIKAS ANAND PATIL,99.1564817,99.8292853,83.0,95.0,0,NORMAL,
454,EN26431891,ABHIRAM NAGARAJA,99.1564817,98.5817805,94.0,97.33,0,NORMAL,
455,EN26325922,AADI AMIT KHATRI,99.1560889,99.8385509,96.33,98.2,0,NORMAL,
456,EN26389558,BHAVIK BHUPESH GUJARATHI,99.1518453,99.7079843,93.33,99.16,0,NORMAL,
457,EN26208350,VIDHI VINAY BOHRA,99.1506502,99.8662693,86.67,96.8,0,NORMAL,
458,EN26286042,RIDDHESH SUSHANT DORLE,99.1506502,98.5153584,82.0,87.8,0,NORMAL,
459,EN26109496,ATHARV CHANDRAKANT GAVADE,99.1506502,98.5909613,79.67,97.2,0,NORMAL,
460,EN26364973,VAISHNAVI SANTOSH PATIL,99.1496946,99.7797963,93.67,95.16,0,NORMAL,
461,EN26361138,DEV AMIT GUPTA,99.1496946,99.8248073,91.0,95.4,0,NORMAL,
462,EN26243997,ROHIT SRIRAM,99.1473246,97.6829141,87.0,90.2,0,NORMAL,
463,EN26375550,RAMKAR SARTHAK KAILAS,99.1473246,,74.33,93.4,0,NORMAL,
464,EN26136403,SUYOG SANTOSH SHIRADKAR,99.1473246,99.4224681,93.0,90.0,0,NORMAL,
465,EN26336215,ARCHIT VILAS PATIL,99.14449,99.057971,70.33,94.5,1,LOW,JEE_vs_HSC: JEE is HIGHER than expected by 58 rank pts
466,EN26139756,VAIBHAVI MANOJ BARVE,99.14204,92.8362212,42.67,85.6,3,HIGH,CET_vs_JEE: CET is LOWER than expected by 69 rank pts; JEE_vs_HSC: JEE is HIGHER than expected by 64 rank pts; JEE_vs_HSC_SSC: JEE is HIGHER than expected by 67 rank pts
467,EN26456730,SARANG BHANUDAS GAWADE,99.1416986,98.5836177,94.33,97.4,0,NORMAL,
468,EN26182514,ABHISHEK SANTOSH KALE,99.1357176,81.0159708,75.0,79.33,2,MEDIUM,CET_vs_JEE: CET is LOWER than expected by 74 rank pts; JEE_vs_HSC_SSC: JEE is HIGHER than expected by 60 rank pts
469,EN26484519,RUCHA MANOJ KAKDE,99.1357176,99.9054932,89.67,98.2,0,NORMAL,
470,EN26286213,VEDANT SANDEEP GHADMODE,99.1357176,99.6256385,93.67,93.5,0,NORMAL,
471,EN26257169,AMITASH RAVINDRA SHETTY,99.1348715,99.7773371,95.33,96.66,0,NORMAL,
472,EN26107383,AARUSH PANDEY,99.1348715,99.853818,97.67,98.2,0,NORMAL,
473,EN26395103,AARYA NITEEN BARHATE,99.1324933,99.4983512,90.33,94.8,0,NORMAL,
474,EN26171941,PRAFUL MAHADEV PISE,99.1324933,99.376947,68.67,85.4,3,HIGH,JEE_vs_HSC: JEE is HIGHER than expected by 59 rank pts; JEE_vs_HSC_SSC: JEE is HIGHER than expected by 63 rank pts; CET_vs_HSC_SSC: CET is HIGHER than expected by 55 rank pts
475,EN26418418,TEJAS KALYAN BAGAL,99.1324505,98.6313993,68.67,92.2,2,MEDIUM,JEE_vs_HSC: JEE is HIGHER than expected by 59 rank pts; JEE_vs_HSC_SSC: JEE is HIGHER than expected by 59 rank pts
476,EN26177139,PRATIK PANDURANG MOHITE,99.1314689,99.5661605,78.67,90.4,0,NORMAL,
477,EN26446607,ANVAY SINGH,99.1314689,99.8385509,93.33,91.62,0,NORMAL,
478,EN26463630,SAMKIT JAIN,99.1314689,,84.67,95.5,0,NORMAL,
479,EN26219664,NIKUNJ HEMANT BHARTIA,99.1314689,99.2052023,74.67,88.5,1,LOW,JEE_vs_HSC_SSC: JEE is HIGHER than expected by 58 rank pts
480,EN26387739,LAD YADNESH MANGESH,99.1314689,99.6771018,81.33,98.8,0,NORMAL,
481,EN26270863,PUSHKAR SHARAD KAPKAR,99.1314689,99.9039863,94.0,95.6,0,NORMAL,
482,EN26282571,SIDDHARTH VITHAL DESAI,99.1314689,99.6022839,89.0,97.33,0,NORMAL,
483,EN26354810,ANIKET KUMAR,99.1314689,96.2091503,84.0,95.66,1,LOW,CET_vs_JEE: CET is LOWER than expected by 58 rank pts
484,EN26115957,KHUSHANT AJAYKUMAR MANKAR,99.1287197,99.5629061,93.67,95.0,0,NORMAL,
485,EN26386823,KAPIL KAMAL AGRAWAL,99.127221,99.0049751,86.67,96.33,0,NORMAL,
486,EN26333629,ASEEM GIRDHARI NIRANKARI,99.127221,99.8315804,81.67,97.8,0,NORMAL,
487,EN26195830,ARYAN RAJENDRA GODSE,99.127221,99.3225882,65.33,90.4,2,MEDIUM,JEE_vs_HSC: JEE is HIGHER than expected by 61 rank pts; JEE_vs_HSC_SSC: JEE is HIGHER than expected by 62 rank pts
488,EN26185043,SHREYAS MANGESH NANAWARE,99.1254348,99.9860052,92.33,95.4,0,NORMAL,
489,EN26249767,CHRIS SEBASTIAN,99.1254348,99.8249851,92.33,97.8,0,NORMAL,
490,EN26158861,SAHIL GAUTAM KOTHARI,99.1253553,99.8253173,91.67,96.9,0,NORMAL,
491,EN26359798,PARTH VIJAY CHAVAN,99.1231969,99.8235522,95.33,91.2,0,NORMAL,
492,EN26282514,SARTHAK MANGESH TAMBE,99.1231969,99.5661605,82.33,99.2,0,NORMAL,
493,EN26154612,SOHAM ANAM,99.1231969,99.7703586,92.67,97.0,0,NORMAL,
494,EN26409658,AYUSH CHANDRAKANT SURADE,99.1214167,,87.33,94.6,0,NORMAL,
495,EN26448116,NAMAN JAIN,99.1209572,,84.0,91.2,0,NORMAL,
496,EN26463179,TILAK VAIBHAV KOTHARI,99.1200359,99.2374051,78.33,94.0,0,NORMAL,
497,EN26261306,SWARAJ HARISHCHANDRA KHARAD,99.1117212,97.3781998,73.67,94.2,1,LOW,JEE_vs_HSC: JEE is HIGHER than expected by 55 rank pts
498,EN26391871,TANAY SEVAK,99.1104767,99.1295073,92.67,96.83,0,NORMAL,
499,EN26110835,RISHI RUPAM DAS,99.1104767,99.8897621,91.0,97.4,0,NORMAL,
500,EN26107320,SHRUTI SANJEEV RAO,99.1090967,99.7838756,89.67,95.0,0,NORMAL,
501,EN26104791,ANUSHKA AJAY BHALEKAR,99.1023133,99.9503286,90.33,93.5,0,NORMAL,
502,EN26374384,SOHAM SANJEEV PANDA,99.1023133,99.7765019,88.67,98.0,0,NORMAL,
503,EN26278567,HARSH GIRISH LODAYA,99.1023133,99.5156527,87.67,95.6,0,NORMAL,
504,EN26347046,HRIDHIKESH NILESH PATHARE,99.1023133,98.9897444,61.67,94.2,2,MEDIUM,JEE_vs_HSC: JEE is HIGHER than expected by 61 rank pts; JEE_vs_HSC_SSC: JEE is HIGHER than expected by 57 rank pts
505,EN26393164,TIWARI RAJNISH AKHILESH,99.1023133,99.4920657,88.33,95.0,0,NORMAL,
506,EN26208870,ANMOL KHARE,99.1012881,99.887312,93.67,92.16,0,NORMAL,
507,EN26346700,KANAK NAVAL SARDA,99.0978475,99.2197704,84.67,97.4,0,NORMAL,
508,EN26434458,MEET BIHANI,99.0975293,99.6502708,89.67,93.2,0,NORMAL,
509,EN26255476,TANISHA SHARAD CHANDAK,99.0975293,99.4784557,91.67,97.6,0,NORMAL,
510,EN26279910,SUMEDH BALASAHEB DEOKAR,99.0975293,99.8369629,94.33,95.0,0,NORMAL,
511,EN26179491,ANISH DEVENDRA KANADE,99.0947468,99.968688,90.0,97.4,0,NORMAL,
512,EN26120444,PRATHAMESH CHINMAY DATE,99.0935634,99.873718,94.0,100.0,0,NORMAL,
513,EN26149751,YASH MANOJ JAGTAP,99.0908092,99.3974848,83.33,94.0,0,NORMAL,
514,EN26165403,KRISHNA EKNATH HOLE,99.0908092,99.9502526,90.33,94.83,0,NORMAL,
515,EN26256587,SHREYAS UMESH ABHYANKAR,99.0908092,99.8345199,96.67,95.2,0,NORMAL,
516,EN26293112,SARTHAK VIJAY,99.0908092,,54.33,80.0,2,MEDIUM,JEE_vs_HSC: JEE is HIGHER than expected by 62 rank pts; JEE_vs_HSC_SSC: JEE is HIGHER than expected by 66 rank pts
517,EN26254898,FANENDRA RAJESHKUMAR RAHANGDALE,99.0901171,99.6281485,88.67,96.6,0,NORMAL,
518,EN26175729,MANE KANISHK RAJARAM,99.0880143,99.0444765,78.67,90.33,0,NORMAL,
519,EN26215858,MOHAMMEDABDULLAH KHALEELURREHMAN BADEGHAR,99.0825326,,99.56,97.4,0,NORMAL,
520,EN26413964,AGAM SINGH KHURANA,99.0825326,98.8167764,91.33,96.16,0,NORMAL,
521,EN26207219,SYED FARAAZUDDIN SYED ASKARUDDIN,99.0815694,99.7053252,85.67,95.0,0,NORMAL,
522,EN26327733,PARNAVI YOGESH WANI,99.0786301,99.5929444,95.33,99.0,0,NORMAL,
523,EN26214355,RITESH BALU GAIKWAD,99.0786301,,92.67,87.2,0,NORMAL,
524,EN26422883,MAYANK KAILASHCHAND TOTALA,99.0786301,99.9655397,90.0,96.2,0,NORMAL,
525,EN26287839,CHIRAG CHEERANTAN DAS,99.0786301,99.3419441,92.0,99.0,0,NORMAL,
526,EN26248065,ADITYA ANANT PIMPARKAR,99.0711046,99.5508469,88.0,95.0,0,NORMAL,
527,EN26167910,AJINKYA PRAKASH KADAM,99.0711046,99.7703029,82.33,89.6,0,NORMAL,
528,EN26398748,SIDDHESHWAR SHIVANAND MANGNALE,99.0710936,99.453012,76.33,89.8,1,LOW,JEE_vs_HSC_SSC: JEE is HIGHER than expected by 55 rank pts
529,EN26466273,TEJAS SUBHASH KAKDE,99.0704056,99.6878761,77.0,83.6,2,MEDIUM,JEE_vs_HSC_SSC: JEE is HIGHER than expected by 57 rank pts; CET_vs_HSC_SSC: CET is HIGHER than expected by 58 rank pts
530,EN26128350,SIDDHANT DYAVAPPA BIRADAR,99.0704056,99.4964257,87.0,88.5,0,NORMAL,
531,EN26268374,ARNAV BABAN PACHKAWADE,99.0704056,99.4160243,94.33,95.8,0,NORMAL,
532,EN26259804,KARTHIK JITEN PATEL,99.0701817,99.368317,87.0,96.0,0,NORMAL,
533,EN26100482,MANSI GUNASEELAN,99.0701817,99.9552711,93.67,99.6,0,NORMAL,
534,EN26288816,SAMARTH ALOK HAZARI,99.0701817,97.3971254,92.67,96.6,0,NORMAL,
535,EN26106448,AMEYA KEDAR GRAMOPADHYE,99.0698779,99.7385621,78.67,96.0,0,NORMAL,
536,EN26244535,TANMAY AJIT PAWAR,99.0698779,99.905492,92.67,96.16,0,NORMAL,
537,EN26410761,ATHARV RAGHUNATH WAYAL,99.0698779,99.5404476,88.33,91.0,0,NORMAL,
538,EN26170924,ISHAN MANISH WARGHANE,99.0685541,99.3004769,86.67,91.5,0,NORMAL,
539,EN26340228,INDRANEEL GANGULY,99.066958,,88.33,93.8,0,NORMAL,
540,EN26126562,NANDINI NITIN NAGPURE,99.063716,99.9499056,92.33,95.4,0,NORMAL,
541,EN26282286,TANMAY ANIKET JAHAGIRDAR,99.063716,99.8520506,90.33,97.0,0,NORMAL,
542,EN26173545,PARTH MANISH WALEKAR,99.0590478,99.5720617,89.67,95.16,0,NORMAL,
543,EN26383362,MOKSH SUNIL JANGID,99.0590478,99.6680946,88.0,94.2,0,NORMAL,
544,EN26439792,ADITYA AASHISHKUMAR BIRADAR,99.0560808,99.4735912,72.67,95.0,1,LOW,JEE_vs_HSC: JEE is HIGHER than expected by 56 rank pts
545,EN26466059,SHAGUN RAMJEEVAN AGRAWAL,99.0555538,,83.0,93.33,0,NORMAL,
546,EN26198932,PARTH TAPESH KUMAR GUPTA,99.0554695,99.4170641,94.33,95.83,0,NORMAL,
547,EN26139947,ABHINAV SUSHILRAO KADAM,99.0554695,44.3667268,44.33,81.4,3,HIGH,CET_vs_JEE: CET is LOWER than expected by 78 rank pts; JEE_vs_HSC: JEE is HIGHER than expected by 63 rank pts; JEE_vs_HSC_SSC: JEE is HIGHER than expected by 67 rank pts
548,EN26117366,SHIV KOUL,99.0554695,,93.67,96.33,0,NORMAL,
549,EN26481593,TUSHAR GHODKE,99.053471,99.5351622,94.67,93.33,0,NORMAL,
550,EN26414752,SWALOK SHROFF,99.0533441,99.4500584,86.0,94.4,0,NORMAL,
551,EN26346195,RUTUJA RAJENDRA DHENGLE,99.0533441,99.2799835,85.67,96.2,0,NORMAL,
552,EN26490658,SHRINIWAS ISHWARPRASAD AJMERA,99.0533441,,78.0,98.8,0,NORMAL,
553,EN26196869,CHINMAYI NITIN KOTHAVALE,99.0514569,99.8274672,94.0,99.2,0,NORMAL,
554,EN26292586,SANYAM ASHWIN DEDHIA,99.0514569,99.9807655,88.33,91.8,0,NORMAL,
555,EN26413677,PARTH SHARMA,99.0514569,99.7302694,96.67,96.4,0,NORMAL,
556,EN26264459,AAYUSH ANUP SURYAWANSHI,99.0423498,99.8031108,90.33,92.4,0,NORMAL,
557,EN26209044,NEEV CHIRAG SHAH,99.0423498,99.8933182,87.33,97.6,0,NORMAL,
558,EN26115931,AVANI RAVI PANDHARKAR,99.0423498,,96.0,97.6,0,NORMAL,
559,EN26250201,SRINATH VISWANATHAN IYER,99.0416758,99.7725841,95.67,94.16,0,NORMAL,
560,EN26226674,HARSHIT PRAVIN KHARALKAR,99.0416758,99.7829816,93.0,97.4,0,NORMAL,
561,EN26215296,SOUMIL MANGESH YADWADKAR,99.0386312,98.7055937,92.67,95.8,0,NORMAL,
562,EN26117145,SWAPNIL SAGAR GADGIL,99.0386312,99.6455995,89.67,94.4,0,NORMAL,
563,EN26171496,HET RAJESH MUNDRA,99.0386312,,96.33,98.4,0,NORMAL,
564,EN26112207,DEEPANSHU KUMAR,99.0361033,,50.67,70.14,2,MEDIUM,JEE_vs_HSC: JEE is HIGHER than expected by 62 rank pts; JEE_vs_HSC_SSC: JEE is HIGHER than expected by 67 rank pts
565,EN26236525,AANVI BAVEJA,99.0361033,99.0049751,87.0,94.0,0,NORMAL,
566,EN26292910,ANVIT MANGESH INGLE,99.033787,99.6612941,85.0,93.83,0,NORMAL,
567,EN26258208,VEDANT SATYANARAYAN KABRA,99.0336065,99.9142838,79.67,91.4,1,LOW,CET_vs_HSC_SSC: CET is HIGHER than expected by 56 rank pts
568,EN26336477,SAMANYU SUDHEESH VARRIER,99.0331406,99.3527968,83.67,97.5,0,NORMAL,
569,EN26444073,HEET SHAH,99.0331406,99.1672355,91.0,93.0,0,NORMAL,
570,EN26450976,ATHARV VIKAS MUKE,99.0331406,99.8658997,89.67,98.4,0,NORMAL,
571,EN26275804,AAYAN CHETANPRAKASH KHANDELWAL,99.0331406,99.1295073,83.33,94.4,0,NORMAL,
572,EN26306821,KRISHNA KAMAL KATARIA,99.0313262,99.2703291,98.67,97.83,0,NORMAL,
573,EN26106941,AYUSH VISHAL LIGADE,99.0311138,99.7388573,84.33,93.6,0,NORMAL,
574,EN26486569,MAHESH SHIVRAJ GUNDALE,99.0311138,97.406218,85.0,96.2,0,NORMAL,
575,EN26258709,SIDDHANT SHIVAJI JAGDALE,99.0304022,98.4223551,77.33,88.2,0,NORMAL,
576,EN26120858,AYUSH PRADEEP RAWANKAR,99.0293996,99.8498294,90.67,95.66,0,NORMAL,
577,EN26164032,YAJAT KHANDELWAL,99.0287832,99.6078431,92.0,92.8,0,NORMAL,
578,EN26253215,GARV UMESH LALWANI,99.0287832,99.6884735,88.67,92.4,0,NORMAL,
579,EN26364673,NAMAN,99.0287832,99.3515358,75.33,91.4,0,NORMAL,
580,EN26387237,MANGESH YADAV KAREWAD,99.0287224,34.2796407,42.67,88.8,3,HIGH,CET_vs_JEE: CET is LOWER than expected by 78 rank pts; JEE_vs_HSC: JEE is HIGHER than expected by 63 rank pts; JEE_vs_HSC_SSC: JEE is HIGHER than expected by 65 rank pts
581,EN26148559,DHRUV SHITALKUMAR SOMANI,99.0287224,99.548187,87.0,94.0,0,NORMAL,
582,EN26361788,VIGHANESH RAMGONDA PATIL,99.0198457,99.7302694,90.33,94.2,0,NORMAL,
583,EN26110043,ARKADIP BHAUMIK,99.017529,99.3305769,97.33,98.8,0,NORMAL,
584,EN26467246,ARNAV PRASHANT KULKARNI,99.0133787,98.3243876,75.67,97.16,0,NORMAL,
585,EN26404047,PATIL SATVIK SUHAS,99.0068916,99.9260485,77.0,89.6,2,MEDIUM,CET_vs_HSC: CET is HIGHER than expected by 58 rank pts; CET_vs_HSC_SSC: CET is HIGHER than expected by 64 rank pts
586,EN26278871,NACHIKET MAHESH BAVISKAR,99.0046554,99.8919378,92.0,98.2,0,NORMAL,
587,EN26339918,UTKARSH VISHNU BANAITKAR,99.0046554,99.6337257,84.67,90.8,0,NORMAL,
588,EN26341515,KALP DHARMESH MEHTA,99.0025502,99.7437988,83.67,96.28,0,NORMAL,
589,EN26124741,ARYA ANIL MATHAI,99.0025502,99.8803597,84.33,97.8,0,NORMAL,
590,EN26243805,JAY KRUPAL BARCHHA,99.001803,99.335246,71.67,95.66,1,LOW,JEE_vs_HSC: JEE is HIGHER than expected by 56 rank pts
591,EN26253305,VARAD RAJU HALLUR,99.0018009,99.9187423,96.67,97.0,0,NORMAL,
592,EN26455882,VAIBHAV SAI CHITTIMALLI,99.0006443,99.6654576,95.0,91.2,0,NORMAL,
593,EN26288904,AASHUTOSH AKSHAY MULAY,98.9994971,99.530649,80.0,98.2,0,NORMAL,
594,EN26365182,SUYOG SUDHIR AMRUTKAR,98.9994971,99.5411076,83.0,97.0,0,NORMAL,
595,EN26433769,ATULYA JAIN,98.9994971,99.7894103,92.33,96.5,0,NORMAL,
596,EN26363245,ARNAV JAGDISH WARAD,98.9994971,99.6348123,86.0,96.0,0,NORMAL,
597,EN26302771,ISHAAN ABHIJEET MAHABALESHWARKAR,98.9986009,99.9081434,94.0,93.5,0,NORMAL,
598,EN26177638,GAYATRI SURESH KARAD,98.9975176,99.7363595,86.67,97.0,0,NORMAL,
599,EN26157376,KESHWANI SOMYA MURLI,98.9975176,99.6884735,86.33,91.0,0,NORMAL,
600,EN26307266,SHLOK PUSHKAR PALEKAR,98.9958074,,85.33,96.66,0,NORMAL,
601,EN26100804,SWARAJ SATISH JAMALE,98.9958074,,73.0,96.0,0,NORMAL,
602,EN26333157,ATHARVA SANDEEP THITE,98.9958074,99.4247803,77.33,94.4,0,NORMAL,
603,EN26195958,DAKSH KISHOR SHAHANE,98.9958074,99.1045706,89.0,96.66,0,NORMAL,
604,EN26299484,ARYA RAVINDRA DESHMUKH,98.9940649,99.3685902,98.33,98.16,0,NORMAL,
605,EN26304036,AARUSH ANIMISH PAVATE,98.9938098,99.4247803,84.0,97.2,0,NORMAL,
606,EN26341198,AMEY ASHOK PANDE,98.9911185,99.9499711,92.67,93.8,0,NORMAL,
607,EN26114289,JIYA RAJENDRA BAGDIYA,98.9894448,99.9044781,94.0,97.2,0,NORMAL,
608,EN26180504,NISHANT AMOL KULKARNI,98.9894448,99.8094364,92.0,96.0,0,NORMAL,
609,EN26348014,VIVAAN HIREN DHAKAN,98.9894448,99.80979,92.0,88.33,0,NORMAL,
610,EN26104746,KHUSH CHETAN KOLI,98.9785992,63.9535342,51.33,81.2,3,HIGH,CET_vs_JEE: CET is LOWER than expected by 76 rank pts; JEE_vs_HSC: JEE is HIGHER than expected by 62 rank pts; JEE_vs_HSC_SSC: JEE is HIGHER than expected by 66 rank pts
611,EN26179309,KRISHNA NILESH KHUTLE,98.9785992,99.3029676,83.67,94.4,0,NORMAL,
612,EN26124884,RAHUL SURYAKANT THAKUR,98.9785157,99.8039833,85.0,90.8,0,NORMAL,
613,EN26133969,SAUMIT SANJAY KRIPALANI,98.9785157,99.7374777,76.67,95.0,0,NORMAL,
614,EN26453091,LOHARE ATHARVA SANTOSH,98.9779813,99.0024152,76.33,96.8,0,NORMAL,
615,EN26158306,ANSH DEEPA SUBRAMANIAN,98.9779813,99.5864762,79.67,98.4,0,NORMAL,
616,EN26279522,SAMARTH YADAV PATE,98.9750799,99.6078431,79.67,90.8,0,NORMAL,
617,EN26215403,KAVISH KAUSHIK GALA,98.9750799,99.9346807,94.67,98.0,0,NORMAL,
618,EN26135624,SAANVI SHARMA,98.9750799,99.0639786,94.0,96.6,0,NORMAL,
619,EN26336063,MEET RANDHIR KORANE,98.9730383,99.8422774,80.0,92.6,0,NORMAL,
620,EN26182877,ANANYA SAHAY,98.9730383,98.612814,95.0,97.2,0,NORMAL,
621,EN26339560,SHAUNAK MANDAR DESHPANDE,98.9730383,99.3285322,94.33,95.33,0,NORMAL,
622,EN26352169,ALOK JAGDISH RATHOD,98.972926,98.297856,83.67,88.4,0,NORMAL,
623,EN26167624,VIRAJ SACHIN GAIKWAD,98.972926,99.7809882,80.0,97.16,0,NORMAL,
624,EN26168449,MOHAMMAD TABIQUE,98.972926,99.3358064,92.67,96.83,0,NORMAL,
625,EN26242610,SARVADNYA BHUSHAN PATIL,98.9726474,99.8577575,75.0,88.6,3,HIGH,CET_vs_HSC: CET is HIGHER than expected by 60 rank pts; JEE_vs_HSC_SSC: JEE is HIGHER than expected by 56 rank pts; CET_vs_HSC_SSC: CET is HIGHER than expected by 65 rank pts
626,EN26486830,SRUSHTI DATTAPRASAD CHAVAN,98.9697654,99.2048201,79.0,93.0,0,NORMAL,
627,EN26106056,SMIT MAHESH NIKAM,98.9697654,99.5871181,91.0,99.2,0,NORMAL,
628,EN26246700,CHARVI CHANDRASHEKHAR MARATHE,98.9694759,99.4488606,93.0,97.0,0,NORMAL,
629,EN26444155,AKHADE HIMANSHU ABHISHEK,98.9694759,99.5895601,82.67,96.4,0,NORMAL,
630,EN26299250,LAKSH BHARAT PAMECHA,98.9694759,99.950224,91.67,95.0,0,NORMAL,
631,EN26383311,TAKALE HARSHAD ANIL,98.9694759,97.510102,79.0,86.5,0,NORMAL,
632,EN26194207,TANUJ SACHIN SADAWARTE,98.9680717,99.7582933,85.33,96.4,0,NORMAL,
633,EN26413794,HARSH KRUNALKUMAR PATEL,98.9669221,98.8016073,87.67,94.8,0,NORMAL,
634,EN26157787,PARSHVI AMIT BHANDARI,98.9652072,99.873718,96.67,99.0,0,NORMAL,
635,EN26110174,SARVESH ATUL MENDULE,98.9652072,99.8001998,85.0,96.2,0,NORMAL,
636,EN26340931,KALPAK NILESH SARANGDHAR,98.9652072,99.7550895,90.33,97.33,0,NORMAL,
637,EN26286855,MEET HITENDRA JAIN,98.9610451,99.7201365,92.0,92.8,0,NORMAL,
638,EN26381361,YASH RAMESH GORE,98.9601805,99.0001766,87.67,88.16,0,NORMAL,
639,EN26489866,YASH GANESH WANJARI,98.9601805,99.4646981,95.0,95.0,0,NORMAL,
640,EN26383118,AASHI JAIN,98.9504915,99.8891946,95.0,96.16,0,NORMAL,
641,EN26100865,AVANEESH GARVESH KUNDER,98.9504915,99.3449399,93.67,98.2,0,NORMAL,
642,EN26262945,SAARTH TUSHAR SHAH,98.9484429,99.7446515,87.67,95.16,0,NORMAL,
643,EN26168555,NINAD RAHUL LODAYA,98.9484429,99.3667343,87.0,95.3,0,NORMAL,
644,EN26150060,VISHAL VIJAY GAWANDE,98.9475082,99.3416992,89.67,92.8,0,NORMAL,
645,EN26404549,KUNAL SANTOSH KADAM,98.9475082,97.8729143,73.33,94.83,0,NORMAL,
646,EN26168663,VARAD DAYANAND SHIVSHIVKAR,98.9475082,55.3743463,41.67,66.6,3,HIGH,CET_vs_JEE: CET is LOWER than expected by 76 rank pts; JEE_vs_HSC: JEE is HIGHER than expected by 62 rank pts; JEE_vs_HSC_SSC: JEE is HIGHER than expected by 67 rank pts
647,EN26141765,SUDHIRLAL KANHAIYALAL MOURYA,98.946358,,46.0,75.6,2,MEDIUM,JEE_vs_HSC: JEE is HIGHER than expected by 62 rank pts; JEE_vs_HSC_SSC: JEE is HIGHER than expected by 66 rank pts
648,EN26190782,JIDNYASA SACHIN PATIL,98.946358,99.5411076,87.0,97.4,0,NORMAL,
649,EN26434797,KUNAL BALASAHEB MORE,98.946358,99.518323,95.33,94.0,0,NORMAL,
650,EN26260496,LISHAAN ANAND,98.9427149,99.9191841,89.33,97.6,0,NORMAL,
651,EN26159312,SHREYAS VINODRAO SARDESHMUKH,98.9427149,99.5760466,84.0,96.6,0,NORMAL,
652,EN26188120,SAMARTH TAMANNA PATIL,98.9427149,99.7173644,85.33,95.2,0,NORMAL,
653,EN26367481,ARYA SHARAD SHELKE,98.9421206,99.7591522,85.33,93.6,0,NORMAL,
654,EN26168349,SAAHIL SAMIR WAGHU,98.941038,99.8564445,83.33,98.83,0,NORMAL,
655,EN26173894,NALLANI CHAKRAVARTHULA ANANTA SIDDHARTH,98.9400625,,92.33,89.0,0,NORMAL,
656,EN26144109,VIRENDRA CHELLANI,98.9400625,,56.33,64.2,2,MEDIUM,JEE_vs_HSC: JEE is HIGHER than expected by 61 rank pts; JEE_vs_HSC_SSC: JEE is HIGHER than expected by 66 rank pts
657,EN26200268,SAHISHNU PAL,98.9400625,99.7385081,88.33,97.0,0,NORMAL,
658,EN26223605,SHREESH SANTHOSH SHETTY,98.9373537,99.7353406,81.33,97.33,0,NORMAL,
659,EN26121618,SUHRUD SACHIN CHODANKAR,98.9373537,99.1839813,90.67,94.66,0,NORMAL,
660,EN26229387,VEDANT GUPTA,98.9373537,99.5079824,86.0,94.2,0,NORMAL,
661,EN26256370,RONAK PANKAJ BAHETI,98.9360135,99.9035159,84.33,91.2,0,NORMAL,
662,EN26258101,AYUSHMAN AGNIHOTRI,98.9360135,99.8420578,88.67,93.0,0,NORMAL,
663,EN26119848,ANANYA PANKAJ DETROJA,98.9360135,99.8178319,95.33,98.6,0,NORMAL,
664,EN26204808,RUSHIL DILIP SOLANKI,98.9360135,98.9382574,84.33,97.8,0,NORMAL,
665,EN26210917,VIRAJ VAIBHAV PAWAR,98.9324723,99.6691671,89.0,96.2,0,NORMAL,
666,EN26305379,SINGH SHUBHAM SUDARSHAN,98.9324723,98.6002947,89.33,95.6,0,NORMAL,
667,EN26252238,KAUSTUBH PRABHAKAR KOLHE,98.9309173,99.3030124,87.33,90.0,0,NORMAL,
668,EN26268113,ANANYA VAIBHAV PATEL,98.9292816,99.7669265,89.0,97.4,0,NORMAL,
669,EN26408911,VARAD SUNIL MAKODE,98.9292816,99.9425991,87.0,93.33,0,NORMAL,
670,EN26378734,ARYAN HITESH MISHRA,98.9292816,99.335246,93.0,95.16,0,NORMAL,
671,EN26272802,AARYAN MANODAYA SHIRODKAR,98.9292816,99.3685902,94.0,98.16,0,NORMAL,
672,EN26463432,AAHI KHANDELWAL,98.924715,98.7389218,95.0,97.8,0,NORMAL,
673,EN26288837,CHINMAYI SACHIN MANGOLI,98.924715,99.7617439,92.0,96.5,0,NORMAL,
674,EN26226390,VAIBHAV RAVIKANT SURKAR,98.9245169,99.3979391,88.33,92.4,0,NORMAL,
675,EN26188606,SUSHANT SHANKAR GIRI,98.9245169,99.5394239,85.67,96.2,0,NORMAL,
676,EN26226394,ARYAVEER PRATAP SINGH,98.9245169,99.4150471,96.0,96.16,0,NORMAL,
677,EN26206234,ADITYA PRADEEP NAMBIAR,98.9245169,99.2048201,88.33,94.4,0,NORMAL,
678,EN26204579,OM UMESH NAGPURE,98.9239678,99.8242396,90.0,95.4,0,NORMAL,
679,EN26123786,TEJAS VIKAS KARANDIKAR,98.9239678,99.6484642,94.67,94.0,0,NORMAL,
680,EN26450964,JADHAV OM BHAGWAN,98.9239678,99.2404354,80.0,88.2,0,NORMAL,
681,EN26250900,MANAN RAVI LEKHRAJANI,98.9239678,99.6714361,87.33,94.5,0,NORMAL,
682,EN26157620,JAYADITYA CHOUDHARY,98.9202841,64.5293156,43.67,91.8,3,HIGH,CET_vs_JEE: CET is LOWER than expected by 75 rank pts; JEE_vs_HSC: JEE is HIGHER than expected by 62 rank pts; JEE_vs_HSC_SSC: JEE is HIGHER than expected by 61 rank pts
683,EN26270982,ADITYA DILIPKUMAR PATIL,98.9202841,99.6230044,77.33,96.4,0,NORMAL,
684,EN26337090,ADIL ALAUDDIN MANDAL,98.9170352,99.6857298,85.67,96.66,0,NORMAL,
685,EN26283538,ATHARV MANISH KALE,98.9170352,,93.33,97.4,0,NORMAL,
686,EN26109275,SWAYAM ROHIT GAVANKAR,98.9170352,97.7942456,88.33,94.4,0,NORMAL,
687,EN26254320,AVANISH ANAND THAKUR,98.9141188,99.8754185,90.0,95.66,0,NORMAL,
688,EN26357982,AMAN SHAH,98.9141188,99.4643752,90.0,94.5,0,NORMAL,
689,EN26299855,GHATULE SANKETT SAKHARAM,98.9141188,99.1743055,76.67,89.8,0,NORMAL,
690,EN26179506,TANISHQ PREMCHAND RAJPUT,98.9117975,98.9878776,73.33,83.6,1,LOW,JEE_vs_HSC_SSC: JEE is HIGHER than expected by 58 rank pts
691,EN26283800,SWAYAM PRADEEP GIDDE,98.9117975,99.7310382,84.0,95.2,0,NORMAL,
692,EN26386760,YUVRAJ BALASAHEB PATIL,98.9108533,99.7128307,82.33,95.2,0,NORMAL,
693,EN26224055,ADITYA RAMPRATAP YADAV,98.9108533,99.6884735,91.33,96.0,0,NORMAL,
694,EN26370295,ATHARV PRAKASH BORATE,98.9108533,99.7298445,81.67,89.8,0,NORMAL,
695,EN26418543,LEKH RAJESH GOYANKA,98.9108533,99.4061378,92.0,92.4,0,NORMAL,
696,EN26270090,JOSHHUA JAMES MENEZZES,98.9091539,99.7582933,83.33,90.2,0,NORMAL,
697,EN26119652,ATHARVA ANAND MANKESHWAR,98.9085659,99.4677796,92.67,95.0,0,NORMAL,
698,EN26321040,MAHIR MITESH SHAH,98.9066973,99.703287,91.33,91.28,0,NORMAL,
699,EN26295105,ADWAY VIJAY SHINDE,98.9066973,99.2533719,95.33,97.83,0,NORMAL,
700,EN26335449,ARYAN PRASANNA SANJEKAR,98.9047541,97.8188113,81.0,94.0,0,NORMAL,
701,EN26410819,ADITEYA ASHWINIKUMAR SAPATE,98.9047541,99.8913086,94.33,95.2,0,NORMAL,
702,EN26359973,PARTH PRASHANT REWALKAR,98.9047541,99.1062802,78.67,97.4,0,NORMAL,
703,EN26258428,JAYANT MUKESH BALANI,98.9047541,99.7379677,95.0,97.4,0,NORMAL,
704,EN26179589,KRISHANG ANAND JOSHI,98.8992684,99.6929809,83.67,92.16,0,NORMAL,
705,EN26303879,SAMARTH AJIT PATIL,98.8992684,99.2474239,85.0,99.0,0,NORMAL,
706,EN26158181,ALPHA NISHITH DASH,98.8989756,99.267874,88.33,95.66,0,NORMAL,
707,EN26364982,ANVI ASHOKRAO INAMDAR,98.8989756,99.7498557,83.0,100.0,0,NORMAL,
708,EN26394762,RISHAB KALRA,98.8983309,99.0189208,86.0,84.0,0,NORMAL,
709,EN26278221,RAMA MANDAR JOSHI,98.8938851,99.9652657,86.67,98.4,0,NORMAL,
710,EN26233251,ATHARVA UDAY CHAUDHARI,98.8884682,99.5286265,87.0,95.83,0,NORMAL,
711,EN26331824,VEDANT MAHESH KOTHAWADE,98.8884682,99.707542,75.67,97.0,0,NORMAL,
712,EN26428687,RANVEER RITESH MIRAJKAR,98.8882454,98.843665,71.33,89.2,2,MEDIUM,JEE_vs_HSC: JEE is HIGHER than expected by 55 rank pts; JEE_vs_HSC_SSC: JEE is HIGHER than expected by 58 rank pts
713,EN26109850,JUZER EBRAHIM KAPASI,98.8882454,99.9384497,82.0,96.33,0,NORMAL,
714,EN26134157,HARMAN HARSHAL RANE,98.8872519,99.7385081,84.33,91.66,0,NORMAL,
715,EN26232297,SHIVAM PRADIP PHULPAGARE,98.8816583,99.4824017,91.0,96.16,0,NORMAL,
716,EN26220657,SIDDHANTH SAMIR SAVOOR,98.8790882,99.9572998,91.67,95.6,0,NORMAL,
717,EN26247138,HITESH RAJESH KUMAWAT,98.8790882,99.2534423,72.0,93.8,0,NORMAL,
718,EN26241552,ARCHAN RAJESH PATIL,98.8790882,99.7614537,88.67,98.5,0,NORMAL,
719,EN26446616,RASHI SATISH JAISINGHANI,98.8790882,99.6089049,87.0,96.8,0,NORMAL,
720,EN26266670,DNYANRAJ YUVARAJ PATIL,98.8760083,99.5066825,74.33,94.2,0,NORMAL,
721,EN26255686,SHARVARI ABHIJIT PONKSHE,98.8760083,99.8250647,86.33,98.0,0,NORMAL,
722,EN26370851,SHIVHAR GANGADHAR NUCCHE,98.8760083,98.3371048,61.33,91.6,2,MEDIUM,JEE_vs_HSC: JEE is HIGHER than expected by 59 rank pts; JEE_vs_HSC_SSC: JEE is HIGHER than expected by 59 rank pts
723,EN26457899,YASH NITIN DATIR,98.870935,99.8643148,89.33,97.83,0,NORMAL,
724,EN26284524,ARYAN SUNIL JAGTAP,98.870935,99.9338161,95.0,98.4,0,NORMAL,
725,EN26371663,MAHESH DHANWANT BHOSALE,98.8667664,98.847481,84.0,96.6,0,NORMAL,
726,EN26278801,NEERAJ ANIL MANUNGADE,98.8667664,99.3660169,94.0,96.5,0,NORMAL,
727,EN26105158,RAJDEEP PRADEEP JAWALKAR,98.8665478,99.8573566,93.67,95.0,0,NORMAL,
728,EN26389233,AISHWARYA PRASHANT CHAVHAN,98.8665478,99.2703291,92.33,95.0,0,NORMAL,
729,EN26266937,PARV KAPADIA,98.8645914,99.5198831,84.33,91.16,0,NORMAL,
730,EN26256536,SHANAY ASHWIN MANTRI,98.8645914,99.4539249,82.67,95.0,0,NORMAL,
731,EN26176394,AJINKYA VIJAYKUMAR ADAKE,98.8645914,99.7742232,81.33,96.33,0,NORMAL,
732,EN26118828,SUDHENDU SANDEEP PANDIT,98.8645824,99.7716086,86.0,92.6,0,NORMAL,
733,EN26236163,PRATHAMESH GIRISH KATTI,98.8634496,98.7096527,91.0,92.8,0,NORMAL,
734,EN26398190,ADITYA KHANDERAO HOLKAR,98.8630837,99.4371482,70.67,95.2,1,LOW,JEE_vs_HSC: JEE is HIGHER than expected by 55 rank pts
735,EN26427231,MOHIT HARISHCHANDRA VEER,98.8612531,27.147084,46.0,77.2,3,HIGH,CET_vs_JEE: CET is LOWER than expected by 77 rank pts; JEE_vs_HSC: JEE is HIGHER than expected by 61 rank pts; JEE_vs_HSC_SSC: JEE is HIGHER than expected by 65 rank pts
736,EN26129009,NEEL MANOJ GOKHALE,98.8608533,99.8694287,87.67,98.0,0,NORMAL,
737,EN26318777,RANVEER GARGI,98.8584081,,84.67,91.4,0,NORMAL,
738,EN26174750,ARPIT KARTIK PRAJAPATI,98.8569266,98.775117,84.67,93.0,0,NORMAL,
739,EN26181993,EASHAN MANISH TAGALPALLEWAR,98.8569266,99.372715,66.33,89.16,3,HIGH,JEE_vs_HSC: JEE is HIGHER than expected by 58 rank pts; JEE_vs_HSC_SSC: JEE is HIGHER than expected by 60 rank pts; CET_vs_HSC_SSC: CET is HIGHER than expected by 55 rank pts
740,EN26147238,AYUSH SUNILKUMAR MISHRA,98.8569266,99.9185225,78.33,91.6,2,MEDIUM,CET_vs_HSC: CET is HIGHER than expected by 56 rank pts; CET_vs_HSC_SSC: CET is HIGHER than expected by 58 rank pts
741,EN26165234,SAMYAK VERMA,98.8521797,99.6765758,83.33,92.85,0,NORMAL,
742,EN26397685,OM HARI METKARI,98.8521797,99.8274672,86.33,93.2,0,NORMAL,
743,EN26490218,SHREEJA NANDY,98.8521797,99.6886152,94.67,98.2,0,NORMAL,
744,EN26375061,UTKARSH NETAJI DHAVAN,98.8485018,99.8315804,98.44,95.16,0,NORMAL,
745,EN26293252,SARTHAK TRIPATHI,98.8485018,99.8292853,91.0,95.0,0,NORMAL,
746,EN26417529,SHRIRAM ANIL GADEKAR,98.8485018,99.4478951,79.0,97.4,0,NORMAL,
747,EN26293465,HARSHIL ASHISH MEHTA,98.8458312,98.8613195,88.67,97.5,0,NORMAL,
748,EN26171803,ATHARVA YOGESH TADAS,98.8458312,99.2794112,94.33,98.0,0,NORMAL,
749,EN26337123,ANANYA SUDHAKAR PATIL,98.8453334,98.8658108,74.0,95.2,0,NORMAL,
750,EN26102451,VEDANG MILIND BIDKAR,98.8440496,99.9359909,93.67,97.4,0,NORMAL,
751,EN26120095,ARNAV PATEL,98.8440496,98.3477163,98.67,98.33,0,NORMAL,
752,EN26219970,PARTH GAJANAN DHOTE,98.8384918,99.2967602,84.67,95.6,0,NORMAL,
753,EN26183920,MALHAR SANDEEP JAGTAP,98.8384918,98.7235067,90.0,96.16,0,NORMAL,
754,EN26391008,HARSHAL VIJAY PAWAR,98.8384918,99.2782017,86.0,96.5,0,NORMAL,
755,EN26232114,VAISHNAV NEPAL TARHEKAR,98.8381179,99.3527968,89.67,98.83,0,NORMAL,
756,EN26279629,PREYANSH SANJAY DESHMUKH,98.8381179,99.7857034,94.0,97.6,0,NORMAL,
757,EN26333956,CHAITANYA BALASAHEB KADAM,98.8344699,98.6704553,80.0,99.2,0,NORMAL,
758,EN26384076,MEET DINESH RAJPAL,98.8344699,99.8179845,88.33,94.6,0,NORMAL,
759,EN26108061,ADITYA GANESH BALAWADE,98.8330073,99.9751076,92.33,97.2,0,NORMAL,
760,EN26178364,ISHMEET SACHDEV,98.8330073,,89.0,93.0,0,NORMAL,
761,EN26273620,YASH SUBHASH KAPGATE,98.8309282,99.7742232,83.0,95.0,0,NORMAL,
762,EN26133686,RAVI SHIVARAM KAKDE,98.8309282,99.5484616,74.67,95.0,0,NORMAL,
763,EN26242243,AAYUSH ABHIJEET GULVE,98.8288514,99.2887877,73.67,93.33,0,NORMAL,
764,EN26112355,INDORE SAI SAMBHAJI,98.8288514,92.4480361,62.67,95.4,2,MEDIUM,CET_vs_JEE: CET is LOWER than expected by 67 rank pts; JEE_vs_HSC: JEE is HIGHER than expected by 59 rank pts
765,EN26225336,ARYAN NARENDRA MORE,98.8231216,99.750837,95.0,94.6,0,NORMAL,
766,EN26481174,AAYUSH DEEPAK JAIN,98.8220913,99.5336943,83.0,93.4,0,NORMAL,
767,EN26338347,SUMEDHA MAHESH KULKARNI,98.8208481,99.0892392,86.0,100.0,0,NORMAL,
768,EN26249780,ABHISHEK HANUMANT PANDHARKAR,98.8198893,99.7282705,78.33,93.33,0,NORMAL,
769,EN26198033,MAHI CHINTAN SHAH,98.8198893,99.7268706,95.0,97.83,0,NORMAL,
770,EN26251430,SHATAKSHIT KUSHAL PATIL,98.8198893,99.2434663,92.67,95.4,0,NORMAL,
771,EN26105646,KRUSHNA ABHIJIT CHATARE,98.817469,99.7147586,70.33,94.8,3,HIGH,CET_vs_HSC: CET is HIGHER than expected by 61 rank pts; JEE_vs_HSC: JEE is HIGHER than expected by 55 rank pts; CET_vs_HSC_SSC: CET is HIGHER than expected by 55 rank pts
772,EN26186966,STEFFIN SANTOSH JOHN,98.8128729,99.4960569,90.67,94.66,0,NORMAL,
773,EN26360413,PUSHKAR SANTOSH BELGAMWAR,98.8128729,99.0212323,89.0,93.8,0,NORMAL,
774,EN26185829,AAQUIB ABDUL JAVED,98.8128729,99.763208,91.0,94.2,0,NORMAL,
775,EN26173321,NIRVAN PORWAL,98.8103066,99.0049751,91.33,96.33,0,NORMAL,
776,EN26230133,DEEP SUNIL KSHIRSAGAR,98.8051877,,73.67,96.0,0,NORMAL,
777,EN26108380,DARAWADE VEDANT NILESH,98.8030844,99.0189208,92.0,95.6,0,NORMAL,
778,EN26129917,RIYA ROHAN SHETH,98.7963865,98.5909613,87.33,98.2,0,NORMAL,
779,EN26107083,YOHAN ARNOLD COLACO,98.7963865,99.6859903,93.33,96.66,0,NORMAL,
780,EN26466764,RAHUL SURESH SHINDE,98.7963865,99.5376121,91.0,97.8,0,NORMAL,
781,EN26328607,HRIDAY JUNEJA,98.7963865,99.7128307,95.33,99.16,0,NORMAL,
782,EN26361376,ISHAAN KIRANKUMAR YADAV,98.7945306,99.957906,95.33,96.0,0,NORMAL,
783,EN26182776,MOIN APPALAL KHURUSE,98.7945306,99.3975192,88.0,91.4,0,NORMAL,
784,EN26144540,MAYUR UMESH TAWARI,98.7945306,99.0737525,79.0,95.4,0,NORMAL,
785,EN26167532,ADITYA PAWAN KUMAR GUPTA,98.7904708,98.953411,95.0,97.83,0,NORMAL,
786,EN26344008,KESHAV SHARMA,98.7904708,99.2123846,88.33,93.8,0,NORMAL,
787,EN26214908,KUSHAL MANOJKUMAR BORA,98.7904708,98.451797,86.0,94.6,0,NORMAL,
788,EN26291007,MOHAMMED HUZEFA HASSAN,98.7858567,,92.72,100.0,0,NORMAL,
789,EN26135858,PRABHAV GAUTAM,98.7805506,,98.56,96.0,0,NORMAL,
790,EN26386672,VEDANT DIPAK MAHORE,98.7805506,99.712889,84.67,96.0,0,NORMAL,
791,EN26457249,KRISHNA YADAV,98.7803916,,83.0,89.83,0,NORMAL,
792,EN26479330,LAD NISHANT ABHAY,98.7803916,,75.0,90.4,0,NORMAL,
793,EN26388498,ARPIT SANDIP LOKHANDE,98.7757752,99.6562127,90.67,92.4,0,NORMAL,
794,EN26170708,SHIVAM SINGHAL,98.7754632,99.8566553,90.0,92.16,0,NORMAL,
795,EN26271847,SHARDUL SACHIN MANDLIK,98.7754632,99.8178319,82.67,95.4,0,NORMAL,
796,EN26247747,ARIHA NIKUNJ SHAH,98.7722886,99.8520506,95.67,98.4,0,NORMAL,
797,EN26249501,ADITYA RATNAKAR JADHAV,98.7722886,99.436897,81.67,97.0,0,NORMAL,
798,EN26458882,PALLAVI SUDAM DANGAL,98.7722886,99.1326609,91.67,96.83,0,NORMAL,
799,EN26239801,ASHUTOSH DHANANJAY TOKEKAR,98.7717588,,82.0,95.66,0,NORMAL,
800,EN26266752,ISHAN YATIN KARKHANIS,98.7717588,99.5079824,78.67,93.66,0,NORMAL,
801,EN26103481,RHUTUJA GAJANAN KHARCHE,98.7693738,99.8693614,93.67,93.6,0,NORMAL,
802,EN26417627,SHREYANSH MANISH SONI,98.7693738,99.5936526,82.0,90.5,0,NORMAL,
803,EN26171474,AYUSH ANIL MUDHALE,98.7692815,99.6807599,71.67,92.66,2,MEDIUM,CET_vs_HSC: CET is HIGHER than expected by 58 rank pts; CET_vs_HSC_SSC: CET is HIGHER than expected by 57 rank pts
804,EN26249751,AYUSH VIKAS KAVADE,98.7692815,98.9210775,78.0,94.4,0,NORMAL,
805,EN26182432,SHINDE KUNAL MANIKRAO,98.7692815,99.2197704,75.33,96.4,0,NORMAL,
806,EN26182864,UJJAWAL YOGESH GOYAL,98.7692815,99.5767918,93.33,97.8,0,NORMAL,
807,EN26411882,AARADHYA BAGLA,98.767661,,84.0,88.0,0,NORMAL,
808,EN26296213,DHANYA RAMNARAYANAN,98.767661,,94.67,97.0,0,NORMAL,
809,EN26115725,ROHAN ULHAS PINJARKAR,98.767661,99.1945392,97.56,95.5,0,NORMAL,
810,EN26409127,JANHAVI MAHESH SANDUR,98.767661,99.6583984,83.67,95.4,0,NORMAL,
811,EN26224195,SUDHANSHU SANJAY AJGAONKAR,98.7623655,99.7188507,94.0,98.2,0,NORMAL,
812,EN26132870,RAJAS KUSURKAR,98.7623655,99.8516163,96.67,96.83,0,NORMAL,
813,EN26274480,ASAD ALI FIRDOS ALI SELIA,98.7623655,93.8303342,51.33,89.6,3,HIGH,CET_vs_JEE: CET is LOWER than expected by 65 rank pts; JEE_vs_HSC: JEE is HIGHER than expected by 60 rank pts; JEE_vs_HSC_SSC: JEE is HIGHER than expected by 61 rank pts
814,EN26154395,GITE AARUSH AMOL,98.7623655,99.6811356,84.0,92.66,0,NORMAL,
815,EN26296263,SHUBHAM VADODARIYA,98.7623655,99.6811356,85.0,91.0,0,NORMAL,
816,EN26339187,BANAJ KULEEN SHARMA,98.7602657,99.7988496,82.67,94.0,0,NORMAL,
817,EN26235395,SHARDUL ANIL RANDIVE,98.7602657,99.9107628,78.33,94.2,2,MEDIUM,CET_vs_HSC: CET is HIGHER than expected by 55 rank pts; CET_vs_HSC_SSC: CET is HIGHER than expected by 53 rank pts
818,EN26386713,SAMBODHI NILESH INGOLE,98.7553303,99.9400078,58.67,80.8,4,HIGH,CET_vs_HSC: CET is HIGHER than expected by 76 rank pts; JEE_vs_HSC: JEE is HIGHER than expected by 59 rank pts; JEE_vs_HSC_SSC: JEE is HIGHER than expected by 63 rank pts; CET_vs_HSC_SSC: CET is HIGHER than expected by 82 rank pts
819,EN26139944,CHAUDHARI KRISHNA NARENDRA,98.7553303,99.2052023,77.33,94.8,0,NORMAL,
820,EN26210529,TANMAY AGRAWAL,98.7545124,98.2635235,78.67,97.0,0,NORMAL,
821,EN26391951,KARTIK GUPTA,98.7545124,,69.67,60.0,2,MEDIUM,JEE_vs_HSC: JEE is HIGHER than expected by 55 rank pts; JEE_vs_HSC_SSC: JEE is HIGHER than expected by 61 rank pts
822,EN26337818,GUDUR RUCHITA SATYANAND,98.7545124,99.9346807,87.0,95.6,0,NORMAL,
823,EN26134050,SHRIYA BHOPALKAR,98.7545124,99.5906412,92.67,95.83,0,NORMAL,
824,EN26480332,SOMYA MOTLANI,98.7545124,99.4772864,91.67,95.4,0,NORMAL,
825,EN26158706,MALHAR ARUN SARDESHMUKH,98.7544933,99.5291575,78.67,92.8,0,NORMAL,
826,EN26346304,DAKSH NAVIN HASWANI,98.7544933,99.7969997,95.0,96.4,0,NORMAL,
827,EN26181304,KOLI GANESH SUNIL,98.7544933,99.0750853,76.0,95.33,0,NORMAL,
828,EN26334539,SHARDUL ABHAY AWATE,98.7519919,99.0639786,73.67,94.0,0,NORMAL,
829,EN26303899,MEET ANKIT CHHEDA,98.7519919,99.8178443,98.67,99.33,0,NORMAL,
830,EN26129616,RUTVIJ DHIRAJ AGATE,98.7519919,99.4857025,91.67,97.0,0,NORMAL,
831,EN26224623,MOHAMMED HAMZAH GHAZANFAR ANSARI,98.7503321,44.5569356,47.0,72.6,3,HIGH,CET_vs_JEE: CET is LOWER than expected by 76 rank pts; JEE_vs_HSC: JEE is HIGHER than expected by 60 rank pts; JEE_vs_HSC_SSC: JEE is HIGHER than expected by 64 rank pts
832,EN26240332,RONAK RAMESH MANANDHAR,98.7503321,99.2052023,93.0,94.4,0,NORMAL,
833,EN26413270,MUNDADA ISHAN,98.7503321,99.9036609,93.33,96.4,0,NORMAL,
834,EN26287598,SOHAM SHASHIKANT MHASKAR,98.7503321,76.3286018,77.33,86.0,1,LOW,CET_vs_JEE: CET is LOWER than expected by 73 rank pts
835,EN26234711,ISHAN MILIND PATIL,98.7497292,98.935393,87.0,93.5,0,NORMAL,
836,EN26187492,ANUSHKA MOHTA,98.7497292,99.3554861,87.0,96.66,0,NORMAL,
837,EN26431797,PATIL PIYUSH RAJENDRA,98.749571,99.4145109,86.67,89.0,0,NORMAL,
838,EN26128762,ARUSH SINGH RAWAT,98.7477251,99.6230044,87.67,90.66,0,NORMAL,
839,EN26374705,PRASEED NITYANAND BHAT,98.7477251,99.7147586,85.67,97.16,0,NORMAL,
840,EN26150118,VED RAJESH MARDA,98.7425418,99.8376681,87.33,98.0,0,NORMAL,
841,EN26275079,SPANDAN VINAYAKRAO KADAM,98.7425418,99.5446196,87.67,95.6,0,NORMAL,
842,EN26161733,SIDDHANT SHAILENDRA VERLEKAR,98.7425418,99.1067363,86.33,96.7,0,NORMAL,
843,EN26222378,VARAD SHANTARAM KATKADE,98.7425418,99.1440399,75.67,96.0,0,NORMAL,
844,EN26230776,TAWARI KISHAN ATUL,98.7425418,98.4993421,89.0,96.2,0,NORMAL,
845,EN26266404,HARSH ANIL DARAK,98.7416995,99.4168392,83.0,95.2,0,NORMAL,
846,EN26296962,MOKSH NIKUNJ SOLANKI,98.736815,99.8253173,90.0,95.4,0,NORMAL,
847,EN26150985,ARHAN ABHINANDAN GUJAR,98.736815,99.6765758,82.0,95.2,0,NORMAL,
848,EN26390613,TANMAY SAGAR SAKORE,98.7339667,96.7550691,62.67,80.2,2,MEDIUM,JEE_vs_HSC: JEE is HIGHER than expected by 58 rank pts; JEE_vs_HSC_SSC: JEE is HIGHER than expected by 62 rank pts
849,EN26208316,OM AKASH TALPELLIWAR,98.7339667,99.2069983,98.89,95.6,0,NORMAL,
850,EN26407597,SANJYOG SANJAY SINHA,98.7332643,99.2298181,87.67,93.8,0,NORMAL,
851,EN26131037,RISHAB RATNESH SINGH,98.7332643,98.2385756,79.0,74.5,0,NORMAL,
852,EN26368834,PARTH PAREEK,98.7332643,99.7006726,84.33,95.0,0,NORMAL,
853,EN26241862,MUSTKIM FAIYAZ MAHAT,98.7332643,99.7668518,82.33,95.6,0,NORMAL,
854,EN26311758,YATHARTH PRABHAKAR PINGE,98.7332643,98.8270624,88.33,93.16,0,NORMAL,
855,EN26116417,TANISH YATIN SHAH,98.7320359,99.6872207,82.67,94.2,0,NORMAL,
856,EN26100435,MD SAQUIB YASIN SHAIKH,98.7320359,99.2740965,77.67,93.2,0,NORMAL,
857,EN26255345,AADI SWANAND BHANEJ,98.7320359,99.8879042,80.67,96.2,0,NORMAL,
858,EN26239875,PARTH JATIN PATEL,98.7315409,99.7282714,91.33,97.0,0,NORMAL,
859,EN26294849,SHIVAM VINOD MALPANI,98.7315409,99.7922677,92.0,95.6,0,NORMAL,
860,EN26317278,KAVISH MANISH MEHTA,98.7309531,99.5053877,93.33,96.8,0,NORMAL,
861,EN26185946,SHREYA SANTOSH KSHIRSAGAR,98.7267232,99.6682782,91.67,97.66,0,NORMAL,
862,EN26462848,ROHAN RAJEEV BANERJEE,98.7215971,99.7282714,93.33,96.8,0,NORMAL,
863,EN26108372,MOHIT RUNGTA,98.7214015,99.6081322,95.33,96.0,0,NORMAL,
864,EN26140492,MEDINI HARISH GOWDA,98.7170071,81.6656822,57.67,83.8,3,HIGH,CET_vs_JEE: CET is LOWER than expected by 71 rank pts; JEE_vs_HSC: JEE is HIGHER than expected by 58 rank pts; JEE_vs_HSC_SSC: JEE is HIGHER than expected by 62 rank pts
865,EN26161775,DEBADWAR VENKATESH GOVINDRAO,98.7147276,99.1512886,72.33,90.0,0,NORMAL,
866,EN26176938,AVANISH SUDHIR MALI,98.7147276,99.8274466,86.33,97.4,0,NORMAL,
867,EN26363413,NEEV KAVISH SHARMA,98.7108526,99.7446515,96.67,99.2,0,NORMAL,
868,EN26199102,VENKATESH ARYA MEDEPALLI,98.7108526,99.8796631,93.67,94.16,0,NORMAL,
869,EN26150662,PRANJALIE PADMANABH THAKURDESAI,98.7108526,99.5910529,93.0,98.6,0,NORMAL,
870,EN26412354,KRISHNA DINESH PATIL,98.7108526,61.2510322,44.33,78.83,3,HIGH,CET_vs_JEE: CET is LOWER than expected by 74 rank pts; JEE_vs_HSC: JEE is HIGHER than expected by 60 rank pts; JEE_vs_HSC_SSC: JEE is HIGHER than expected by 64 rank pts
871,EN26357965,SHREYANSH JAIN,98.7108526,99.7057484,93.33,97.33,0,NORMAL,
872,EN26330780,YESHIL ARVIND BOGA,98.7108526,99.5616324,89.0,98.5,0,NORMAL,
873,EN26390150,EKADE KETAK RAVIKANT,98.7086035,99.6691671,85.0,92.2,0,NORMAL,
874,EN26376645,SARTHAK VITTHAL DHAYGUDE,98.7086035,97.9285523,74.0,91.2,0,NORMAL,
875,EN26338210,SHAURYA JIGAR PARIKH,98.7086035,99.9230285,94.33,93.57,0,NORMAL,
876,EN26276671,AYUSH AMOL AMRITKAR,98.7069937,93.8059643,68.0,87.4,3,HIGH,CET_vs_JEE: CET is LOWER than expected by 65 rank pts; JEE_vs_HSC: JEE is HIGHER than expected by 56 rank pts; JEE_vs_HSC_SSC: JEE is HIGHER than expected by 59 rank pts
877,EN26489803,ASHISH SINGH,98.706217,,83.67,91.6,0,NORMAL,
878,EN26180345,AQUDAS MOIN,98.706217,99.0273038,90.0,68.6,0,NORMAL,
879,EN26176444,ABHINAV ASHOK TILEKAR,98.7042777,99.4614349,84.67,92.6,0,NORMAL,
880,EN26157966,ALOK YOGESH DESHMUKH,98.7042777,99.7936726,91.0,95.6,0,NORMAL,
881,EN26337617,ARNAV AVINASH MAHAMUNI,98.6961782,98.9118452,93.33,96.5,0,NORMAL,
882,EN26225110,BANDI RITESH,98.6961782,99.6884735,95.0,94.33,0,NORMAL,
883,EN26248254,PUSHKAR MOHANTY,98.6957434,99.4605388,88.0,96.8,0,NORMAL,
884,EN26292231,ARYAN JAYANT DESALE,98.6957434,95.1283815,79.0,92.5,1,LOW,CET_vs_JEE: CET is LOWER than expected by 61 rank pts
885,EN26154578,AASHWARYA SURENDRA JAIN,98.694663,99.515364,74.0,86.4,2,MEDIUM,JEE_vs_HSC_SSC: JEE is HIGHER than expected by 55 rank pts; CET_vs_HSC_SSC: CET is HIGHER than expected by 55 rank pts
886,EN26448998,CHAVDA NISARG NIRANJAN,98.694663,99.4283995,71.33,94.4,0,NORMAL,
887,EN26338404,VAISHNAVI GUPTA,98.6913644,98.8016073,90.33,96.5,0,NORMAL,
888,EN26403420,ADWAIT AJAY CHINCHOLKAR,98.690888,99.8516163,77.33,95.2,1,LOW,CET_vs_HSC: CET is HIGHER than expected by 55 rank pts
889,EN26207859,TABISH VASIM PATEL,98.690888,99.7206487,76.67,90.0,1,LOW,CET_vs_HSC_SSC: CET is HIGHER than expected by 56 rank pts
890,EN26344999,SHRITEJ GURUDEV VADNERE,98.690888,99.4784557,92.67,96.0,0,NORMAL,
891,EN26157527,NEIL JASON PACHECO,98.690888,99.7562268,92.0,98.2,0,NORMAL,
892,EN26279324,AKSHAD LALIT RATHI,98.6885295,99.3264576,89.67,93.0,0,NORMAL,
893,EN26431331,VEDANT RAJENDRA POTE,98.6885295,99.2404354,90.67,91.2,0,NORMAL,
894,EN26138562,RAJ YOGESH DOSHI,98.6879963,99.8424652,89.67,98.33,0,NORMAL,
895,EN26466061,SAUD SHAKIL ANSARI,98.6879963,99.4157162,89.0,90.16,0,NORMAL,
896,EN26108230,RAJ NILESH PATEL,98.6879963,99.1591592,79.33,95.4,0,NORMAL,
897,EN26301984,SARVESH RAHUL JOSHI,98.6879963,99.4736033,73.0,94.0,0,NORMAL,
898,EN26194487,DESAI RUDRA ANUP,98.6879963,99.1512886,76.33,94.4,0,NORMAL,
899,EN26206121,NEMANE ADITYA BABASAHEB,98.6826272,97.9647599,82.0,91.0,0,NORMAL,
900,EN26449310,YASHVARDHAN KHOKHAR,98.6804142,,89.67,92.6,0,NORMAL,
901,EN26264934,ISHAN AJAY FULBANDHE,98.6804142,99.6253523,90.33,95.4,0,NORMAL,
902,EN26159573,ANSHUL AMOL KHANDEKAR,98.6762558,99.6185118,90.33,92.8,0,NORMAL,
903,EN26398325,RUSHANK RAVINDRA WANKHEDE,98.6760797,99.3340235,91.0,94.2,0,NORMAL,
904,EN26317243,SHREYAS RAJENDRAKUMAR BHAMBURE,98.6760797,99.7385081,87.0,94.2,0,NORMAL,
905,EN26220299,AARJU RAFIK NADAF,98.6760797,99.8001998,84.67,96.2,0,NORMAL,
906,EN26309135,ANISH RAJNISH PURANIK,98.6760797,98.0447413,92.33,92.8,0,NORMAL,
907,EN26231100,MAYANK PORWAL,98.6760797,98.1734676,93.0,95.5,0,NORMAL,
908,EN26219094,LAKSHYA AMIT AGRAWAL,98.6728738,98.8698563,88.33,95.6,0,NORMAL,
909,EN26216770,SAYALI NANDKISHOR AHER,98.6703742,,88.0,76.0,0,NORMAL,
910,EN26144195,NAVNIT N. KUMAR SAW,98.6703742,92.2402421,47.0,75.6,3,HIGH,CET_vs_JEE: CET is LOWER than expected by 67 rank pts; JEE_vs_HSC: JEE is HIGHER than expected by 59 rank pts; JEE_vs_HSC_SSC: JEE is HIGHER than expected by 64 rank pts
911,EN26244473,HEMAKSHI KUMAR,98.6703742,98.3816163,96.67,96.33,0,NORMAL,
912,EN26169973,DHIRAJ RAMRAO SHINDE,98.6703742,99.8422774,83.33,94.66,0,NORMAL,
913,EN26416826,ADITYA SATISH SHARMA,98.6703742,99.2197704,86.0,93.5,0,NORMAL,
914,EN26179853,BHOOMI DILIP MITKARI,98.6688621,99.3729563,91.67,97.0,0,NORMAL,
915,EN26276903,DRON PURUSHOTTAM LAGAD,98.666004,98.5196099,81.33,87.6,0,NORMAL,
916,EN26106580,SIDDHANT GUPTA,98.666004,99.2177086,93.33,90.83,0,NORMAL,
917,EN26394536,JAGTAP MRUNAL GANESH,98.666004,99.3004769,76.0,95.8,0,NORMAL,
918,EN26161890,MAHESH ARJUN BANDICHODE,98.6652549,88.1120509,60.0,91.0,3,HIGH,CET_vs_JEE: CET is LOWER than expected by 69 rank pts; JEE_vs_HSC: JEE is HIGHER than expected by 58 rank pts; JEE_vs_HSC_SSC: JEE is HIGHER than expected by 58 rank pts
919,EN26483367,SANSKRUTI VINAYAK JAMDADE,98.6652549,99.8966191,87.67,98.8,0,NORMAL,
920,EN26360321,RAJ GANESH MISHRA,98.6636654,99.6091136,96.67,98.14,0,NORMAL,
921,EN26194609,SIYA BANSAL,98.6575371,99.7594475,91.33,89.16,0,NORMAL,
922,EN26378940,UTKARSHA RAVINDRA KAKULATE,98.6575371,99.302904,84.67,97.6,0,NORMAL,
923,EN26173408,PARV TEJAS SHAH,98.6575371,99.6230044,80.33,97.0,0,NORMAL,
924,EN26333527,RAJWARDHAN NARAYAN SANGAR,98.6575371,99.2693873,90.33,94.6,0,NORMAL,
925,EN26210015,DHRUV NILESH MEHTA,98.6527027,99.9307559,92.33,94.0,0,NORMAL,
926,EN26165013,ADHARSH RAMANATHAN,98.6523359,99.6455995,97.67,98.6,0,NORMAL,
927,EN26362479,SANIKA DHIRENDRA KARANDE,98.6523359,99.6549344,82.33,99.2,0,NORMAL,
928,EN26349871,JANHAVI ANIRUDHA KABRA,98.6523359,99.3275256,84.67,96.6,0,NORMAL,
929,EN26111855,ABHINEET LANDGE,98.648776,99.7128307,92.0,89.94,0,NORMAL,
930,EN26174307,AVNISH PRAVIN KHADKE,98.648776,99.6680946,88.67,95.83,0,NORMAL,
931,EN26363782,PRATHAMESH DHANANJAY MALI,98.648776,99.5755694,93.33,97.16,0,NORMAL,
932,EN26322206,JAYKUMAR VIJAY TAPDIYA,98.6477819,99.0131125,78.0,97.4,0,NORMAL,
933,EN26176152,YASH JANARDHAN DESHMUKH,98.6477819,99.1830123,76.67,89.0,0,NORMAL,
934,EN26234268,YAJAT VIPIN GUPTA,98.6477819,98.2659628,76.67,96.8,0,NORMAL,
935,EN26161267,DEVANSH RAINA,98.6477819,,87.67,97.28,0,NORMAL,
936,EN26324807,KETAKI NILA,98.6477819,,94.56,94.2,0,NORMAL,
937,EN26399500,SHIVPRATAP VIJAYKUMAR MAURYA,98.6477819,,74.0,78.0,1,LOW,JEE_vs_HSC_SSC: JEE is HIGHER than expected by 56 rank pts
938,EN26145965,DARSHAN KAMLAKAR PATIL,98.6459137,99.2693873,92.0,91.6,0,NORMAL,
939,EN26428577,SHRINIWAS JAGANNATH JAMGE,98.6459137,99.797209,85.33,96.8,0,NORMAL,
940,EN26350680,SHARDUL VAIBHAV GODBOLE,98.6459137,99.1264191,88.33,95.2,0,NORMAL,
941,EN26374287,RUSHIKA KESHAV PUND,98.6459137,96.3008972,76.0,94.2,0,NORMAL,
942,EN26237019,ASHLESHA MUKESH KAGANE,98.6428822,99.0131125,82.67,95.6,0,NORMAL,
943,EN26145499,RUDRA SHIVRAM GUPTA,98.6428822,98.7857913,86.33,93.8,0,NORMAL,
944,EN26155997,AARAV GOVIND SHARMA,98.6428822,99.4168392,91.33,91.6,0,NORMAL,
945,EN26119725,DHIRAJ SANDEEP DHANGAR,98.6398694,99.4701349,85.0,93.8,0,NORMAL,
946,EN26370946,PARV NAREN SHAH,98.6398694,99.6517679,93.0,98.42,0,NORMAL,
947,EN26318407,ARYAJEET SACHIN WAKCHAURE,98.6398694,98.205248,54.67,78.8,2,MEDIUM,JEE_vs_HSC: JEE is HIGHER than expected by 58 rank pts; JEE_vs_HSC_SSC: JEE is HIGHER than expected by 62 rank pts
948,EN26484353,SAHAJ PRATIK MEHTA,98.6320215,99.5915061,77.67,98.2,0,NORMAL,
949,EN26352179,GANESH BABASO PATIL,98.6318389,99.8884401,82.33,89.0,1,LOW,CET_vs_HSC_SSC: CET is HIGHER than expected by 53 rank pts
950,EN26206878,HARSHAD BAJRANG PATIL,98.6318389,98.570253,80.0,94.4,0,NORMAL,
951,EN26141567,ABHYUDAY SUDHIR DAMALE,98.6318389,99.6091136,73.33,91.83,1,LOW,CET_vs_HSC_SSC: CET is HIGHER than expected by 54 rank pts
952,EN26434593,SIDDIQUI MOHAMMED ASHER MOHAMMED AYUB,98.626695,99.7565021,75.33,94.4,1,LOW,CET_vs_HSC: CET is HIGHER than expected by 56 rank pts
953,EN26170329,RIDDHAN SAMIR MAHINDRE,98.626695,99.8879042,88.0,96.2,0,NORMAL,
954,EN26205453,PRATHAM ABHAY SHAH,98.626695,99.8344896,88.0,98.16,0,NORMAL,
955,EN26414822,AMAN YADAV,98.62656,,48.33,89.16,2,MEDIUM,JEE_vs_HSC: JEE is HIGHER than expected by 59 rank pts; JEE_vs_HSC_SSC: JEE is HIGHER than expected by 60 rank pts
956,EN26366451,SANKET SANJAY KAMLAPURE,98.62656,99.6340419,87.33,100.0,0,NORMAL,
957,EN26374612,MULE JIVAN PRAMOD,98.62656,99.6009661,76.0,93.33,0,NORMAL,
958,EN26271823,SHIV BHARGAV DAVE,98.62656,99.5185695,81.33,93.4,0,NORMAL,
959,EN26116915,PRANAV RAJESH YEWALE,98.62656,99.5404476,90.0,96.8,0,NORMAL,
960,EN26353598,NISHANT SATISH ASWAR,98.6246161,99.518323,86.0,97.0,0,NORMAL,
961,EN26260624,HRIDOY DEBASHISH ROY,98.6237976,99.8666947,66.67,92.4,3,HIGH,CET_vs_HSC: CET is HIGHER than expected by 70 rank pts; JEE_vs_HSC: JEE is HIGHER than expected by 55 rank pts; CET_vs_HSC_SSC: CET is HIGHER than expected by 69 rank pts
962,EN26160370,PANDEY SIDDHI SANJEEV,98.6237976,,55.33,91.4,2,MEDIUM,JEE_vs_HSC: JEE is HIGHER than expected by 58 rank pts; JEE_vs_HSC_SSC: JEE is HIGHER than expected by 58 rank pts
963,EN26398995,SAKSHI DAJIBA NAKADE,98.6223274,94.9146711,75.67,94.4,1,LOW,CET_vs_JEE: CET is LOWER than expected by 61 rank pts
964,EN26386659,SANKALP SANTOSH KOMPALWAR,98.6223274,99.4982935,74.33,89.8,0,NORMAL,
965,EN26129623,VARDHAN SAGAR PAWAR,98.6223274,99.8263286,85.0,94.6,0,NORMAL,
966,EN26172493,ARYA SHANKAR PATIL,98.6223274,99.3034408,71.0,97.16,0,NORMAL,
967,EN26365024,SARVADNYA VIVEK PATANGE,98.6223274,85.9765355,62.67,85.0,3,HIGH,CET_vs_JEE: CET is LOWER than expected by 70 rank pts; JEE_vs_HSC: JEE is HIGHER than expected by 57 rank pts; JEE_vs_HSC_SSC: JEE is HIGHER than expected by 60 rank pts
968,EN26142350,RIDDHISH KUMAR BARANWAL,98.6213259,99.5720617,76.67,90.5,0,NORMAL,
969,EN26337042,SUMIT SUJIT SHIRURE,98.6213259,99.6078431,75.33,95.83,0,NORMAL,
970,EN26220258,CHINMAY UMESH SURYAWANSHI,98.6213259,99.7010986,83.33,97.4,0,NORMAL,
971,EN26393817,AARYAN MANOJKUMAR NARVEKAR,98.6168114,99.4701349,94.67,95.2,0,NORMAL,
972,EN26128746,ADITYA NILESH KALE,98.6168114,99.4778157,85.67,88.33,0,NORMAL,
973,EN26409733,YOGESHWARI SUNIL LAD,98.6168114,99.0471821,86.67,96.8,0,NORMAL,
974,EN26287081,ADITYA RAVINDRA DESHMUKH,98.61434,99.9130223,93.33,95.8,0,NORMAL,
975,EN26193941,SHUBENDU KUMAR,98.61434,,79.0,90.6,0,NORMAL,
976,EN26385975,GOURAV SIDDHARAM PHATATE,98.61434,99.0189208,72.67,94.0,0,NORMAL,
977,EN26339048,ATHARV MAHESHKUMAR TIRTHKAR,98.61434,99.1591592,86.33,97.2,0,NORMAL,
978,EN26105709,PRADITYA ADITYA SHRIVASTAVA,98.6133934,99.8906024,96.67,99.33,0,NORMAL,
979,EN26159054,ADITYA PRAVIN SOLANKI,98.6130709,99.4416984,88.33,99.4,0,NORMAL,
980,EN26179855,SAARTHAK RATNAKAR SAWANT,98.6130709,99.8807004,85.33,96.2,0,NORMAL,
981,EN26292712,VASMALE ATHARVA SUDARSHAN,98.6130709,,95.0,95.2,0,NORMAL,
982,EN26243388,RIYA JIGNESH THAKKAR,98.6117478,99.4920502,94.67,97.33,0,NORMAL,
983,EN26119465,ISHAAN RAHUL OKE,98.6117478,99.8754185,88.33,95.16,0,NORMAL,
984,EN26464452,RIDDHISH PANKAJ GANGANE,98.6117478,99.7358876,96.0,96.33,0,NORMAL,
985,EN26285565,VARAD SUDHIR LAHANE,98.6077407,99.1791202,81.33,96.2,0,NORMAL,
986,EN26302146,SARTHAK SITARAM PADIR,98.6077407,66.0913492,46.0,80.6,3,HIGH,CET_vs_JEE: CET is LOWER than expected by 73 rank pts; JEE_vs_HSC: JEE is HIGHER than expected by 59 rank pts; JEE_vs_HSC_SSC: JEE is HIGHER than expected by 62 rank pts
987,EN26120731,ASHIVA HARESHIVA LADWA,98.6016676,67.458483,57.33,81.6,3,HIGH,CET_vs_JEE: CET is LOWER than expected by 73 rank pts; JEE_vs_HSC: JEE is HIGHER than expected by 57 rank pts; JEE_vs_HSC_SSC: JEE is HIGHER than expected by 61 rank pts
988,EN26278487,NAMEESH KALPESH JOSHI,98.6016676,99.4643752,85.33,92.4,0,NORMAL,
989,EN26341059,HARSH NARESH TARANI,98.6016676,99.4646981,95.0,96.83,0,NORMAL,
990,EN26347660,SIDDHI SANTOSH HARALE,98.6016676,99.2374051,88.33,95.8,0,NORMAL,
991,EN26456474,HIMANSHU BHATT,98.6009723,,83.67,92.83,0,NORMAL,
992,EN26315502,KRISHNA MAHENDRA ADSOD,98.5996055,99.5328194,76.33,92.6,0,NORMAL,
993,EN26173520,AARYAN SINGH,98.5996055,99.6501295,85.33,97.0,0,NORMAL,
994,EN26285914,KRISH RAJESHWAR CHAVHAN,98.5943336,99.4701349,86.67,97.4,0,NORMAL,
995,EN26229608,HIYA JAIN,98.5943336,98.8107514,92.67,99.0,0,NORMAL,
996,EN26427592,KESHAV,98.5943336,,88.67,84.6,0,NORMAL,
997,EN26296414,RAUNAK SACHIN NAHAR,98.5943336,99.6937792,94.33,93.6,0,NORMAL,
998,EN26232014,SIDDHESH NANDU WAGH,98.5894176,86.8832732,67.33,84.2,2,MEDIUM,CET_vs_JEE: CET is LOWER than expected by 69 rank pts; JEE_vs_HSC_SSC: JEE is HIGHER than expected by 59 rank pts
999,EN26112708,VEDANT,98.5859724,,52.33,79.5,2,MEDIUM,JEE_vs_HSC: JEE is HIGHER than expected by 58 rank pts; JEE_vs_HSC_SSC: JEE is HIGHER than expected by 62 rank pts
1000,EN26354077,GAWATE SOPAN RAJENDRA,98.5859724,99.2887877,91.0,95.28,0,NORMAL,
1001,EN26327454,ARYAN GUPTA,98.5859724,99.608286,90.33,97.5,0,NORMAL,
1002,EN26107587,ARYAN RAJENDRA GUPTA,98.5833308,,70.67,90.0,0,NORMAL,
1003,EN26385478,VISHESH NIRALA,98.5833308,99.6293749,89.0,96.8,0,NORMAL,
1004,EN26418854,PARTH PRAVIN AGRAWAL,98.5833308,97.6170884,80.67,96.8,0,NORMAL,
1005,EN26198693,N CHETHAN RAJ,98.5767203,99.4451773,86.67,96.6,0,NORMAL,
1006,EN26112137,FREYA KALPESH MENDAPARA,98.5743823,99.8803597,80.33,92.33,0,NORMAL,
1007,EN26170074,ADITYA PRADIP KURIAN,98.5743823,99.5185695,90.0,93.45,0,NORMAL,
1008,EN26149268,LOKHANDE PUSHKAR GANESH,98.5743823,99.5583161,84.67,95.6,0,NORMAL,
1009,EN26167114,NEIL ARPIT MAIRA,98.5735332,99.295478,91.67,95.5,0,NORMAL,
1010,EN26117058,NACHIKET MURALIDHAR PATIL,98.5725849,99.3890785,87.0,90.6,0,NORMAL,
1011,EN26415390,REHAN ASLAM SANADI,98.5725849,98.8989816,89.0,94.8,0,NORMAL,
1012,EN26249601,PARTH PRADEEP AWARI,98.5725849,99.5760466,92.0,96.0,0,NORMAL,
1013,EN26316870,SHRIYA GANESH PATIL,98.5707051,99.6763131,79.0,97.6,0,NORMAL,
1014,EN26196794,PATEL NISARG RAKESHKUMAR,98.5707051,99.4436032,87.67,94.0,0,NORMAL,
1015,EN26235525,HARSHVARDHAN ATUL PATIL,98.5707051,99.2794112,83.67,91.5,0,NORMAL,
1016,EN26407187,KARAD GANESH MARUTI,98.5707051,99.5350803,87.0,97.0,0,NORMAL,
1017,EN26410861,GAURAV RAVINDRA HELODE,98.5707051,99.8615118,83.67,95.0,0,NORMAL,
1018,EN26342931,TANISHKA MARUTI TATHE,98.5706065,99.6081322,87.0,96.5,0,NORMAL,
1019,EN26316486,SHRIPAD SANJAY KAGWADE,98.5706065,99.0374182,98.33,96.33,0,NORMAL,
1020,EN26102259,AARRUSH AGARWAL,98.5706065,99.6181735,79.67,95.83,0,NORMAL,
1021,EN26202231,ARJUN PRAKASH,98.5706065,,94.0,95.66,0,NORMAL,
1022,EN26110915,MAHEK DINESH PATEL,98.5706065,98.7472209,84.33,96.66,0,NORMAL,
1023,EN26259006,DARSH RAGHAV SHETTY,98.5677958,99.797209,78.67,92.6,0,NORMAL,
1024,EN26245296,LAKSHMEESHA K,98.5677958,,52.0,75.8,2,MEDIUM,JEE_vs_HSC: JEE is HIGHER than expected by 58 rank pts; JEE_vs_HSC_SSC: JEE is HIGHER than expected by 62 rank pts
1025,EN26161535,MAYANK SHARAD AGARWAL,98.5677958,99.8385509,87.33,85.77,0,NORMAL,
1026,EN26255646,ANIKET SHAMRAO SHINDE,98.5677958,99.6185118,87.33,95.4,0,NORMAL,
1027,EN26411157,PRANSHU AMIT KULKARNI,98.5633104,99.5497069,88.67,95.83,0,NORMAL,
1028,EN26104279,APPROVA NANDAN SHUKLA,98.5633104,,65.0,87.8,2,MEDIUM,JEE_vs_HSC: JEE is HIGHER than expected by 55 rank pts; JEE_vs_HSC_SSC: JEE is HIGHER than expected by 58 rank pts
1029,EN26203596,OJAS UNMESH PAI,98.5633104,99.8662693,98.0,99.16,0,NORMAL,
1030,EN26171146,GAURAV SAMEER ARAS,98.5633104,99.8871841,92.0,97.8,0,NORMAL,
1031,EN26335641,DAKSH NEERAJ SUKOLE,98.558485,99.750837,99.0,96.2,0,NORMAL,
1032,EN26233005,VEDANSH JAISWAL,98.5578691,98.5669073,92.33,92.33,0,NORMAL,
1033,EN26329928,DEVYANI VIKRAM DESAI,98.5578691,98.6313993,89.67,98.66,0,NORMAL,
1034,EN26180480,SOUMYA PANDA,98.5578691,98.4993421,94.33,98.16,0,NORMAL,
1035,EN26184339,SATVIK PRAMOD DIWANE,98.5552656,99.2298181,93.33,94.0,0,NORMAL,
1036,EN26255025,VIBHUTI DEVEN KHAKHAR,98.5552656,99.6887728,85.67,96.33,0,NORMAL,
1037,EN26284571,ADITYA VIJAY SABALE,98.5552656,99.4612563,88.33,93.4,0,NORMAL,
1038,EN26212773,ARJUN NARAYAN MANE,98.5480592,99.7201365,78.0,95.0,0,NORMAL,
1039,EN26430172,VISHWESH BHIMASHANKAR KHEDKAR,98.5480592,97.9274077,72.33,72.66,1,LOW,JEE_vs_HSC_SSC: JEE is HIGHER than expected by 57 rank pts
1040,EN26108596,TANISH SUMAN,98.5480592,,51.33,76.0,2,MEDIUM,JEE_vs_HSC: JEE is HIGHER than expected by 58 rank pts; JEE_vs_HSC_SSC: JEE is HIGHER than expected by 62 rank pts
1041,EN26288037,ARYA DILIP SATAV,98.5480592,99.8031108,90.67,99.0,0,NORMAL,
1042,EN26402297,SURYAWANSHI PRAJWAL PRALHAD,98.5480592,99.4283995,74.33,94.8,0,NORMAL,
1043,EN26164743,JEENAM PREMAL DOSHI,98.546233,88.1120509,64.0,93.4,2,MEDIUM,CET_vs_JEE: CET is LOWER than expected by 69 rank pts; JEE_vs_HSC: JEE is HIGHER than expected by 55 rank pts
1044,EN26336860,AROHI GAJANAN AMLAPURE,98.546233,99.530649,78.67,96.2,0,NORMAL,
1045,EN26223885,ANANYA AMIT PANDIT,98.546233,99.3965487,85.67,97.6,0,NORMAL,
1046,EN26414191,VIBHUTE SUMIT PANDURANG,98.5461162,99.1441534,73.33,82.6,1,LOW,JEE_vs_HSC_SSC: JEE is HIGHER than expected by 55 rank pts
1047,EN26358404,PRANJAL GANESH KUMAR LADDA,98.5461162,99.389234,89.67,97.0,0,NORMAL,
1048,EN26233779,AARUSH HANUMANTH KULKARNI,98.5421499,,98.0,97.6,0,NORMAL,
1049,EN26294833,ADITYA NILESH MALI,98.5421499,98.8698563,88.0,93.33,0,NORMAL,
1050,EN26478515,ISHAN RAMAKANT ALAPURE,98.5421499,99.335246,92.0,96.5,0,NORMAL,
1051,EN26479655,ADITYA YOGRAJ LANJEWAR,98.542149,99.4539249,94.0,95.4,0,NORMAL,
1052,EN26414618,MALOO SHREYAL RAJESH,98.5373819,,75.33,98.16,0,NORMAL,
1053,EN26281454,AADI VINAYAK LONKAR,98.5373819,99.8422774,92.33,95.6,0,NORMAL,
1054,EN26293352,RAJIV SHANTARAM NARAWADE,98.5373819,98.7301256,90.33,95.2,0,NORMAL,
1055,EN26203673,OMKAR DEEPAK PARHDE,98.5373819,99.8070582,82.67,97.6,0,NORMAL,
1056,EN26369960,SAMEER AMOL SHROTRI,98.5368996,99.9425661,91.67,89.2,0,NORMAL,
1057,EN26173397,AYINSH LALAN CHAUHAN,98.5368996,99.8634812,96.67,93.0,0,NORMAL,
1058,EN26209156,AMAN KUMAR SINGH,98.5354269,,46.67,84.2,2,MEDIUM,JEE_vs_HSC: JEE is HIGHER than expected by 58 rank pts; JEE_vs_HSC_SSC: JEE is HIGHER than expected by 61 rank pts
1059,EN26426888,ABHIRAJ GAJENDRA GIRASE,98.5354269,99.3030124,85.0,90.0,0,NORMAL,
1060,EN26184766,MRIDULA VERMA,98.5354269,99.2306878,88.0,96.4,0,NORMAL,
1061,EN26248090,SOHAM MILIND KULKARNI,98.5354269,99.6771018,87.67,95.6,0,NORMAL,
1062,EN26460587,OM SANTOSH CHITRANG,98.5354269,99.2102425,82.33,83.0,0,NORMAL,
1063,EN26334480,SANSITA DIXIT,98.5345351,99.5021514,96.33,97.16,0,NORMAL,
1064,EN26211058,SREEPADA VALLABH ALLURI,98.5345351,,99.78,96.6,0,NORMAL,
1065,EN26244927,JUI SIDDHESH BHADKAMKAR,98.5345351,98.7612146,86.67,96.4,0,NORMAL,
1066,EN26134816,ATHARVA PRASAD BOKIL,98.5345351,98.8016073,78.0,94.0,0,NORMAL,
1067,EN26130125,SHAURYA GUPTA,98.5313984,,89.33,94.2,0,NORMAL,
1068,EN26173666,VARUN VIJAY CHAURASIYA,98.5313984,99.6624505,95.0,97.2,0,NORMAL,
1069,EN26455933,KHUSHAL SINGH,98.5291748,,71.67,71.33,1,LOW,JEE_vs_HSC_SSC: JEE is HIGHER than expected by 57 rank pts
1070,EN26338428,KRISHNA SHAILESH BHOKRE,98.5291748,98.9382574,70.67,91.8,0,NORMAL,
1071,EN26138526,ARYAN AALOK JAIN,98.5291339,98.9010239,81.33,97.16,0,NORMAL,
1072,EN26135492,ARAV NITIN HEGDE,98.5291339,,90.67,94.8,0,NORMAL,
1073,EN26188073,SWAROOP SHRIKANT GADE,98.5232752,99.654192,85.33,95.0,0,NORMAL,
1074,EN26418400,ATHARVA YADUVENDRA SINGH,98.5177603,98.6435886,75.33,89.4,0,NORMAL,
1075,EN26237262,DIVYANSH VEDPRAKASH DUBEY,98.5177603,99.4701469,81.67,93.2,0,NORMAL,
1076,EN26291345,AARUSH SHRIDHAR UMALE,98.5137321,97.0945243,91.33,95.6,0,NORMAL,
1077,EN26175580,HEET BHARAT JAIN,98.512099,99.6293749,86.67,93.4,0,NORMAL,
1078,EN26173398,PARIKH KUSH URVISH,98.5083624,99.2320819,83.0,93.6,0,NORMAL,
1079,EN26294115,ADITYA SAGAR KHARAT,98.501917,99.5851334,75.67,93.66,0,NORMAL,
1080,EN26278217,SOMESH ASHOKRAO DESHMUKH,98.501917,99.6230044,89.0,97.0,0,NORMAL,
1081,EN26189030,RAGHAV JUGAL BHUTADA,98.501917,99.4735912,92.33,95.4,0,NORMAL,
1082,EN26265281,ARYA KUMAR,98.501917,99.7550906,93.33,97.16,0,NORMAL,
1083,EN26354374,SHARDUL NANDKISHOR KHANDARE,98.5011506,99.3416992,83.67,91.4,0,NORMAL,
1084,EN26288586,HEVYANK BHATT,98.5011506,99.8188894,92.33,97.6,0,NORMAL,
1085,EN26329771,DURGESH SANDIP PAWAR,98.5011506,98.9616221,80.67,90.2,0,NORMAL,
1086,EN26179274,ARYAN ABHIJIT KADAM,98.4984621,99.9426868,95.67,96.2,0,NORMAL,
1087,EN26139149,NEIL NILESH DANDEKAR,98.4984621,99.7173644,93.67,98.4,0,NORMAL,
1088,EN26247260,ESHAAN ROHIT SATHE,98.4984621,98.7645051,80.67,94.2,0,NORMAL,
1089,EN26446762,DARSHIL KAMLESH HIRAN,98.4970213,99.5630333,86.0,95.2,0,NORMAL,
1090,EN26219041,TISHA SANDIPKUMAR DHARANI,98.4970213,99.3168292,91.33,96.0,0,NORMAL,
1091,EN26214623,TEJRAJ RAHUL GAVALE,98.4970213,99.365046,75.67,91.4,0,NORMAL,
1092,EN26191983,AVDHOOT HEMANT DHUMAL,98.4961474,99.1183262,88.67,91.6,0,NORMAL,
1093,EN26299709,DESHMUKH PARTH ATULRAO,98.4961474,98.003413,81.67,95.83,0,NORMAL,
1094,EN26410906,RUTUJA MANGESH WAWARE,98.4961474,99.8001998,86.0,97.0,0,NORMAL,
1095,EN26334082,ADITYA VIJAY GAIKWAD,98.4892776,,47.67,62.8,2,MEDIUM,JEE_vs_HSC: JEE is HIGHER than expected by 57 rank pts; JEE_vs_HSC_SSC: JEE is HIGHER than expected by 62 rank pts
1096,EN26144777,SRUSHTI DILIP MODANI,98.4892776,98.9224553,81.33,94.83,0,NORMAL,
1097,EN26143665,TANUSH NITIN AGARWAL,98.4892776,99.098911,89.67,97.1,0,NORMAL,
1098,EN26399453,SALIL TRIPATHI,98.4892776,,88.33,95.2,0,NORMAL,
1099,EN26236819,AMEYA PRAVIN KAMAT,98.4892776,99.5616324,76.33,95.66,0,NORMAL,
1100,EN26120826,BHAVYA BHATIA,98.4855474,,78.67,87.0,0,NORMAL,
1101,EN26345386,PURVEECK NARASIMHAMURTHY SHASHIKUMAR,98.4855474,,94.33,93.6,0,NORMAL,
1102,EN26298563,DEEPTI RAVINDRA BEMBARE,98.4837361,99.0471853,75.67,96.5,0,NORMAL,
1103,EN26365718,SHRUTI VILAS BABAR,98.4837361,99.5350803,82.33,96.0,0,NORMAL,
1104,EN26246893,SHAURYA SIDDHARTH AGRAWAL,98.4837361,99.6791809,94.33,97.0,0,NORMAL,
1105,EN26367449,FALGUNI PARAG SARDA,98.4810184,99.4500584,93.67,97.33,0,NORMAL,
1106,EN26113692,AKSHAT ABHAY SINGH,98.4810184,99.762088,88.67,95.5,0,NORMAL,
1107,EN26155040,NESTER STEWART DCOSTA,98.4808042,99.825753,91.0,94.2,0,NORMAL,
1108,EN26250488,TANISHQ ANIL KADAM,98.4808042,88.986683,46.0,74.8,3,HIGH,CET_vs_JEE: CET is LOWER than expected by 68 rank pts; JEE_vs_HSC: JEE is HIGHER than expected by 57 rank pts; JEE_vs_HSC_SSC: JEE is HIGHER than expected by 62 rank pts
1109,EN26110044,UDAY GIRIDHAR DHAWAS,98.4808042,99.1542936,80.0,88.0,0,NORMAL,
1110,EN26412845,ARITRA PAL,98.4773609,,90.33,94.33,0,NORMAL,
1111,EN26358258,ADITYA CHAKRABORTY,98.4773609,,78.67,93.66,0,NORMAL,
1112,EN26169252,AMEY SUNIL JOSHI,98.4768149,99.7894103,98.33,95.0,0,NORMAL,
1113,EN26259371,SWIKRUT RAUT,98.4720376,99.5888727,86.67,94.6,0,NORMAL,
1114,EN26238800,SOUMITRA RANJIT PATIL,98.4720376,99.800896,89.0,93.0,0,NORMAL,
1115,EN26169718,ANSHUL PARAG PANVELKAR,98.4720376,99.5760466,93.33,93.5,0,NORMAL,
1116,EN26344801,PARAM DUGAR,98.4697643,99.5737953,91.0,96.0,0,NORMAL,
1117,EN26235335,AISHNI SRIVASTAVA,98.4694225,97.305038,93.67,96.4,0,NORMAL,
1118,EN26369323,PRANIL NITIN TAWDE,98.4694225,99.1295073,85.0,98.16,0,NORMAL,
1119,EN26370703,MUJTABA SHAHEIR ABDUL SAMAD,98.4694225,99.7988496,87.0,89.8,0,NORMAL,
1120,EN26289619,VEDANT PARESH SHIRUDE,98.4694225,99.8851323,82.0,95.0,0,NORMAL,
1121,EN26317496,ISHAAN MAURYA,98.4694225,99.2197704,99.0,98.8,0,NORMAL,
1122,EN26449911,NISCHAL MAHENDER VYAS,98.4694225,99.4283995,87.33,93.5,0,NORMAL,
1123,EN26205706,SRADHANJALI CHOUDHURY,98.4694225,98.0748364,87.33,98.5,0,NORMAL,
1124,EN26103476,TEJAS PATIL,98.4694225,,94.67,89.66,0,NORMAL,
1125,EN26414543,RITI SHASHIKANT SHUKLA,98.4661906,98.6956522,96.33,98.83,0,NORMAL,
1126,EN26111471,NITI SACHIN MANDOT,98.464078,99.7268706,80.0,99.33,0,NORMAL,
1127,EN26383894,KETAN SHANKAR PANMAND,98.464078,99.4088128,82.33,94.0,0,NORMAL,
1128,EN26342745,VEDANT PRAVIN WANKHADE,98.464078,99.143221,81.67,89.33,0,NORMAL,
1129,EN26414529,HARSH RAJENDRA CHAVAN,98.4632619,98.9619853,91.67,92.83,0,NORMAL,
1130,EN26271455,GAUTHAM SUBRAHMANYAN,98.4609428,98.8923623,77.33,97.4,0,NORMAL,
1131,EN26166143,TATHE RUGVED SACHIN,98.4609428,99.0374182,75.33,89.4,0,NORMAL,
1132,EN26450831,ANISH SUDHINDRA DESHPANDE,98.4609428,99.3419441,94.67,98.0,0,NORMAL,
1133,EN26206846,B P MADHU CHANDRA,98.4539068,,55.67,66.6,2,MEDIUM,JEE_vs_HSC: JEE is HIGHER than expected by 56 rank pts; JEE_vs_HSC_SSC: JEE is HIGHER than expected by 61 rank pts
1134,EN26152509,ATHARVA RAHUL PATEL,98.4539068,97.7948817,86.67,92.8,0,NORMAL,
1135,EN26390077,JAYDEEP PRAVIN BAVA,98.4539068,98.84049,80.0,93.6,0,NORMAL,
1136,EN26389252,GARUD VEDANT LAXMAN,98.4478166,99.4682537,84.67,94.6,0,NORMAL,
1137,EN26338378,ANUJ VIJAY DHAGE,98.4478166,99.5691316,84.67,94.4,0,NORMAL,
1138,EN26272477,GAURAV RAMESHWAR MUJMULE,98.4473422,99.3943022,81.0,82.8,0,NORMAL,
1139,EN26103733,DHYEY ABHISHEK TANKARIYA,98.4473422,99.6468491,91.0,96.6,0,NORMAL,
1140,EN26167846,HARSH PRATAP KAKARIA,98.4473422,99.1530508,93.33,93.6,0,NORMAL,
1141,EN26361132,ANSARI TAUSIF MOHAMMAD ALI,98.4473422,99.6118163,83.0,87.4,0,NORMAL,
1142,EN26143204,PRATHAMESH SHRIKANT NAREKAR,98.4447807,99.2148392,87.67,96.5,0,NORMAL,
1143,EN26140188,RUSHIL RAHUL PATIL,98.4447807,98.7772214,89.0,84.83,0,NORMAL,
1144,EN26118452,SAMRUDDHI PRADEEP BHATTAD,98.4447807,99.6872207,94.0,98.0,0,NORMAL,
1145,EN26161379,DHRUV VINEET KULKARNI,98.4424752,99.4735912,84.33,95.6,0,NORMAL,
1146,EN26171576,JANHVI DADASO PAWAR,98.4424752,99.4784557,88.67,99.4,0,NORMAL,
1147,EN26232627,RISHIRAJ GOPINATH KARPE,98.4424752,99.2693873,86.33,95.0,0,NORMAL,
1148,EN26114272,POTHAKAMURI NANDAN,98.4418427,99.116041,84.0,93.16,0,NORMAL,
1149,EN26128429,KIRTAN VINAY PATEL,98.4418427,99.1045706,79.0,91.33,0,NORMAL,
1150,EN26357455,ARPIT SHIVSHANKAR MESHRAM,98.4418427,62.2946352,56.67,83.0,3,HIGH,CET_vs_JEE: CET is LOWER than expected by 72 rank pts; JEE_vs_HSC: JEE is HIGHER than expected by 56 rank pts; JEE_vs_HSC_SSC: JEE is HIGHER than expected by 60 rank pts
1151,EN26199934,VARAD RAMDEV JAJU,98.4411583,99.75112,87.67,93.83,0,NORMAL,
1152,EN26460676,NILAY MAKARAND PANCHWAGH,98.4301073,99.4219653,79.0,88.2,0,NORMAL,
1153,EN26458877,KRISH,98.4301073,,94.67,92.8,0,NORMAL,
1154,EN26359114,SWARALI SARANG BHOLA,98.4287569,99.5616324,87.33,96.83,0,NORMAL,
1155,EN26312237,APPASAHEB NAMDEV GHODKE,98.4287569,99.2754384,76.67,96.0,0,NORMAL,
1156,EN26480371,ISHAN VIVEK KALE,98.4281519,,82.67,93.6,0,NORMAL,
1157,EN26121387,AKSHAY SEN SHARMA,98.4281519,99.1510977,93.67,96.2,0,NORMAL,
1158,EN26127063,PREMCHAND AMIT GANDHI,98.4281519,99.727478,76.67,97.4,0,NORMAL,
1159,EN26251407,BAJIRAO SANJAY SONTAKKE,98.4281519,98.8395904,75.0,100.0,0,NORMAL,
1160,EN26235863,ARYA NARENDRA KUKDE,98.4281519,99.6778075,70.33,96.4,1,LOW,CET_vs_HSC: CET is HIGHER than expected by 60 rank pts
1161,EN26166877,ADVAITH SUNIL NAIR,98.4253402,99.3416992,95.0,95.0,0,NORMAL,
1162,EN26299556,ANAGHA PRASHANT JOSHI,98.4253402,99.2765642,82.67,98.6,0,NORMAL,
1163,EN26111950,NAMAN VISHAL GROVER,98.4253402,,95.0,95.66,0,NORMAL,
1164,EN26391687,SHUBHAN ATUL HANDE,98.4248279,98.8788315,93.67,91.0,0,NORMAL,
1165,EN26214895,ARYA SITARAM MAPARI,98.4248279,99.5915379,81.33,97.0,0,NORMAL,
1166,EN26284971,MRINAL CHAITANYA PATIL,98.4248279,99.7610922,89.0,88.0,0,NORMAL,
1167,EN26320522,SHUKLA DAKSH,98.4248279,99.116041,94.67,98.8,0,NORMAL,
1168,EN26255517,RONOJOY ROHAN SHAH,98.4178246,99.846065,78.67,98.2,0,NORMAL,
1169,EN26167890,ANGELA SAM DANIEL,98.4178246,99.870489,95.0,99.0,0,NORMAL,
1170,EN26430439,CHAUDHARY AAYUSHI RAMCHARAN,98.4154791,99.7901924,88.33,91.0,0,NORMAL,
1171,EN26170179,SOHAM SAHA,98.413806,99.9272922,90.33,90.16,0,NORMAL,
1172,EN26207220,MOHIT SANJAY RATHI,98.413806,98.6765412,90.0,90.8,0,NORMAL,
1173,EN26430498,HARSHAWARDHAN NAVNATH GAIKWAD,98.413806,99.5508469,87.67,95.83,0,NORMAL,
1174,EN26387588,VARAD DNYANESHWAR GAVANKAR,98.413806,99.1739298,85.67,96.6,0,NORMAL,
1175,EN26392697,NEERAJ DATTATRAYA KAVITAKE,98.4130581,99.3469444,91.67,96.7,0,NORMAL,
1176,EN26281778,MALHAR VIKRAM UJJAINKAR,98.4130581,99.4478951,79.33,90.2,0,NORMAL,
1177,EN26149636,SHRAVAN PAWAN PUNPALE,98.4130581,99.2799835,86.67,97.0,0,NORMAL,
1178,EN26169450,SAHASHRA MEDIMI,98.4051389,99.7236023,90.33,98.2,0,NORMAL,
1179,EN26125116,AARYAN WARIKOO,98.4051389,98.9608845,93.0,92.8,0,NORMAL,
1180,EN26254503,MD TOFIQUE RAZA,98.4051389,98.1672355,93.33,78.2,0,NORMAL,
1181,EN26436266,MANASWI DILIP GHODAKE,98.4033452,99.3305769,89.0,94.16,0,NORMAL,
1182,EN26332725,SHRIRANG GIRISH DESAI,98.4033452,99.1997549,83.0,95.8,0,NORMAL,
1183,EN26248055,HRIDHAN DHAWAL DODAL,98.4033452,98.6300897,79.0,93.2,0,NORMAL,
1184,EN26169938,ADITYA ANIL BHIVGADE,98.4033452,99.3905516,81.67,95.6,0,NORMAL,
1185,EN26188906,AMRUTA AMOL CHOUDHARI,98.4033452,99.5066825,97.0,98.2,0,NORMAL,
1186,EN26240363,HRISHIKESH GUPTA,98.4033452,99.7188507,92.33,95.0,0,NORMAL,
1187,EN26293619,YASH DIGAMBAR DHOTE,98.4002507,99.3375962,85.67,93.4,0,NORMAL,
1188,EN26293883,ATHARVA SHAILENDRA RANAWARE,98.4002507,99.8109864,81.67,95.16,0,NORMAL,
1189,EN26233092,VED SURESH PATEL,98.3996881,99.8420099,79.33,90.8,1,LOW,CET_vs_HSC_SSC: CET is HIGHER than expected by 55 rank pts
1190,EN26419689,PHULE UTKARSH NAVNATH,98.3996881,99.4219653,81.0,96.0,0,NORMAL,
1191,EN26374473,RAJWARDHAN BABAN PAWAR,98.3996881,99.7057484,94.67,96.8,0,NORMAL,
1192,EN26301354,ROHAN JADHAV,98.3923408,99.5828869,90.67,93.6,0,NORMAL,
1193,EN26369531,VARAD VIJAY MOGHE,98.3923408,99.41195,78.67,88.83,0,NORMAL,
1194,EN26370546,RAJVEER DHIRAJ DESHMUKH,98.3923408,99.0247667,79.33,91.4,0,NORMAL,
1195,EN26157986,AARAV CHINTAMANI KAMAT,98.392336,99.8775453,75.0,96.2,1,LOW,CET_vs_HSC: CET is HIGHER than expected by 61 rank pts
1196,EN26158337,SHISHIR MANOHAR NAGULA,98.392336,99.6791809,90.0,81.66,0,NORMAL,
1197,EN26251343,SHREYASH GANESH JAGDALE,98.392336,99.0049751,72.0,94.0,0,NORMAL,
1198,EN26260388,RAJVARDHAN SANJAY PAWAR,98.392336,99.7298445,71.0,96.2,1,LOW,CET_vs_HSC: CET is HIGHER than expected by 61 rank pts
1199,EN26231333,ANMOL TIWARI,98.392336,,94.67,96.2,0,NORMAL,
1200,EN26402719,AARYAN MANGESH GAWDE,98.3889824,99.2052023,81.33,95.5,0,NORMAL,
1201,EN26176693,MAITREYA SUHAS DESHMUKH,98.3889824,99.576464,88.0,94.2,0,NORMAL,
1202,EN26487768,AAYUSH SHAH,98.3889824,,95.89,94.0,0,NORMAL,
1203,EN26119556,KRUTARTH SUMEDH SAMUDRA,98.3889824,99.6123893,78.67,91.4,0,NORMAL,
1204,EN26177200,MOHAMMED AFZAL HUSSAIN MOHAMMED AHSAN HUSSAIN,98.3859406,70.4097117,67.33,87.8,2,MEDIUM,CET_vs_JEE: CET is LOWER than expected by 71 rank pts; JEE_vs_HSC_SSC: JEE is HIGHER than expected by 55 rank pts
1205,EN26105773,PARV JIGARKUMAR PANDYA,98.3859406,99.6467055,89.0,95.6,0,NORMAL,
1206,EN26105736,ADARSH SANTOSH BEHARE,98.3859406,99.5863418,84.33,92.6,0,NORMAL,
1207,EN26385391,ARJUN ANIKET SAWANT,98.3859406,99.924305,87.67,98.5,0,NORMAL,
1208,EN26113490,TEJ HARSHAD OAK,98.3859406,99.5230525,92.67,84.71,0,NORMAL,
1209,EN26211897,VARAD KANTAPRASAD ZANWAR,98.3816699,99.3225882,83.0,91.0,0,NORMAL,
1210,EN26266965,VASUDEV V MENON,98.3816699,99.8200406,97.33,85.83,0,NORMAL,
1211,EN26254975,SUHAAN TAHIRALI KHAN,98.3816699,99.8327645,91.67,89.8,0,NORMAL,
1212,EN26211482,ANSH PAWAN BORSE,98.3816699,99.515364,82.0,95.0,0,NORMAL,
1213,EN26180281,ARYA AJIT SAIBANNAVAR,98.3816699,99.3515358,88.0,98.66,0,NORMAL,
1214,EN26374647,KRISHNA CHATURVEDI,98.3800662,99.5828869,85.67,94.0,0,NORMAL,
1215,EN26388974,RUDRAKSH MANOHAR AGLAVE,98.3800662,97.9731032,76.67,95.2,0,NORMAL,
1216,EN26368265,PRATYUSH ATUL MALWE,98.3800662,99.3890785,83.0,91.16,0,NORMAL,
1217,EN26176622,KRISHNAL ATUL MANE,98.3800662,99.4005994,91.0,97.66,0,NORMAL,
1218,EN26262542,SANCHITA VIJAY THORAT,98.3800662,97.6984554,75.33,86.8,0,NORMAL,
1219,EN26210643,VIVAAN NIKUNJ CHHEDA,98.3794774,99.6078431,83.33,97.3,0,NORMAL,
1220,EN26293346,PRANAV PRASHANT PURANIK,98.3794774,99.2474239,89.0,97.5,0,NORMAL,
1221,EN26143926,MITUL JAIN,98.3779031,,66.67,83.0,1,LOW,JEE_vs_HSC_SSC: JEE is HIGHER than expected by 57 rank pts
1222,EN26112785,DRUSHTI KAMLESH LAD,98.3779031,99.3004769,80.0,96.4,0,NORMAL,
1223,EN26334668,VEDANT NITIN TUPTEWAR,98.3779031,98.451797,71.67,86.83,0,NORMAL,
1224,EN26390980,AHAN TUSHAR WANKHEDE,98.3779031,98.935393,87.33,95.4,0,NORMAL,
1225,EN26344805,EASWAR KUMAR S,98.3779031,,84.0,92.0,0,NORMAL,
1226,EN26467202,MALHAR MANDAR RAJADHYAKSHA,98.3768091,98.6002947,84.0,90.4,0,NORMAL,
1227,EN26128605,DEVANG KIRAN BHAVSAR,98.3733295,97.0946979,75.67,92.0,0,NORMAL,
1228,EN26345745,RUGVED DATTATRAY KSHIRSAGAR,98.3733295,99.515364,80.0,93.8,0,NORMAL,
1229,EN26384428,KRISHIV GUPTA,98.3733295,,93.33,93.8,0,NORMAL,
1230,EN26160417,AAYUSH SUNIL TARAS,98.3663494,99.9359909,95.0,96.0,0,NORMAL,
1231,EN26245788,NAMAN ADESH JINTURKAR,98.3663494,99.6230044,85.0,93.2,0,NORMAL,
1232,EN26218934,MUDHOL HARSHWARDHAN DNYANESHWAR,98.3663494,97.7845891,81.0,77.0,0,NORMAL,
1233,EN26163665,HRIDAY SUSHANT PANPALIA,98.3640563,,54.33,80.83,2,MEDIUM,JEE_vs_HSC: JEE is HIGHER than expected by 55 rank pts; JEE_vs_HSC_SSC: JEE is HIGHER than expected by 59 rank pts
1234,EN26426511,MAHESH UMESHCHANDRA KAMSHETTI,98.361705,97.6811594,70.0,89.2,0,NORMAL,
1235,EN26196138,MAHEK APLESH SANGHAVI,98.361705,99.6416519,89.0,98.33,0,NORMAL,
1236,EN26152739,PRATHAMESH ANIL CHAVHAN,98.3614883,99.368317,80.33,94.6,0,NORMAL,
1237,EN26140490,MEET DIPESH SANGOI,98.3614883,99.7742232,92.0,87.81,0,NORMAL,
1238,EN26207626,SHAURYA ADITYA MISHRA,98.3614883,,67.67,89.16,0,NORMAL,
1239,EN26222223,OM BADHE,98.3614883,98.7235067,88.33,89.83,0,NORMAL,
1240,EN26233439,AADITYA VARMA,98.3614883,,88.67,94.5,0,NORMAL,
1241,EN26338905,SAACHI ARORA,98.3597824,99.8687816,92.33,98.5,0,NORMAL,
1242,EN26404110,PATANKAR SAHIL NARAYAN,98.3580773,99.478315,81.0,92.5,0,NORMAL,
1243,EN26462332,RAJAT RAJKUMAR KOLAKE,98.3580773,98.242524,77.67,87.0,0,NORMAL,
1244,EN26123954,AMAN ENGUR LALU,98.3580773,99.2975956,65.33,78.4,2,MEDIUM,JEE_vs_HSC_SSC: JEE is HIGHER than expected by 58 rank pts; CET_vs_HSC_SSC: CET is HIGHER than expected by 56 rank pts
1245,EN26436160,PHULZALKE PRATHAMESH DNYANESHWAR,98.3580773,98.6962457,74.0,96.2,0,NORMAL,
1246,EN26202515,AARUSH UMESH ZIRPE,98.3580773,95.101416,84.0,94.33,1,LOW,CET_vs_JEE: CET is LOWER than expected by 59 rank pts
1247,EN26164422,JAHNAVI SIDDHARTH PAWAR,98.3580773,99.5336943,72.33,94.8,0,NORMAL,
1248,EN26170849,AARUSH PATHAK,98.3580773,98.8054787,90.33,97.83,0,NORMAL,
1249,EN26262363,DHAWAL SHELKE,98.3515097,99.0597598,87.0,95.0,0,NORMAL,
1250,EN26267495,RAM VIJAY BORDE,98.3515097,99.4682537,85.67,94.16,0,NORMAL,
1251,EN26238423,MRUDUL GURURAJA RAO,98.3515097,98.3477163,93.67,89.2,0,NORMAL,
1252,EN26117632,ARAV PRABHAKAR,98.3503888,99.0686935,85.33,92.0,0,NORMAL,
1253,EN26448048,AMBAR DAS,98.3503888,,90.33,96.0,0,NORMAL,
1254,EN26139018,ARYA SUDHAKAR PAULZAGADE,98.3503888,,91.33,98.4,0,NORMAL,
1255,EN26146520,KARTIK SANJEEVRADDI KOPPAD,98.3485682,43.2614932,60.67,67.33,2,MEDIUM,CET_vs_JEE: CET is LOWER than expected by 73 rank pts; JEE_vs_HSC_SSC: JEE is HIGHER than expected by 59 rank pts
1256,EN26100594,PRADYUMNA VASANT PATIL,98.3485682,99.6707185,99.44,97.0,0,NORMAL,
1257,EN26462301,SOURYA DEB,98.3485682,,88.67,94.16,0,NORMAL,
1258,EN26264377,MANN KUNAL THAKKAR,98.3464706,99.1853991,88.33,98.33,0,NORMAL,
1259,EN26341885,ARNAV RAKESH DEORE,98.345435,99.7006726,96.67,97.33,0,NORMAL,
1260,EN26104486,SONALI SHARAD PANCHGALLE,98.345435,99.6456097,86.33,94.2,0,NORMAL,
1261,EN26335041,VEDANT SANTOSH RAUT,98.3412774,99.3527968,77.67,92.2,0,NORMAL,
1262,EN26129992,SACHITA SIDHARTH BHORGE,98.3366922,99.5624096,73.33,97.0,0,NORMAL,
1263,EN26286652,MAYANK BHANDARI,98.3339353,99.1235306,89.67,97.33,0,NORMAL,
1264,EN26282085,SHIVAJI RAJESH MUNGSE,98.3339353,99.4910455,78.67,98.0,0,NORMAL,
1265,EN26322582,NAVYA MAHENDRA CHARLA,98.3339353,99.0639786,84.67,96.6,0,NORMAL,
1266,EN26237615,SHABD VIJAY HEMNANI,98.3339353,99.8922455,93.33,95.2,0,NORMAL,
1267,EN26434764,JAY KHATRI,98.3339353,98.2717542,91.67,97.5,0,NORMAL,
1268,EN26279145,DANISH LONI,98.3339353,,87.33,97.66,0,NORMAL,
1269,EN26340013,PRAKHAR CHOUDHARY,98.3339353,,89.33,96.5,0,NORMAL,
1270,EN26121841,SANSKAR SANDIP TAGADE,98.3289482,99.7969997,89.67,97.0,0,NORMAL,
1271,EN26447239,AVIRAL RAJPUT,98.3270828,,84.33,98.0,0,NORMAL,
1272,EN26115191,ABHEER ASHOK PATIL,98.3270828,97.7429122,90.33,95.0,0,NORMAL,
1273,EN26105640,ARNAV VIVEK DUDGIKAR,98.3267382,99.7922677,91.33,96.8,0,NORMAL,
1274,EN26252973,MANASI SIDHARAM KORE,98.3267382,99.9020362,91.33,98.6,0,NORMAL,
1275,EN26100148,MALHAR SHRIKANT DEOKAR,98.3267382,99.1591592,80.67,96.33,0,NORMAL,
1276,EN26217280,SWAR SABOO,98.3267382,99.1045706,78.33,89.0,0,NORMAL,
1277,EN26101067,SOHAM MAHESH BAGDE,98.3227894,98.7789518,72.0,91.2,0,NORMAL,
1278,EN26175759,PRATEEK MOHANTY,98.3173191,,82.67,92.4,0,NORMAL,
1279,EN26402156,YUVAANSH SANJAY MEHTA,98.3173191,99.6976887,85.67,96.33,0,NORMAL,
1280,EN26246794,SOHAM BHUSHAN JOSHI,98.3173191,99.3569495,88.0,89.85,0,NORMAL,
1281,EN26444547,PRUTHVIRAJ PARMESHWAR KAKADE,98.3173191,99.1295073,91.0,94.0,0,NORMAL,
1282,EN26377218,ATHARV RAJENDRA REPE,98.3153881,99.8245983,90.67,95.6,0,NORMAL,
1283,EN26190977,AYUSH AMOL DEOKATE,98.3153881,99.4197952,78.33,92.2,0,NORMAL,
1284,EN26388754,ARYAN SANDIP DHARAMKAR,98.3153881,99.6091339,91.0,96.2,0,NORMAL,
1285,EN26449539,VARENYAM PATLE,98.3153881,98.5836177,98.0,94.4,0,NORMAL,
1286,EN26340386,GAUTAM VIJAY BATRA,98.3153881,99.576464,73.0,96.2,0,NORMAL,
1287,EN26458832,VANSH VIJAY,98.3106512,,95.33,96.66,0,NORMAL,
1288,EN26352875,VEDANT SANTOSH KHOLGADE,98.3105075,99.2123846,81.33,89.4,0,NORMAL,
1289,EN26110339,DARJI CHAZIEL NAVAL,98.3105075,99.7594475,91.33,95.2,0,NORMAL,
1290,EN26143561,BAHEKAR MANDAR DIPAK,98.3105075,99.6089049,83.33,93.0,0,NORMAL,
1291,EN26219137,YATHARTH RAVINDRA LADKAT,98.3045094,99.4239868,86.0,96.33,0,NORMAL,
1292,EN26174804,TANISH MANIKRAO JADHAV,98.3045094,99.7363595,83.67,94.6,0,NORMAL,
1293,EN26279524,TANMAY VILAS PATIL,98.3045094,99.7703586,83.0,97.2,0,NORMAL,
1294,EN26488827,ADITYA KASHYAP,98.30289,,78.33,88.16,0,NORMAL,
1295,EN26224987,DEVYANSHI VERMA,98.30289,99.2765642,94.67,96.8,0,NORMAL,
1296,EN26284216,SHREESH BIPIN PATASKAR,98.30289,99.9038277,93.33,90.8,0,NORMAL,
1297,EN26446613,PRAMEKSHA KHANDELWAL,98.30289,95.7033017,89.67,97.0,1,LOW,CET_vs_HSC_SSC: CET is LOWER than expected by 56 rank pts
1298,EN26204818,PRIYANSH NAYAK,98.30289,99.0948365,91.33,92.8,0,NORMAL,
1299,EN26316203,VEDANT VIJAYKUMAR PAWAR,98.30289,98.9613527,83.33,90.0,0,NORMAL,
1300,EN26291556,SHRIJA AGRAWAL,98.3028766,99.3449399,87.0,88.4,0,NORMAL,
1301,EN26443393,ADITYA SHARMA,98.3028766,,94.0,94.66,0,NORMAL,
1302,EN26430658,ADITYA ASHOK TIWARI,98.3024437,98.700567,88.67,93.4,0,NORMAL,
1303,EN26193571,SINOY PRAKASH CORREIA,98.3024437,99.8913086,87.0,96.2,0,NORMAL,
1304,EN26105792,SUHANI NILESH SAPAR,98.3024437,99.0178953,90.67,98.0,0,NORMAL,
1305,EN26233094,BHARGAV SUHAS MANE,98.3024437,99.5404476,89.33,96.2,0,NORMAL,
1306,EN26356767,PRANAV SUNIL GAIKWAD,98.3024437,97.6720144,72.67,94.4,0,NORMAL,
1307,EN26216506,HREET MANOJ KATARIYA,98.3024437,99.3905516,80.0,94.83,0,NORMAL,
1308,EN26105323,JAINEE VISHAL PANCHAMIA,98.3024437,99.7614537,91.0,99.2,0,NORMAL,
1309,EN26228593,PATIL YASH NARESH,98.3012568,99.1791202,72.0,95.0,0,NORMAL,
1310,EN26408924,ANISH KUMAR,98.3012568,99.376947,90.0,96.0,0,NORMAL,
1311,EN26302040,OM SUJIT SHIRSATH,98.3012568,93.3688303,75.0,94.6,1,LOW,CET_vs_JEE: CET is LOWER than expected by 63 rank pts
1312,EN26261371,SHAILESH GULAB PATIL,98.3012568,99.6501295,73.33,93.6,1,LOW,CET_vs_HSC: CET is HIGHER than expected by 55 rank pts
1313,EN26133405,SWARALI PRASAD KOHALE,98.3012568,99.436897,80.33,99.4,0,NORMAL,
1314,EN26290594,SIDDHESH ARUN JADHAO,98.3012568,99.8242396,91.33,96.2,0,NORMAL,
1315,EN26296116,VINEET SHARMA,98.3012568,,96.33,96.85,0,NORMAL,
1316,EN26232703,MOHIT SUMIT SINGHVI,98.2995599,99.2404354,87.67,85.57,0,NORMAL,
1317,EN26284733,SAMAIRA TANEJA,98.2995599,,92.0,93.2,0,NORMAL,
1318,EN26298167,AABHAS RAJU SINGH,98.2995599,99.7936726,75.67,94.0,2,MEDIUM,CET_vs_HSC: CET is HIGHER than expected by 56 rank pts; CET_vs_HSC_SSC: CET is HIGHER than expected by 53 rank pts
1319,EN26314850,PRIYANSH JIGNESH DODIA,98.2995599,99.5394239,87.0,97.83,0,NORMAL,
1320,EN26338456,VARAD VIKAS KADAM,98.2977593,99.8766907,82.0,96.0,0,NORMAL,
1321,EN26296656,VEER SANDEEPKUMAR PATEL,98.2977593,98.8270624,95.67,96.0,0,NORMAL,
1322,EN26285881,KUNAL DILIP GAVALE,98.2977593,99.1062802,71.0,94.8,0,NORMAL,
1323,EN26221300,AMANAT AMJAD SHAIKH,98.2939826,44.6087422,51.0,76.5,2,MEDIUM,CET_vs_JEE: CET is LOWER than expected by 73 rank pts; JEE_vs_HSC_SSC: JEE is HIGHER than expected by 59 rank pts
1324,EN26139668,NANDINI PRAKASH KULKARNI,98.2939826,98.4993421,86.33,100.0,0,NORMAL,
1325,EN26394045,MORE NARENDRA RAMRAO,98.2939826,99.0273676,74.67,98.0,0,NORMAL,
1326,EN26100297,DARSHIT SHIVAJI MANGALE,98.2939826,99.800896,88.33,94.8,0,NORMAL,
1327,EN26388196,RIKIN RAJESH KOTAK,98.2934445,99.7030717,96.67,94.66,0,NORMAL,
1328,EN26251481,VEER AMIT GOYAL,98.2934445,96.7120842,68.33,96.83,0,NORMAL,
1329,EN26120979,SWARUP ANIL NIKAM,98.2934445,99.6891009,79.0,90.4,0,NORMAL,
1330,EN26462945,PARJEET SINGH,98.2934445,,67.0,88.33,0,NORMAL,
1331,EN26249310,PRANSHU KALPESHBHAI RAKHOLIYA,98.2858133,99.7363595,82.0,90.4,0,NORMAL,
1332,EN26206175,TANMAY SANDIP GUNJAL,98.2858133,97.9961504,79.0,93.6,0,NORMAL,
1333,EN26490044,ASMA UROOJ,98.2818077,99.3890785,90.0,92.2,0,NORMAL,
1334,EN26338913,SWAR VRAJESH SHAH,98.2818077,99.4847726,91.67,98.8,0,NORMAL,
1335,EN26191853,MEDHAJ MUKESH KULKARNI,98.2818077,99.8420099,86.33,93.66,0,NORMAL,
1336,EN26386909,ROHAN MADANLAL CHAUDHARY,98.2818077,99.4582733,86.67,93.4,0,NORMAL,
1337,EN26313943,GAWALI VIVEK SANDEEP,98.2818077,99.4088128,80.0,97.2,0,NORMAL,
1338,EN26245865,ABHIRAJ MISHRA,98.2797607,98.8016073,85.67,94.16,0,NORMAL,
1339,EN26102437,DHRUV BHUSHAN GAJARE,98.2797607,98.5074053,79.0,92.6,0,NORMAL,
1340,EN26106155,AADITYA KEDAR GRAMOPADHYE,98.2797607,99.6454857,81.0,93.5,0,NORMAL,
1341,EN26239326,SHRIRANGANATH JAYRAJ VAIDYA,98.2797607,99.8658997,93.33,94.8,0,NORMAL,
1342,EN26311013,AMOGH SUNIL JOSHI,98.2797607,99.0432453,90.0,96.0,0,NORMAL,
1343,EN26405230,RAM MANGESH BENDE,98.2797607,99.082285,72.0,85.2,0,NORMAL,
1344,EN26339308,OJAS PRASHANT GIRADKAR,98.2797607,99.295478,89.0,95.8,0,NORMAL,
1345,EN26275535,ABHIJIT GANESH NIKAM,98.2757288,98.6729671,87.67,94.0,0,NORMAL,
1346,EN26337687,VARAD MAYURESH KOSHE,98.2757288,97.628377,80.33,94.16,0,NORMAL,
1347,EN26326561,AARAV SHARMA,98.2757288,99.6184676,92.67,96.7,0,NORMAL,
1348,EN26444132,PARTH NISHANT GHOSALKAR,98.2757288,99.6253523,95.0,95.3,0,NORMAL,
1349,EN26279893,PRANIT DAYANI,98.2757288,99.3974848,94.0,91.0,0,NORMAL,
1350,EN26227852,DEBOJIT GHOSH,98.2717505,99.7374777,93.33,93.0,0,NORMAL,
1351,EN26157679,DHRUV VIKRAM BHIDE,98.2717505,99.6707185,97.67,97.83,0,NORMAL,
1352,EN26322270,MARATHE UDAYRAJE MANOHAR,98.2717505,91.7858261,77.0,92.2,1,LOW,CET_vs_JEE: CET is LOWER than expected by 64 rank pts
1353,EN26441452,SARANG CHANDRASHEKHAR WANI,98.2685065,99.2298181,88.0,95.8,0,NORMAL,
1354,EN26214264,MANAN SUNIT PAREKH,98.2685065,99.1918414,90.0,95.6,0,NORMAL,
1355,EN26137625,SPARSH CHAUHAN,98.2685065,99.6382528,77.67,92.5,0,NORMAL,
1356,EN26386446,MANKAR PRATIK MANIKRAO,98.2685065,99.3034408,71.33,90.16,0,NORMAL,
1357,EN26211291,VIREN UMESH PATIL,98.2685065,99.7725841,89.33,92.2,0,NORMAL,
1358,EN26402763,SAYALI VIKRAM SARANG,98.2660419,99.1476881,84.0,97.6,0,NORMAL,
1359,EN26414689,AADITYA CHETAN MEHRA,98.2660419,99.4910455,87.67,95.6,0,NORMAL,
1360,EN26279237,AYUSH BALASAHEB SHINDE,98.2660419,98.9616221,77.0,88.85,0,NORMAL,
1361,EN26161184,ARJUN UDAY GADGE,98.2660419,99.4677796,93.33,94.4,0,NORMAL,
1362,EN26166167,HARSH GORAKH SOLANKI,98.2660419,99.7385621,79.33,91.6,0,NORMAL,
1363,EN26396897,PRANAV KALYANKUMAR DESHPANDE,98.2660419,99.6337257,95.33,97.66,0,NORMAL,
1364,EN26183361,SANIYA SUHAS,98.2660419,99.6468491,94.67,99.0,0,NORMAL,
1365,EN26390811,OM DINESH JAISWAL,98.2660419,,38.67,70.2,2,MEDIUM,JEE_vs_HSC: JEE is HIGHER than expected by 55 rank pts; JEE_vs_HSC_SSC: JEE is HIGHER than expected by 60 rank pts
1366,EN26450892,GUNWANT SHRIRANG INGLE,98.2660419,99.6682782,92.67,83.2,0,NORMAL,
1367,EN26144356,YASH PRADEEP CHOPADE,98.2636018,99.6502708,91.0,96.16,0,NORMAL,
1368,EN26105604,NIHARIKA CHOURASIA,98.257567,99.2089328,90.0,91.6,0,NORMAL,
1369,EN26408550,REVNESH CHANDRAKANT SUTAR,98.257567,99.8316144,87.33,93.6,0,NORMAL,
1370,EN26115727,ATHARVA SACHIN JOSHI,98.257567,99.7282705,85.67,93.5,0,NORMAL,
1371,EN26400135,SOHAM CHITTARANJAN RANGOLE,98.2544986,99.5590484,85.33,96.8,0,NORMAL,
1372,EN26448693,KESHAV JHANWAR,98.2544986,,77.33,85.0,0,NORMAL,
1373,EN26102395,OM YOGESH DESHMUKH,98.2544986,99.246115,67.0,94.33,0,NORMAL,
1374,EN26286241,VIBHOR GUPTA,98.2544986,,86.0,93.83,0,NORMAL,
1375,EN26226409,ADITYA BHASKAR TANGDE,98.2535014,99.5624096,75.67,98.2,0,NORMAL,
1376,EN26264052,ADWAIT NITIN GIRAM,98.2535014,94.4454247,65.67,98.8,1,LOW,CET_vs_JEE: CET is LOWER than expected by 60 rank pts
1377,EN26368833,RUDRA DESHMUKH,98.2535014,98.7486606,89.67,95.8,0,NORMAL,
1378,EN26444901,SAVITA JOSHI,98.2535014,,94.78,93.66,0,NORMAL,
1379,EN26192774,HIMANSHU RAJESH KADAM,98.2535014,99.5066825,85.67,90.6,0,NORMAL,
1380,EN26104691,VEER MUKESH JAIN,98.2488637,99.7829816,78.67,98.66,0,NORMAL,
1381,EN26274933,LAXMIKANT TULSHIRAM GAVATE,98.2488637,98.7279709,85.33,98.2,0,NORMAL,
1382,EN26235916,SOHAM PRAMOD DEULKAR,98.2488637,98.7235067,79.33,82.16,0,NORMAL,
1383,EN26168986,VED ABHIJEET NIVANGUNE,98.2488637,99.8078844,92.33,92.5,0,NORMAL,
1384,EN26149574,ANISH KUMAR AGRAWAL,98.2488637,99.591217,93.33,96.8,0,NORMAL,
1385,EN26211007,NAVYA AGRAWAL,98.2488637,99.6272958,95.0,99.16,0,NORMAL,
1386,EN26242663,NAITIK BHARDWAJ,98.2481587,,57.67,64.8,1,LOW,JEE_vs_HSC_SSC: JEE is HIGHER than expected by 58 rank pts
1387,EN26409168,SHANTANU VISHWANATH KURHADE,98.2481587,98.7235067,84.33,95.0,0,NORMAL,
1388,EN26199789,DAKSH PRIYANK JAIN,98.2446196,99.6348123,83.67,94.88,0,NORMAL,
1389,EN26248331,YUVAAN NEVATIA,98.2446196,99.5185695,84.0,92.2,0,NORMAL,
1390,EN26105511,PARTH ANIKET KODE,98.2402634,99.8680175,99.33,98.33,0,NORMAL,
1391,EN26406623,OMRAJ SHARAD KUMBHAR,98.2402634,98.8016073,79.0,94.4,0,NORMAL,
1392,EN26460506,SIDDHANT TIWARI,98.2402634,98.700567,95.67,97.83,0,NORMAL,
1393,EN26369019,BHUPESH BHARAT NEHETE,98.2372225,67.1207715,67.67,49.6,2,MEDIUM,CET_vs_JEE: CET is LOWER than expected by 70 rank pts; JEE_vs_HSC_SSC: JEE is HIGHER than expected by 56 rank pts
1394,EN26239969,ATHARVA SURESH PATIL,98.2372225,99.7954537,89.0,97.2,0,NORMAL,
1395,EN26395586,VIVEK SANJAY MANKAPE,98.2372225,98.8068517,72.33,89.0,0,NORMAL,
1396,EN26334796,HEET PANKAJ JAIN,98.235549,99.80979,90.33,89.71,0,NORMAL,
1397,EN26187077,SAMRIDDHI PURUSHOTHAM KAMATH,98.2326524,99.8456254,87.33,97.83,0,NORMAL,
1398,EN26168638,SHLOKA SHREEDHAR TASE,98.2326524,99.6989695,91.33,90.66,0,NORMAL,
1399,EN26258736,TANUSHREE MANAS MOHANTY,98.2326524,99.9423653,85.0,94.0,0,NORMAL,
1400,EN26100378,MOHAK SANDEEP MUNGANTIWAR,98.2292253,97.7312329,90.0,97.0,0,NORMAL,
1401,EN26245013,DHRUV MISHRA,98.2292253,99.5851334,95.0,98.6,0,NORMAL,
1402,EN26320309,RISHABH PRADEEP UPADHYAY,98.2292253,98.9897444,72.0,92.6,0,NORMAL,
1403,EN26119448,ZIA LOYED RODRIGUES,98.2289624,98.8608813,87.0,96.2,0,NORMAL,
1404,EN26336239,RUSHAM JEKKIN SHAH,98.2289624,98.0833848,80.67,90.16,0,NORMAL,
1405,EN26256560,KASTURI AMOL BAGATE,98.2233525,98.8016073,90.67,98.0,0,NORMAL,
1406,EN26102248,PARTH PANKAJ PHANSALKAR,98.2233525,99.2703291,87.67,95.0,0,NORMAL,
1407,EN26170612,SHRAVANEE MISHRA,98.2208551,99.8634884,92.33,96.4,0,NORMAL,
1408,EN26114699,MEGHRAJ SHARADRAO MAGAR,98.2207509,98.7612146,84.33,95.0,0,NORMAL,
1409,EN26129519,DHEER YOGESH JAIN,98.2207509,99.9114874,85.0,92.2,0,NORMAL,
1410,EN26183475,PAARAMI TRIPATHI,98.2207509,98.4131253,80.0,97.6,0,NORMAL,
1411,EN26234017,HARSHIT RAMA SHANKAR KUMAR SINGH,98.2161587,98.4446702,79.0,89.8,0,NORMAL,
1412,EN26155816,ARPIT SURESHRAO BHISIKAR,98.2153681,99.7030717,83.0,95.6,0,NORMAL,
1413,EN26230356,TANAYA VIJAY PISAL,98.2153681,99.7010986,81.0,97.0,0,NORMAL,
1414,EN26184054,AVNISH PATRO,98.2153681,,93.0,95.2,0,NORMAL,
1415,EN26161181,AARUSHI ANIL VERMA,98.2153681,98.9118452,84.0,97.83,0,NORMAL,
1416,EN26105538,PRATHMESH PRAVIN BORSE,98.2153681,99.4646981,89.33,95.83,0,NORMAL,
1417,EN26131735,ARNAV ANAND DAWARE,98.2110483,96.0186459,71.67,94.0,0,NORMAL,
1418,EN26347925,YASHRAJ PRAVEEN JADHAV,98.2110483,98.302867,79.67,96.6,0,NORMAL,
1419,EN26206118,GAUTAM KUSH VIVEK,98.2110483,,59.67,85.6,1,LOW,JEE_vs_HSC_SSC: JEE is HIGHER than expected by 56 rank pts
1420,EN26281759,T ANSHUMAN PATRO,98.2110483,,85.0,96.5,0,NORMAL,
1421,EN26339684,SHUBHANKAR MAHESH DAHITODE,98.2110483,99.647739,84.33,95.6,0,NORMAL,
1422,EN26124323,DEVESH NITEEN BHIRUD,98.2106859,99.1459959,78.0,93.83,0,NORMAL,
1423,EN26194208,PRANAV HEMANT MEKDE,98.2106859,80.1749582,52.67,83.16,2,MEDIUM,CET_vs_JEE: CET is LOWER than expected by 68 rank pts; JEE_vs_HSC_SSC: JEE is HIGHER than expected by 57 rank pts
1424,EN26163381,CHAITANYA SHUKLA,98.2106859,,91.0,92.33,0,NORMAL,
1425,EN26435522,SRUJAN VISHWANATHA ACHARYA,98.2106859,99.5343467,85.33,89.6,0,NORMAL,
1426,EN26203131,BHAVESH PUNDLIK SAPKAL,98.2045092,71.1120286,47.67,79.4,2,MEDIUM,CET_vs_JEE: CET is LOWER than expected by 70 rank pts; JEE_vs_HSC_SSC: JEE is HIGHER than expected by 58 rank pts
1427,EN26263406,SOHAM SANDIPAN KADAM,98.2045092,98.7422717,68.67,95.0,0,NORMAL,
1428,EN26333407,MORE NISHA SHIVAJI,98.2045092,99.4683993,68.0,91.6,1,LOW,CET_vs_HSC_SSC: CET is HIGHER than expected by 54 rank pts
1429,EN26413047,PRATHMESH VINOD SONAWANE,98.1977835,99.2018999,92.0,95.6,0,NORMAL,
1430,EN26287043,MANAS YOGESH RAUT,98.1956951,99.7935764,92.0,94.8,0,NORMAL,
1431,EN26393390,MEDHANSH RAMACHANDRAN IYER,98.1956951,99.4168392,89.0,98.6,0,NORMAL,
1432,EN26313340,SANIKA SANDIP CHAVAN,98.1956951,99.1536834,67.0,95.5,0,NORMAL,
1433,EN26434882,DAKSH BADHAN,98.1925416,,84.0,92.8,0,NORMAL,
1434,EN26363334,DNYANESH HEMANT GUND,98.1925416,99.3139932,77.67,92.4,0,NORMAL,
1435,EN26140237,SUJAL AMIT SOMANI,98.1925416,97.0949449,70.0,91.8,0,NORMAL,
1436,EN26148660,KUSHAL RAJENDRA TASHILDAR,98.1830785,99.846065,93.67,96.5,0,NORMAL,
1437,EN26113195,YOGESH SANJAY DUDHGAONKAR PATIL,98.1829845,99.3555657,85.0,93.6,0,NORMAL,
1438,EN26352029,VIVEK GORAKHNATH KUMBHAR,98.1829845,98.1734676,74.67,83.0,0,NORMAL,
1439,EN26166154,ATHARVA KUMAR,98.1829845,99.7190687,79.0,94.0,0,NORMAL,
1440,EN26367623,PRASAD SUBHASH THORAT,98.1829845,99.6314681,88.0,92.0,0,NORMAL,
1441,EN26336750,MOHAMMAD ZAFAR RIZVI,98.1829845,97.8998215,89.33,92.66,0,NORMAL,
1442,EN26100238,JAY SANJAY MEHTA,98.1829845,99.7261833,89.0,96.0,0,NORMAL,
1443,EN26129935,AARYA BHAIRAVNATH GANDHWALE,98.178305,99.5411076,89.33,96.66,0,NORMAL,
1444,EN26127415,SAMARTH SUNIL CHIKKALI,98.178305,60.268127,61.67,93.8,1,LOW,CET_vs_JEE: CET is LOWER than expected by 71 rank pts
1445,EN26100131,SHRAVAN YOGESH MOHITE,98.178305,99.7816671,82.0,91.4,0,NORMAL,
1446,EN26222872,KUMAWAT DAKSH,98.178305,99.7141998,88.67,94.33,0,NORMAL,
1447,EN26278876,TANISH VIJAY UNAWANE,98.178305,79.0728986,60.33,91.6,1,LOW,CET_vs_JEE: CET is LOWER than expected by 68 rank pts
1448,EN26241530,ADITYA KAUSHAL,98.178195,,88.33,95.4,0,NORMAL,
1449,EN26246397,SHRIHAN BHADORIA,98.178195,,95.67,97.2,0,NORMAL,
1450,EN26244165,OM PRASAD KALE,98.178195,99.0178953,84.67,97.16,0,NORMAL,
1451,EN26141206,ATHARV VIJAY YADAV,98.178195,99.6230044,89.0,95.4,0,NORMAL,
1452,EN26356087,ANAGH SHEKHAR,98.178195,99.7462799,95.33,98.0,0,NORMAL,
1453,EN26217170,DHIREN TEKCHANDANI,98.178195,99.2696246,91.67,97.2,0,NORMAL,
1454,EN26276078,ABHIRAJ NARASING KALE,98.1757518,99.3229467,99.22,92.5,0,NORMAL,
1455,EN26206970,SWOJAS RAVINDRA CHANGDE,98.1757518,99.8448048,92.0,94.4,0,NORMAL,
1456,EN26432223,VAIBHAVI VINOD BORGAONKAR,98.1757518,99.8395232,85.33,96.8,0,NORMAL,
1457,EN26176064,AYUSH MAHESH PATIL,98.1757518,98.976603,78.33,92.6,0,NORMAL,
1458,EN26117827,SAMEER SACHDEV,98.1731945,94.1937425,66.67,85.8,1,LOW,CET_vs_JEE: CET is LOWER than expected by 60 rank pts
1459,EN26100359,DARSH SACHIN KARMARKAR,98.1731945,99.8851323,89.0,96.0,0,NORMAL,
1460,EN26271759,SAURAV SANJAY KAMATH,98.1731945,98.6182541,84.33,96.0,0,NORMAL,
1461,EN26105198,SOHAM JAGDISH TUPKAR,98.1731945,99.591217,94.0,96.0,0,NORMAL,
1462,EN26430089,AKSHAT AJIT DESHMUKH,98.1731945,99.1510977,88.0,88.2,0,NORMAL,
1463,EN26289789,UPDESH SUHAS GAPAT,98.1706997,34.4790806,47.33,75.6,2,MEDIUM,CET_vs_JEE: CET is LOWER than expected by 72 rank pts; JEE_vs_HSC_SSC: JEE is HIGHER than expected by 58 rank pts
1464,EN26132351,ARYAN KRISHAN LAL SONI,98.1706997,99.6654576,92.67,95.6,0,NORMAL,
1465,EN26372675,GANGURDE PRANAV PRASHANT,98.1706997,99.4197952,77.0,92.2,0,NORMAL,
1466,EN26131023,MALHAR SACHIN VIBHANDIK,98.1706997,99.6711217,77.0,89.0,1,LOW,CET_vs_HSC_SSC: CET is HIGHER than expected by 55 rank pts
1467,EN26202543,SARTHAK BALSHIRAM DHOLE,98.1706997,99.1264191,79.67,93.8,0,NORMAL,
1468,EN26148661,VEDANT ANANT GHOTAVADEKAR,98.1685978,99.5286265,93.67,94.0,0,NORMAL,
1469,EN26116149,DEEP LILADHAR PATEL,98.168271,98.7553466,82.0,93.4,0,NORMAL,
1470,EN26267684,VIHAAN RAJESH AGRAWAL,98.168271,99.9461228,90.33,97.5,0,NORMAL,
1471,EN26420304,KASHISH MUKESH BIRLA,98.168271,99.8153491,94.0,97.2,0,NORMAL,
1472,EN26210278,ADITYA AGRAWAL,98.168271,99.4403921,83.67,87.5,0,NORMAL,
1473,EN26327262,YUVRAJ PRAVINRAO DESHMUKH,98.168271,98.9619853,82.67,88.8,0,NORMAL,
1474,EN26109187,ADITYA SINGH CHANDRAWAT,98.168271,97.6121663,90.67,91.16,0,NORMAL,
1475,EN26367618,NIMBALKAR MEHUL GURUKUMAR,98.168271,97.4706885,80.0,96.2,0,NORMAL,
1476,EN26318443,PREM NARESH UDASI,98.166356,99.0273038,79.0,98.0,0,NORMAL,
1477,EN26369445,DHRUV SANTOSHKUMAR VANAVE,98.166356,99.8693614,84.67,98.0,0,NORMAL,
1478,EN26197715,PRATHAMESH NITIN AHIRRAO,98.166356,99.3471433,88.33,97.2,0,NORMAL,
1479,EN26251083,KARTHIK SWAMINATHAN,98.1644659,99.8168821,90.33,97.5,0,NORMAL,
1480,EN26198713,NAVNEET RAJIV KUMAR,98.1639621,99.0948365,88.67,97.83,0,NORMAL,
1481,EN26138135,KHUSHI MANGESH KALE,98.1639621,99.7010986,88.33,93.4,0,NORMAL,
1482,EN26168837,RAJWARDHAN RAJARAM DIGHE,98.1639621,99.8424652,92.67,93.8,0,NORMAL,
1483,EN26316449,KAIRAV JIGNESH SHAH,98.1639621,99.6443286,96.0,97.0,0,NORMAL,
1484,EN26225132,ASIF SHABASKHAN PATHAN,98.1639621,96.9615697,84.67,85.2,0,NORMAL,
1485,EN26238578,PEARL HITESH DOSHI,98.1586084,99.6454857,85.33,93.66,0,NORMAL,
1486,EN26134466,JAGDISH GANESH JADHAV,98.1586084,98.5077241,79.0,97.0,0,NORMAL,
1487,EN26148935,SIDDHANT AJIT PETHKAR,98.1586084,99.6682782,81.33,96.4,0,NORMAL,
1488,EN26195542,ISHAAN ABHIJIT DURAPHE,98.1586084,99.7379677,89.0,96.6,0,NORMAL,
1489,EN26386939,AYUSH MAHARANA,98.1586084,99.7499736,91.33,93.16,0,NORMAL,
1490,EN26279600,NEELKANTH SHASHIKANT KEDARI,98.1586084,99.8178319,85.33,93.6,0,NORMAL,
1491,EN26291793,SHINGARE AKASH SACHIN,98.1548098,99.4451773,78.33,96.0,0,NORMAL,
1492,EN26236950,SHIVRAJ SANJAY DHANE,98.1505212,99.4843179,77.33,92.4,0,NORMAL,
1493,EN26321025,SMRUTI OMPRAKASH BHISE,98.1505212,98.6663866,88.67,95.6,0,NORMAL,
1494,EN26201927,RIDHAM KUMAR PATEL,98.1505212,99.3034408,91.33,92.33,0,NORMAL,
1495,EN26113556,LINA SHAILESH DHOND,98.1465397,98.7389218,83.67,99.2,0,NORMAL,
1496,EN26129942,AYUSH MANOJ VISHWAKARMA,98.1465397,99.5328194,82.67,79.8,0,NORMAL,
1497,EN26350482,ABHANG SHREESH UDAY,98.1433839,99.3393889,92.0,97.4,0,NORMAL,
1498,EN26105534,TUPUR SURESH RANA,98.1433839,99.4224681,92.0,97.6,0,NORMAL,
1499,EN26361259,ANAGHA VIJAY LOKHANDE,98.1394826,99.1394332,90.33,94.0,0,NORMAL,
1500,EN26130562,RANJEET VINAYAK HEDE,98.1394826,43.0034494,69.67,86.2,1,LOW,CET_vs_JEE: CET is LOWER than expected by 72 rank pts
1501,EN26291184,OJAS VISHAL LATKE,98.1341537,99.3729563,84.67,97.2,0,NORMAL,
1502,EN26352218,PRANJAL SHARAD RATNAPARKHI,98.1341537,99.3966183,76.0,91.6,0,NORMAL,
1503,EN26455247,MITESH RAMESH WAGHWANI,98.132748,99.7053252,83.33,97.4,0,NORMAL,
1504,EN26294207,TANISHQ RAMESHWAR KAUTKAR,98.132748,99.7839951,86.33,94.6,0,NORMAL,
1505,EN26420907,PRAJVAL RAI,98.132748,,92.0,98.33,0,NORMAL,
1506,EN26249139,MITHIL MANISH PARCHURE,98.132748,99.4614349,94.33,88.0,0,NORMAL,
1507,EN26138140,ASHUTOSH ANAND SINGH,98.132748,98.8650296,87.0,95.0,0,NORMAL,
1508,EN26114451,SAHIL DNYANESHWAR DALVI,98.132748,96.4964693,67.33,86.2,0,NORMAL,
1509,EN26105708,CHIRAG GUPTA,98.1276264,98.570253,90.67,96.0,0,NORMAL,
1510,EN26277321,ADAVYA SINGH,98.1276264,99.5446196,97.67,96.66,0,NORMAL,
1511,EN26432299,VIVEK PRADIP KADAM,98.1269529,99.0471853,80.67,97.8,0,NORMAL,
1512,EN26144433,SAMIT ANKUR PANCHBUDHE,98.1269529,99.7243552,97.33,92.2,0,NORMAL,
1513,EN26483054,TIWARI HARSHIT SUSHIL,98.1269529,98.3591071,77.33,85.66,0,NORMAL,
1514,EN26368356,ALDVIN ANAND RAAJ,98.1269529,99.5906412,96.33,98.83,0,NORMAL,
1515,EN26244886,SAAKAR KALGAONKAR,98.1247238,99.8200406,89.67,88.83,0,NORMAL,
1516,EN26386425,ARPIT GAJANAN KOLHE,98.1247238,99.5888727,83.0,89.0,0,NORMAL,
1517,EN26112174,OM ANIL SIRSAT,98.1247238,98.3067533,90.33,96.33,0,NORMAL,
1518,EN26331762,UNNATI NATHANI,98.1247238,,82.67,98.66,0,NORMAL,
1519,EN26375384,SHAURYA RAWAT,98.1247238,,88.33,95.4,0,NORMAL,
1520,EN26339843,AHANA MAHATA,98.1247238,99.7006726,96.67,96.2,0,NORMAL,
1521,EN26454637,SWAYAM ASHOK DHAWALE,98.1247238,95.4060578,72.0,95.4,0,NORMAL,
1522,EN26129224,SUMIT HANMANT BACHUTE,98.1181767,99.6253523,85.67,94.8,0,NORMAL,
1523,EN26337305,PRITESH SANTOSH JAISWAL,98.1181767,99.6217823,85.67,95.0,0,NORMAL,
1524,EN26301750,VATSAL VAIBHAV DUBAL,98.1181767,99.2052023,69.0,92.8,0,NORMAL,
1525,EN26107847,HARISH RAGHAV V M,98.1181767,,92.0,88.8,0,NORMAL,
1526,EN26356119,SOHAM ACHYUT BHAROSE,98.1181767,98.8270624,70.67,94.2,0,NORMAL,
1527,EN26369446,JAY SACHIN KARNAVAT,98.1181767,98.3776334,75.67,93.2,0,NORMAL,
1528,EN26175612,PAI TANUJ GURDATHA,98.1172369,99.8188894,95.33,84.5,0,NORMAL,
1529,EN26323899,PRATIKSHA BALASAHEB KHARAD,98.1172369,99.0374182,73.67,94.0,0,NORMAL,
1530,EN26263835,NIDHI RADHESHYAM BHARGAV,98.1064181,,63.0,83.2,0,NORMAL,
1531,EN26438207,ARSHA ANAND SARAF,98.1064181,99.5915061,80.67,93.2,0,NORMAL,
1532,EN26184876,VARAD SAGAR CHAVAN,98.1064181,82.3548238,67.67,80.6,1,LOW,CET_vs_JEE: CET is LOWER than expected by 67 rank pts
1533,EN26303972,MAYURESH SAGAR DHEMBARE,98.1064181,98.7819872,77.67,88.8,0,NORMAL,
1534,EN26299848,MAYUR PRADIPKUMAR JADHWANI,98.1064181,99.2696246,86.67,92.8,0,NORMAL,
1535,EN26123178,PRATIK DILIP SHINDE,98.1064181,99.6976887,83.0,100.0,0,NORMAL,
1536,EN26105155,NAMAN KUMAR GUPTA,98.1064181,98.2016654,69.67,96.8,0,NORMAL,
1537,EN26145791,NISHIT SACHIN SELOT,98.1051989,99.4910455,94.67,98.33,0,NORMAL,
1538,EN26342911,KESHARWANI PRINCE RAJESH,98.1051989,99.5737953,76.33,87.4,1,LOW,CET_vs_HSC_SSC: CET is HIGHER than expected by 53 rank pts
1539,EN26162311,SAHIL RATNAKAR SATONE,98.1046851,99.727478,73.67,92.8,2,MEDIUM,CET_vs_HSC: CET is HIGHER than expected by 57 rank pts; CET_vs_HSC_SSC: CET is HIGHER than expected by 56 rank pts
1540,EN26101121,PRATYUSH BHUSHAN PITAMBARE,98.1046851,99.7614537,92.67,96.16,0,NORMAL,
1541,EN26322689,SWARA AVINASH PATIL,98.1043215,99.4910455,87.67,97.6,0,NORMAL,
1542,EN26392821,KUSHAGRA RASTOGI,98.1043215,,91.0,92.0,0,NORMAL,
1543,EN26102419,PAWANKUMAR MADHAV MATE,98.1043215,99.3275256,87.0,98.4,0,NORMAL,
1544,EN26460322,ADARSH PRATAP,98.1043215,99.1754514,83.33,93.0,0,NORMAL,
1545,EN26118408,RUJUL SANTOSH KARANDE,98.1043215,97.8346051,79.33,93.4,0,NORMAL,
1546,EN26227597,SHIVRAJ PANDURANG JADHAV,98.1043215,99.0471853,92.0,90.2,0,NORMAL,
1547,EN26222157,TANAYA RAJU ADSUL,98.1043215,99.591217,93.0,93.0,0,NORMAL,
1548,EN26279797,SOHAM SUDHIR SANE,98.1043215,99.8524902,94.0,97.2,0,NORMAL,
1549,EN26183219,DEV KUMAR BANSAL,98.1029708,98.8650296,72.33,90.4,0,NORMAL,
1550,EN26367290,RAYHAAN HOSSAIN,98.1029708,98.5205065,93.33,99.2,0,NORMAL,
1551,EN26164541,NISHAD SNEHESH KARAMBELKAR,98.1029708,99.2018999,73.67,91.16,0,NORMAL,
1552,EN26112788,MOHIT KUMAR JHAMTANI,98.1029708,98.8167764,75.67,78.4,0,NORMAL,
1553,EN26363250,JASH PINKESH VORA,98.1029708,99.3693062,83.67,92.75,0,NORMAL,
1554,EN26214720,VIRAJ MAHESH RAYKAR,98.1029708,99.6549344,81.0,96.6,0,NORMAL,
1555,EN26239826,OM AMIT KOLGE,98.1029708,99.1440399,91.33,96.6,0,NORMAL,
1556,EN26441756,SAYYED SHAHID JAVEDMIYA,98.1029708,98.3819921,65.67,91.0,0,NORMAL,
1557,EN26308346,PRANAV SAMBHAJI BHOSALE,98.1024227,98.9153784,81.67,92.2,0,NORMAL,
1558,EN26235130,DEVENDRA SOLANKI,98.1024227,99.376947,87.0,93.33,0,NORMAL,
1559,EN26258270,AADITYA SACHIN PATIL,98.1024227,98.3591071,83.0,96.2,0,NORMAL,
1560,EN26267082,PAARTH ZOPE,98.1024227,98.9118452,92.33,88.83,0,NORMAL,
1561,EN26156451,TANISH DHIREN SHAHA,98.0942633,99.5638918,82.0,88.8,0,NORMAL,
1562,EN26393809,ATHRV KAUL,98.0942633,,90.67,91.71,0,NORMAL,
1563,EN26154672,MOHD SAFWAN ZAFAR SHAIKH,98.0942633,99.6382528,83.0,93.8,0,NORMAL,
1564,EN26291013,AMIT BALAJI KADAM,98.0848735,60.6803919,44.67,57.0,2,MEDIUM,CET_vs_JEE: CET is LOWER than expected by 70 rank pts; JEE_vs_HSC_SSC: JEE is HIGHER than expected by 58 rank pts
1565,EN26388617,VAIBHAVI SANTOSH PATIL,98.0848735,99.4219653,90.33,96.5,0,NORMAL,
1566,EN26146466,SHAMBHAVI SHAILESH DALVI,98.0842123,99.7969997,92.67,98.0,0,NORMAL,
1567,EN26409916,VISHNU ARAVIND GOKARN,98.0842123,99.9119625,91.0,96.83,0,NORMAL,
1568,EN26433449,AKSHAT SHARMA,98.0842123,97.6294546,87.67,93.2,0,NORMAL,
1569,EN26369849,KRIPANSH YADAV,98.0842123,,53.33,90.66,0,NORMAL,
1570,EN26180870,DHRUV PRASHANT YEOLE,98.0778743,86.7003307,61.33,91.2,1,LOW,CET_vs_JEE: CET is LOWER than expected by 66 rank pts
1571,EN26105227,VISHWAJEET PRABHAKAR GHANWAT,98.0778743,81.6705255,54.67,79.8,2,MEDIUM,CET_vs_JEE: CET is LOWER than expected by 67 rank pts; JEE_vs_HSC_SSC: JEE is HIGHER than expected by 56 rank pts
1572,EN26176548,SOHAM DATTARAJ NAIK,98.0778743,,59.0,74.83,1,LOW,JEE_vs_HSC_SSC: JEE is HIGHER than expected by 56 rank pts
1573,EN26146139,ACHINTYA PARIK,98.0778743,,94.67,96.83,0,NORMAL,
1574,EN26310292,OM KAMALAKAR NIMBALKAR,98.0778743,97.6214843,74.33,94.2,0,NORMAL,
1575,EN26253345,ADESH ANANDRAO PATIL,98.0778743,99.6959784,94.0,97.6,0,NORMAL,
1576,EN26165257,NISHIL NAMDEV NAVALE,98.0769564,99.6047295,88.0,95.0,0,NORMAL,
1577,EN26363061,RIDDHIMA DHIRAJ DESHMUKH,98.0769564,99.436897,85.67,97.66,0,NORMAL,
1578,EN26216772,MANOMAY DILIP KALE,98.0769564,99.6886152,88.33,93.8,0,NORMAL,
1579,EN26381747,SPANDAN SHRIKANT BORSE,98.0739072,98.6285832,76.0,96.0,0,NORMAL,
1580,EN26108518,HARSHADA AJIT ALAVANI,98.0739072,98.5205065,88.67,96.6,0,NORMAL,
1581,EN26156850,RAJDEEP MANISH BANERJEE,98.0739072,99.7057484,83.67,92.4,0,NORMAL,
1582,EN26275875,PRAJWAL PRAKASH JADHAV,98.0739072,99.3045416,79.0,89.8,0,NORMAL,
1583,EN26367405,ANUJ ANIKET DANDEKAR,98.066812,99.6963423,94.67,96.0,0,NORMAL,
1584,EN26113840,PATIL SOMESH PRAKASH,98.066812,99.6976887,71.67,94.0,2,MEDIUM,CET_vs_HSC: CET is HIGHER than expected by 59 rank pts; CET_vs_HSC_SSC: CET is HIGHER than expected by 55 rank pts
1585,EN26173372,SHRIJIT TATYASAHEB OMASE,98.066812,99.7614537,90.67,94.8,0,NORMAL,
1586,EN26366898,ADITYA DEEPAK BHARAMBE,98.0599218,99.4998496,77.0,96.4,0,NORMAL,
1587,EN26371253,YASHRAJ KIRAN PATIL,98.0599218,99.8021262,79.0,92.6,0,NORMAL,
1588,EN26119668,OJAS RAVI ALKARI,98.0599218,99.5111353,95.0,93.33,0,NORMAL,
1589,EN26150603,VARAD KORTIKAR,98.0599218,99.6064496,74.0,98.0,0,NORMAL,
1590,EN26184470,SHAIKH MOHD SAAD MOHD AFROZ,98.0599218,99.5351622,88.33,91.4,0,NORMAL,
1591,EN26373216,AVANISH BAHAD,98.0599218,,69.33,82.2,0,NORMAL,
1592,EN26209814,DIP ATUL LAGAD,98.0561593,99.751643,87.0,97.2,0,NORMAL,
1593,EN26138537,KALYANSINGH UMEDSINGH RAJPUT,98.0561593,99.0382766,90.33,91.6,0,NORMAL,
1594,EN26238298,PIYUSH SATISH SONAWANE,98.0542025,99.4170641,78.0,91.8,0,NORMAL,
1595,EN26180421,RUTUJA VALMIK MORE,98.0542025,99.4539249,90.33,95.8,0,NORMAL,
1596,EN26294476,DEVANSH GODAWAT,98.0542025,99.5929444,87.67,97.5,0,NORMAL,
1597,EN26433445,AAYUSH KUMAR,98.0542025,,95.67,96.0,0,NORMAL,
1598,EN26377764,TANISHQ VITTHAL KADAM,98.0521984,98.847481,86.0,95.2,0,NORMAL,
1599,EN26124007,OJAS AJINKYA DABKE,98.0521984,99.7550895,85.67,95.4,0,NORMAL,
1600,EN26427778,SHUBHAM GANESH PISORE,98.0521984,98.8193489,85.67,86.83,0,NORMAL,
1601,EN26175693,SRIJAT MUKHOPADHYAY,98.0521984,,93.33,98.2,0,NORMAL,
1602,EN26217595,ADITYA KEDAR GODSE,98.0521222,99.9961068,98.33,99.4,0,NORMAL,
1603,EN26120753,TWISHA AJAYKUMAR PATEL,98.0521222,99.7591522,93.33,96.0,0,NORMAL,
1604,EN26226703,ARYAN MANOJ PANDE,98.0521222,99.4436032,90.33,95.4,0,NORMAL,
1605,EN26168559,SOMVANSHI VARAD DADASAHEB,98.0521222,95.647381,86.67,89.0,0,NORMAL,
1606,EN26261741,SHARDUL JINENDRA PATIL,98.0498968,99.80979,94.0,95.8,0,NORMAL,
1607,EN26479224,UTKARSH KUMAR SHUKLA,98.0498968,,94.0,89.8,0,NORMAL,
1608,EN26285745,AJIT BABASAHEB PAWAR,98.0498968,99.1389268,90.67,93.2,0,NORMAL,
1609,EN26181949,CHARVI SHETTY,98.0488741,99.6772609,95.0,92.8,0,NORMAL,
1610,EN26337925,AKSHANSH KUMAR TIWARI,98.0488741,99.552497,89.0,96.8,0,NORMAL,
1611,EN26393672,ATHARVA MOHAN CHITALKAR,98.0488741,98.0921502,79.33,95.8,0,NORMAL,
1612,EN26419376,NITYAA RITESH KANODIA,98.0488741,99.4672441,91.0,97.83,0,NORMAL,
1613,EN26251944,SIDDHANT SUNIL NAYAK,98.0475221,98.9199753,86.33,95.0,0,NORMAL,
1614,EN26448435,RUDRA KISHOR BIRBALE,98.0475221,98.6704553,74.0,97.2,0,NORMAL,
1615,EN26381034,ANUSHKA RASPAL VADHWANI,98.0475221,99.2534423,88.33,95.2,0,NORMAL,
1616,EN26404148,ANAGHA NAIR,98.0475221,99.389234,86.33,98.8,0,NORMAL,
1617,EN26274002,TANAY PULIN TRIVEDI,98.0475221,99.22161,85.67,91.66,0,NORMAL,
1618,EN26311006,SWANAND SUNIL DHARASURKAR,98.0475221,99.6046463,86.67,95.2,0,NORMAL,
1619,EN26184357,VARAD MARUTI BHOSALE,98.0456223,99.8913086,82.33,95.0,0,NORMAL,
1620,EN26407070,JASMEET SINGH MUCHHAL,98.0450604,99.3986188,87.33,89.16,0,NORMAL,
1621,EN26138442,JAGRAVI KULKARNI,98.0450604,99.654192,95.33,95.0,0,NORMAL,
1622,EN26340350,BHEEMAVARAM CHARUKESH MUNI,98.0450604,,88.0,84.6,0,NORMAL,
1623,EN26394604,ANSHUL SANJAY ZADE,98.0409931,28.4767446,56.0,87.2,1,LOW,CET_vs_JEE: CET is LOWER than expected by 72 rank pts
1624,EN26280343,OM ASHOK NIMJE,98.0371039,99.1440399,87.33,94.0,0,NORMAL,
1625,EN26231000,SAMRUDDHI SACHIN LOBHAJI,98.0371039,99.1530508,82.33,96.2,0,NORMAL,
1626,EN26121338,ARGH NIKHIL MEHTA,98.0371039,98.3867855,77.0,94.83,0,NORMAL,
1627,EN26258164,HARSHIL YAGNESH PANCHAL,98.0371039,99.8646209,83.0,97.6,0,NORMAL,
1628,EN26458554,ANANYA MILIND BADKUNDRI,98.0348799,99.9082989,95.67,98.4,0,NORMAL,
1629,EN26330138,MAHI MANOJ JAISWAL,98.0348799,99.7806427,81.0,94.2,0,NORMAL,
1630,EN26175897,SAUMYA SUNIL CHHAJED,98.0348799,99.6783704,87.33,87.8,0,NORMAL,
1631,EN26134468,LAKSH NISHIKANT DAHANE,98.0348799,99.3226862,86.67,83.6,0,NORMAL,
1632,EN26110073,JASHN PARSHOTAM VASWANI,98.0348799,99.6184676,85.67,91.2,0,NORMAL,
1633,EN26280499,TUSHAR SAMBHAJI DONGALE,98.0348799,99.608286,84.33,93.8,0,NORMAL,
1634,EN26451410,ARYA JAYANT KHANDARE,98.0348799,98.1898548,89.33,95.16,0,NORMAL,
1635,EN26172589,MITHILESH SHAMKANT SHIMPI,98.0348799,,93.67,96.33,0,NORMAL,
1636,EN26456677,KRISHNAN VINOD SIKCHI,98.0190264,98.1695568,89.67,94.5,0,NORMAL,
1637,EN26264997,SAPTARSHI NANDI,98.0190264,98.6166496,90.33,97.2,0,NORMAL,
1638,EN26218514,RAUT OM MOHAN,98.0167223,99.8370451,77.33,91.2,1,LOW,CET_vs_HSC_SSC: CET is HIGHER than expected by 58 rank pts
1639,EN26100856,SUJAL DHANESH GUNDECHA,98.0167223,99.2533719,90.33,95.33,0,NORMAL,
1640,EN26266897,JANAK PARMAR,98.0167223,98.7235067,78.67,94.4,0,NORMAL,
1641,EN26271615,ADWAY NILESH SHELAR,98.0156076,99.6091136,86.67,95.6,0,NORMAL,
1642,EN26391112,AQSA ASHARAF CHOUGHULE,98.0156076,98.3540373,91.33,94.4,0,NORMAL,
1643,EN26166220,JAVIN KAPUR,98.0156076,99.7829816,90.67,98.0,0,NORMAL,
1644,EN26279231,SANCHITA MISHRA,98.0156076,99.3358064,93.0,97.5,0,NORMAL,
1645,EN26358269,DASHRATHSINGH MANFULSINGH RATHOD,98.0136927,99.7006726,66.0,87.8,2,MEDIUM,CET_vs_HSC: CET is HIGHER than expected by 64 rank pts; CET_vs_HSC_SSC: CET is HIGHER than expected by 68 rank pts
1646,EN26128538,GAURI SINGHAL,98.0136927,99.8851982,89.0,97.33,0,NORMAL,
1647,EN26100290,UPPARA KIRAN SAI,98.0136927,,52.0,63.2,1,LOW,JEE_vs_HSC_SSC: JEE is HIGHER than expected by 56 rank pts
1648,EN26134003,PARTH PRAVEEN HANDIGUND,98.0129533,99.6314681,82.0,94.66,0,NORMAL,
1649,EN26287807,SAKSHAM MITHILESH KUMAR,98.0129533,99.0131125,83.67,94.4,0,NORMAL,
1650,EN26164994,ARNAV BHALCHANDRA DESHMUKH,98.0129533,99.8564878,75.67,93.0,2,MEDIUM,CET_vs_HSC: CET is HIGHER than expected by 59 rank pts; CET_vs_HSC_SSC: CET is HIGHER than expected by 58 rank pts
1651,EN26338566,NEEL BHALSOD,98.0129533,,95.0,94.0,0,NORMAL,
1652,EN26250878,SHREYA VIJAYRAO DESHMUKH,98.0129533,99.4197952,81.67,96.2,0,NORMAL,
1653,EN26334052,SNEHAL ANKUSH ZINJE,98.0129533,99.389234,83.33,96.0,0,NORMAL,
1654,EN26225782,PIYUSH SANTOSH KALE,98.0129533,99.6807599,84.33,95.0,0,NORMAL,
1655,EN26281244,SANKALP SHRIRAM PATHAK,98.0129533,98.7645051,82.33,92.6,0,NORMAL,
1656,EN26254705,KRIYA JAIN,98.0129533,98.8800565,86.0,94.6,0,NORMAL,
1657,EN26133176,ANSHUMAN AVINASH KUNTALWAR,98.0129533,99.6549344,88.67,94.6,0,NORMAL,
1658,EN26488982,DEEPTANSHU OMPRAKASH BHASKAR,98.0129533,98.4296784,86.67,94.16,0,NORMAL,
1659,EN26335019,TANISHA SACHIN DAHANE,98.0043281,99.6778075,83.33,96.8,0,NORMAL,
1660,EN26243290,SARTHAK PANKAJ KHATALE,98.0043281,99.4451773,75.33,97.4,0,NORMAL,
1661,EN26236591,RIDHIMA ASHISH MALLAWAT,98.0043281,,94.78,98.33,0,NORMAL,
1662,EN26382527,RUSHIKESH KESHAV PUND,98.0043281,97.940521,74.0,90.2,0,NORMAL,
1663,EN26362125,ISHANI GHOSH,98.0043281,97.3009495,93.33,98.0,0,NORMAL,
1664,EN26438318,MAYUR KHUSHAL KACHAVE,97.9955103,37.9825825,75.33,78.8,1,LOW,CET_vs_JEE: CET is LOWER than expected by 71 rank pts
1665,EN26202961,SAMRUDDHI SANTOSH REKHATE,97.9955103,99.5198831,85.67,88.4,0,NORMAL,
1666,EN26100084,GAURI GUNESH DESHPANDE,97.9955103,98.5858794,84.33,98.0,0,NORMAL,
1667,EN26327460,SAVYA YASHASWIN SHETH,97.9955103,99.6348123,95.0,92.4,0,NORMAL,
1668,EN26156387,AARNA SHANKAR ACHREKAR,97.9955103,99.7057484,87.67,98.66,0,NORMAL,
1669,EN26159915,AMOGH KETAN DABHOLKAR,97.9955103,99.4998496,87.0,97.1,0,NORMAL,
1670,EN26228205,VIKAS SHESHARAM CHOUDHARY,97.9955103,99.6943298,81.67,91.4,0,NORMAL,
1671,EN26215801,AVANTI CHANDRAKANT THENGE,97.9955103,94.8415735,66.67,97.8,0,NORMAL,
1672,EN26181709,JAISWAL SAHIL RUPESH,97.993185,58.1150221,74.67,65.2,1,LOW,CET_vs_JEE: CET is LOWER than expected by 70 rank pts
1673,EN26352141,SOHAM KHEMENDRA SHAH,97.993185,99.7141998,80.67,91.2,0,NORMAL,
1674,EN26406263,SHRAVANI SHEKHAR CHAVAN,97.993185,99.1107033,88.67,91.6,0,NORMAL,
1675,EN26221678,HRISHIKESH RAVIRAJ RAO,97.9928019,99.888573,84.33,97.0,0,NORMAL,
1676,EN26175512,PREET SANDEEP GUPTA,97.9928019,99.4736033,84.0,92.2,0,NORMAL,
1677,EN26275764,SUHAAS KRISHNA GANAPATHY,97.9915117,,96.67,93.4,0,NORMAL,
1678,EN26359490,PARAMVEER SINGH,97.9915117,,58.0,82.83,0,NORMAL,
1679,EN26158356,PAWAR DHIRAJ RAVINDRA,97.9915117,97.8090928,77.67,93.5,0,NORMAL,
1680,EN26175807,HANSIKA YOGESH MANJRE,97.9915117,98.9616221,87.67,93.33,0,NORMAL,
1681,EN26197421,MAAHER RAYOMAND IRANI,97.9915117,99.7765019,92.67,96.83,0,NORMAL,
1682,EN26193841,SIDDHANT SACHIN PATIL,97.9915117,99.5888727,91.0,93.5,0,NORMAL,
1683,EN26366958,GANESH EKNATH ILAG,97.9915117,97.887694,75.0,92.2,0,NORMAL,
1684,EN26291566,VEDANT RUSHIKESHJI JIDDEWAR,97.9915117,99.7363595,83.67,90.8,0,NORMAL,
1685,EN26200994,YASH HRISHIKESH PURANIK,97.9898706,99.7374777,88.67,91.83,0,NORMAL,
1686,EN26164106,SUMEDH PRASHANT BHAVSAR,97.9898706,52.016058,55.0,70.83,2,MEDIUM,CET_vs_JEE: CET is LOWER than expected by 70 rank pts; JEE_vs_HSC_SSC: JEE is HIGHER than expected by 55 rank pts
1687,EN26454645,ISHITA LEENA KHAPARE,97.9898706,98.2452519,91.0,96.66,0,NORMAL,
1688,EN26267465,ISHAAN RAHUL NILEKAR,97.9898706,99.8495557,94.33,97.5,0,NORMAL,
1689,EN26144771,ADITYA MOHAN,97.9885531,99.7292419,89.0,97.0,0,NORMAL,
1690,EN26306381,SUMAN MONDAL,97.9885531,99.7188507,93.33,89.4,0,NORMAL,
1691,EN26173604,HARDIK BHARAT LOHAR,97.9885531,99.2102425,85.33,88.0,0,NORMAL,
1692,EN26113560,ATHARVA ONKAR BHISE,97.9885531,98.4296784,87.33,96.0,0,NORMAL,
1693,EN26198314,RIYA PASARI,97.9885531,99.1415633,92.0,96.0,0,NORMAL,
1694,EN26276189,PRIYANSHU JHA,97.9881155,99.8016908,95.33,97.0,0,NORMAL,
1695,EN26442984,MAYANK PATLE,97.9881155,,87.33,90.33,0,NORMAL,
1696,EN26245180,AYUSH BANERJEE,97.9860066,99.4960569,98.0,97.66,0,NORMAL,
1697,EN26172907,AKSHATA SHIVSHANKAR MENKALE,97.9860066,99.2740965,85.33,94.4,0,NORMAL,
1698,EN26166978,VRUNDA SARDAR ANUSE,97.9860066,99.082285,80.0,97.83,0,NORMAL,
1699,EN26126070,AVANISH BHARAT BHUJADI,97.9860066,96.2590235,81.33,93.4,0,NORMAL,
1700,EN26250763,TARUN PADMANABHAN,97.9837462,99.6454857,94.67,93.0,0,NORMAL,
1701,EN26139971,SUYASH DNYANDEO ADSURE,97.9837462,98.8068517,91.0,94.83,0,NORMAL,
1702,EN26264474,ATHARV KRUSHNAT PATIL,97.9837462,98.0848861,70.33,92.6,0,NORMAL,
1703,EN26119675,VARUN KOTHARI,97.9837462,98.8739213,86.0,93.4,0,NORMAL,
1704,EN26391596,ATHARV HONGEKAR,97.9837462,98.451797,96.0,93.76,0,NORMAL,
1705,EN26276760,NIJAVE PRASHANT GANESH,97.9828902,98.6002947,67.67,97.8,0,NORMAL,
1706,EN26295341,ARNAV VASMATKAR,97.9828902,99.8369629,93.67,97.33,0,NORMAL,
1707,EN26182873,DEHARI PIYUSH ROSHAN,97.9828902,98.7089833,80.0,96.66,0,NORMAL,
1708,EN26308255,JAJU KRISHIV DARSHAN,97.9828902,99.7006726,73.33,96.4,1,LOW,CET_vs_HSC: CET is HIGHER than expected by 57 rank pts
1709,EN26307270,ADITYA SHRIKANT PATIL,97.9828902,99.5066825,76.67,92.6,0,NORMAL,
1710,EN26181811,ISHAN BIYANI,97.9828902,99.4001223,84.67,94.5,0,NORMAL,
1711,EN26226957,VARAD NITIN CHAVAN,97.9828902,98.6002947,83.67,93.5,0,NORMAL,
1712,EN26249886,ADITYA AJAY PANDE,97.9828902,99.4416984,88.67,96.83,0,NORMAL,
1713,EN26371517,AAHANA RAO,97.9727197,99.7464074,88.67,98.66,0,NORMAL,
1714,EN26394666,PRANAV PANDURANG GONDGE,97.9727197,62.2946352,42.67,87.6,1,LOW,CET_vs_JEE: CET is LOWER than expected by 69 rank pts
1715,EN26371439,SIDDHANT SANJAY DAUD,97.9727197,99.8248073,77.67,96.4,0,NORMAL,
1716,EN26253633,KAIVALYA PRASHANT DESHMUKH,97.9715898,99.1183262,73.0,90.2,0,NORMAL,
1717,EN26214388,PRANAY MORESHWAR GOBADE,97.9715898,99.3076575,92.67,89.4,0,NORMAL,
1718,EN26369518,YASH YOGESH CHINCHOLE,97.9715898,99.9197616,82.33,92.66,0,NORMAL,
1719,EN26158899,KUNAL RAMCHANDRA NILE,97.9715898,99.4145109,88.67,94.0,0,NORMAL,
1720,EN26292179,KASSETTY VENKATA TARUN,97.9715898,99.800896,85.67,95.3,0,NORMAL,
1721,EN26159056,SHREYA VISHWAJIT JOSHI,97.9684894,99.3965487,89.67,98.66,0,NORMAL,
1722,EN26332298,RIYA PRASHANT SHENOY,97.9684894,99.8662693,92.67,98.66,0,NORMAL,
1723,EN26210508,SARTH KAILASH DHULE,97.9684894,98.5909613,75.67,95.5,0,NORMAL,
1724,EN26380506,VISHAL VILAS KATALE,97.9684894,94.6508434,60.33,94.4,0,NORMAL,
1725,EN26130222,RAJWARDHAN AVINASH NAIKWADI,97.9615816,99.5959207,82.0,94.6,0,NORMAL,
1726,EN26131371,OM PRASHANT KANCHANGIRE,97.9578044,69.0271267,53.67,74.66,1,LOW,CET_vs_JEE: CET is LOWER than expected by 68 rank pts
1727,EN26137036,DAKSH GAJPALLA,97.9578044,98.7794007,94.67,96.66,0,NORMAL,
1728,EN26205843,YASH ANIRUDH KHEDKAR,97.957362,98.7645051,90.67,94.4,0,NORMAL,
1729,EN26149210,SAMEER KIRAN JOSHI,97.957362,99.2975956,94.0,94.8,0,NORMAL,
1730,EN26158635,ADVIKA UTTAM CHASKAR,97.9480323,99.750837,95.0,96.66,0,NORMAL,
1731,EN26311109,OMKAR KAILAS PAWAR,97.9480323,99.0970568,95.67,96.0,0,NORMAL,
1732,EN26332411,MANIT VIKRAM BOHRA,97.9480323,98.3419888,82.33,96.8,0,NORMAL,
1733,EN26354470,SHREYAS ANAND SHEWALKAR,97.9480323,99.0867404,71.0,96.0,0,NORMAL,
1734,EN26247302,ATHARV RAMKRISHNA PATIL,97.9480323,98.847481,71.0,90.8,0,NORMAL,
1735,EN26466206,SHOBIT GALHOTRA,97.9480323,,95.67,97.16,0,NORMAL,
1736,EN26276744,GUPTA SHUBHAM SAHEB,97.9384272,99.7010986,72.67,93.4,2,MEDIUM,CET_vs_HSC: CET is HIGHER than expected by 58 rank pts; CET_vs_HSC_SSC: CET is HIGHER than expected by 55 rank pts
1737,EN26202832,SHREYAS SUDHIR GUMASTE,97.9384272,99.9036646,91.33,95.8,0,NORMAL,
1738,EN26164999,ARYAN SATISH SANGALE,97.9316183,98.9619853,85.67,95.0,0,NORMAL,
1739,EN26196359,AMEYA RAHUL BHAGOJI,97.9291901,99.7374777,91.67,94.8,0,NORMAL,
1740,EN26154836,DARSHIL PALIWAL,97.9291901,,93.67,87.6,0,NORMAL,
1741,EN26447052,ADITI RAJU DHOBALE,97.9291901,98.6898385,69.0,98.4,0,NORMAL,
1742,EN26265554,INDRANEEL SUNIL AUTI,97.9291901,99.9184814,88.67,95.4,0,NORMAL,
1743,EN26425351,PRIYASHA SHARMA,97.9291901,99.2267861,91.67,98.16,0,NORMAL,
1744,EN26158680,NAMAN PIYUSH SHAH,97.9291901,99.9114874,85.67,96.2,0,NORMAL,
1745,EN26160504,ATHARVA PRANAV PHATAK,97.9288036,99.8020478,94.33,94.0,0,NORMAL,
1746,EN26187030,PATIL SHREYAS VISHAL,97.9288036,98.4561032,83.67,92.8,0,NORMAL,
1747,EN26238971,AYUSH NAMA,97.9288036,98.8658108,89.33,96.0,0,NORMAL,
1748,EN26378304,SNEHA DADASAHEB SASTE,97.9288036,96.3722342,72.0,89.4,0,NORMAL,
1749,EN26206131,MAYURI MARUTI PATIL,97.9268046,99.9461435,83.67,87.4,1,LOW,CET_vs_HSC_SSC: CET is HIGHER than expected by 53 rank pts
1750,EN26161299,NEIL MATHEW VARGHESE,97.9268046,99.1512886,95.33,96.16,0,NORMAL,
1751,EN26330243,SARANG SUHAS KHOSE,97.9268046,98.9199753,86.33,96.16,0,NORMAL,
1752,EN26258615,SHUBHAM PRAVIN MOHRIL,97.9268046,99.4224681,81.0,95.2,0,NORMAL,
1753,EN26346886,SUMIT JANARDHAN MORE,97.9268046,99.5311735,80.33,95.6,0,NORMAL,
1754,EN26207818,ASIT JASMINE JAIN,97.9240103,99.1510977,93.0,92.66,0,NORMAL,
1755,EN26116328,PRANAV SUDAM SONAWANE,97.9240103,99.2069983,85.33,94.8,0,NORMAL,
1756,EN26425733,AYUSH ANANDA PATIL,97.9240103,99.654192,94.0,97.83,0,NORMAL,
1757,EN26490022,SHLOK SHASHIKANT JADHAV,97.9240103,98.9480174,90.33,96.2,0,NORMAL,
1758,EN26145538,VIRAJ DEVENDRA TALVADEKAR,97.9238417,99.800896,84.0,95.6,0,NORMAL,
1759,EN26167795,YASHRAJ SHRIRAM KHAIRE,97.9238417,99.8424652,86.67,97.0,0,NORMAL,
1760,EN26177963,ANANYA GURUPRASAD RAORANE,97.9180542,99.8235522,85.33,98.6,0,NORMAL,
1761,EN26413397,JIHAN MILIND CHOKSI,97.9180542,99.9417724,86.0,95.4,0,NORMAL,
1762,EN26274478,SAUMYA MAYUR GUDKA,97.9180542,99.143221,78.67,90.16,0,NORMAL,
1763,EN26214291,YUKTI RAJ JAIN,97.9173427,98.1152875,85.0,92.33,0,NORMAL,
1764,EN26319814,PIYUSH PRAMOD PATASKAR,97.9169064,99.6811356,83.0,97.7,0,NORMAL,
1765,EN26178719,HRIDAN MEHUL SATRA,97.9169064,99.7292419,88.33,93.0,0,NORMAL,
1766,EN26111714,KARTIK PRANAY VARMA,97.9169064,98.7235067,84.33,91.3,0,NORMAL,
1767,EN26151118,BHAVYA AJAYKUMAR KISHANPRASAD SHARMA,97.9137715,99.3778786,71.67,88.2,0,NORMAL,
1768,EN26172590,ADITYA ATUL DANGRE,97.9102295,99.398859,88.0,96.66,0,NORMAL,
1769,EN26121289,ANSHUMAN MANOJ CHAKOLKAR,97.9098623,99.8886685,88.33,96.2,0,NORMAL,
1770,EN26211752,KSHITIJ SHARDUL KULKARNI,97.9098623,99.5871181,86.67,97.7,0,NORMAL,
1771,EN26234293,RISHABH MILIND PATIL,97.9098623,97.9337683,75.33,95.28,0,NORMAL,
1772,EN26364241,ANANT ARVIND MISHRA,97.8971537,99.7094753,78.0,95.33,0,NORMAL,
1773,EN26345233,SOHAM KHAN,97.8971537,,96.67,97.33,0,NORMAL,
1774,EN26233008,SHAURYA SHRIVASTAVA,97.8971537,92.2609198,65.0,91.6,1,LOW,CET_vs_JEE: CET is LOWER than expected by 61 rank pts
1775,EN26371457,YASHVIT YADAV,97.892365,,95.33,97.0,0,NORMAL,
1776,EN26121910,SAILI AVINASH KULKARNI,97.892365,99.3527968,79.33,98.0,0,NORMAL,
1777,EN26113241,VEDANT SUBHASH SAMBARE,97.892365,98.6682994,75.0,91.83,0,NORMAL,
1778,EN26215448,SHRAVAN MANIK JADHAV,97.8907918,99.0135423,79.0,88.0,0,NORMAL,
1779,EN26105569,SATTVIK RAJ SUBUDHI,97.8907918,99.6256385,88.0,96.0,0,NORMAL,
1780,EN26365876,RIDDHESH SANJAY DESALE,97.8907918,99.0185018,85.67,92.2,0,NORMAL,
1781,EN26147767,SHAIKH ADNAAN ABDUL KHALIK,97.8907918,99.6884735,67.0,89.6,2,MEDIUM,CET_vs_HSC: CET is HIGHER than expected by 63 rank pts; CET_vs_HSC_SSC: CET is HIGHER than expected by 66 rank pts
1782,EN26254586,AKSHAJ BRIJESH GANDHI,97.8869805,97.5446034,75.67,97.83,0,NORMAL,
1783,EN26228458,SARANG RAKESH SHAH,97.8869805,98.8788315,89.67,93.0,0,NORMAL,
1784,EN26218781,ADHYAYAN MANOJ SAMANT,97.8869805,99.8420578,71.33,96.3,2,MEDIUM,CET_vs_HSC: CET is HIGHER than expected by 65 rank pts; CET_vs_HSC_SSC: CET is HIGHER than expected by 55 rank pts
1785,EN26250633,AMEYA SACHIN DESHMUKH,97.8869805,98.5075769,85.0,81.2,0,NORMAL,
1786,EN26196638,SWAYAM PATIL,97.884657,99.0673026,92.0,96.6,0,NORMAL,
1787,EN26217876,KANISH NIRANJAN ANCHAN,97.884657,99.8200406,81.67,92.0,0,NORMAL,
1788,EN26232554,ANSARI ZEBA MOHAMMED NASIRUDDIN,97.884657,97.8021978,90.33,94.0,0,NORMAL,
1789,EN26242699,VIRAJ KALPESH NETALKAR,97.884657,99.6429697,93.0,94.6,0,NORMAL,
1790,EN26306277,DHAIRYA DIPEN DESAI,97.884657,98.9525497,73.0,97.0,0,NORMAL,
1791,EN26262627,PRUTHVI NILESH THAKRE,97.884657,98.3540373,78.0,86.33,0,NORMAL,
1792,EN26184980,JOE LUKOSE,97.8821749,99.7236023,86.67,91.0,0,NORMAL,
1793,EN26339768,DIVYA RAJESH SAVLA,97.8821749,99.926909,87.0,96.83,0,NORMAL,
1794,EN26244559,ABHIDNYA AMRUTA GODBOLE,97.8821749,99.2533719,89.67,95.66,0,NORMAL,
1795,EN26218134,PAWAN PANDURANG DEVKATTE,97.8821749,99.1530508,83.67,93.2,0,NORMAL,
1796,EN26185182,KHUSHI DATTATRAY TELANG,97.8821749,99.4500584,83.33,92.16,0,NORMAL,
1797,EN26101005,KARTIKI DIGAMBAR DATTASAMJE,97.8821749,98.8270624,95.67,91.33,0,NORMAL,
1798,EN26355422,AVDHUT RAJESH SHINDE,97.8806225,99.4701469,91.0,97.6,0,NORMAL,
1799,EN26464907,ANUJ SINGH,97.8806225,,75.33,92.8,0,NORMAL,
1800,EN26236240,TANUJ PATIL,97.8806225,,90.33,90.4,0,NORMAL,
1801,EN26170972,NEEL ASHISHKUMAR PATEL,97.8806225,99.6887728,87.67,94.6,0,NORMAL,
1802,EN26338626,MIHIKA ANIRUDHA GOPANPALLIKAR,97.8806225,99.3358064,86.67,94.5,0,NORMAL,
1803,EN26183782,UDAY CHAUHAN,97.8806225,,95.67,94.83,0,NORMAL,
1804,EN26170160,YATHARTH RAKESH AGRAWAL,97.8668686,99.4867045,87.67,95.33,0,NORMAL,
1805,EN26413984,PRIYAVARDHAN JAIN,97.8668686,98.9613527,86.0,94.0,0,NORMAL,
1806,EN26196878,AMEY DIPAK TEKE,97.8668686,99.8178443,86.33,97.0,0,NORMAL,
1807,EN26112941,MIRZA MOHD IBRAHIM,97.8668686,96.9477536,68.67,91.2,0,NORMAL,
1808,EN26448075,YASHASVI KUMAR,97.8668686,,93.67,97.83,0,NORMAL,
1809,EN26159657,DIVYA HIREN SHAH,97.8663922,99.312573,81.67,96.83,0,NORMAL,
1810,EN26100025,ARYA RAHUL MANDANEKAR,97.8663922,99.7282714,88.0,94.4,0,NORMAL,
1811,EN26197710,ARAV DHAWAN,97.8663922,,96.67,97.33,0,NORMAL,
1812,EN26124234,PRAVIN MADHUKAR DIGHE,97.865292,98.6218173,76.0,96.6,0,NORMAL,
1813,EN26325899,ATHUL DEVARAJA NELLI,97.8616593,99.8178319,78.0,90.4,1,LOW,CET_vs_HSC_SSC: CET is HIGHER than expected by 57 rank pts
1814,EN26104178,TVISHA SASHIDHARAN,97.8616593,,93.67,97.33,0,NORMAL,
1815,EN26123651,ISHAA VISHWANATH PARSEWAR,97.8616593,99.4914794,91.33,95.16,0,NORMAL,
1816,EN26349945,SHINGNE PARTH SUDHIR,97.8616593,99.0471821,91.33,88.66,0,NORMAL,
1817,EN26102773,AVNI AGARWAL,97.8608969,99.8395232,90.67,93.4,0,NORMAL,
1818,EN26291616,PARTH AMUL THACKER,97.8608969,98.5823981,86.0,98.66,0,NORMAL,
1819,EN26422236,MOHANISH KUMAR,97.8608969,98.6729671,88.0,95.33,0,NORMAL,
1820,EN26240250,CRISTIAN PRINCE,97.8608969,99.3778786,89.0,98.16,0,NORMAL,
1821,EN26294254,HARSHIT NITIN SHAH,97.8581674,99.6047295,86.0,94.0,0,NORMAL,
1822,EN26294220,SHREYAS PRASHANT AGNIHOTRI,97.8581674,98.4678322,85.0,92.4,0,NORMAL,
1823,EN26394316,SHUBHAM UTTAM KALAMKAR,97.8581674,99.727478,81.0,92.4,0,NORMAL,
1824,EN26186802,PIYUSH DATTATRAY MHASKE,97.8581674,98.4569438,74.33,81.4,0,NORMAL,
1825,EN26389529,OM NARENDRA KASABE,97.8565708,99.4197952,89.67,96.2,0,NORMAL,
1826,EN26266801,SUJAL MANGESH BAGWE,97.8565708,98.4569438,78.67,90.33,0,NORMAL,
1827,EN26141702,PRATIKSHA VIKAS PHULE,97.8565708,99.4672441,72.0,97.0,0,NORMAL,
1828,EN26281891,SUYASH MARUTI NAVARANG,97.8565708,99.4088128,81.33,85.2,0,NORMAL,
1829,EN26100343,KUNAL KUMAR KUNDNANI,97.8565708,,93.67,96.0,0,NORMAL,
1830,EN26177350,KAVYA SANDEEP SHINDE,97.8565708,98.7429314,83.0,96.5,0,NORMAL,
1831,EN26367328,AVANEESH DIPAK CHAUDHARY,97.8565708,99.0434195,82.33,88.6,0,NORMAL,
1832,EN26239427,VEDANT MANOJ GUPTA,97.8540612,99.3667343,91.33,94.0,0,NORMAL,
1833,EN26357862,SAKSHAM ASHISH TANPURE,97.8540612,99.7440441,89.33,89.33,0,NORMAL,
1834,EN26271319,YASH SANDEEP AGARWAL,97.8540612,99.2975956,80.67,93.66,0,NORMAL,
1835,EN26235144,RUSHIL RAJHANS JAIN,97.8540612,99.8851982,96.0,97.33,0,NORMAL,
1836,EN26219045,KRISTY AMIT CHHATTANI,97.8540612,99.6184676,89.33,95.8,0,NORMAL,
1837,EN26117611,ANISH KUMAR,97.8540612,,50.33,88.0,0,NORMAL,
1838,EN26412754,ARNAB MISHRA,97.8540612,98.7476321,95.33,96.33,0,NORMAL,
1839,EN26117163,ADVAIT SAMEER BHALERAO,97.8522717,99.6022839,87.67,91.0,0,NORMAL,
1840,EN26336864,ANISH ATUL BALLAL,97.8522717,99.8020478,93.33,94.8,0,NORMAL,
1841,EN26375662,GUL SAPRE,97.8522717,99.3890785,94.0,96.8,0,NORMAL,
1842,EN26253937,SWAYAM SURENDRA WASULE,97.8522717,65.814611,50.33,73.66,1,LOW,CET_vs_JEE: CET is LOWER than expected by 68 rank pts
1843,EN26294521,SHRIDHAR PRASHANT NIKUMBH,97.851044,99.3966183,88.0,93.8,0,NORMAL,
1844,EN26235058,SATAV APOORV NISHIGANDH,97.851044,99.3139932,81.67,94.6,0,NORMAL,
1845,EN26211838,HRISHIKA KAURAV,97.851044,99.5156527,88.67,97.8,0,NORMAL,
1846,EN26167681,UJJWAL UMESH VARHADI,97.8449024,99.3527968,92.0,96.2,0,NORMAL,
1847,EN26174837,MHATRE TANISH SANJEEV,97.8449024,96.5873016,72.0,95.16,0,NORMAL,
1848,EN26320469,GIRISH SIDDHESHWAR AMBUSE,97.8442281,99.9114874,73.67,87.6,2,MEDIUM,CET_vs_HSC: CET is HIGHER than expected by 64 rank pts; CET_vs_HSC_SSC: CET is HIGHER than expected by 70 rank pts
1849,EN26310909,PRITHVIRAJ SHRINIVAS CHAVAN,97.8442281,98.7920754,83.33,97.0,0,NORMAL,
1850,EN26271606,VIRAJ VIRENDRA DHOOT,97.8442281,97.6811594,89.33,95.8,0,NORMAL,
1851,EN26135591,NIKHIL SINHA,97.8442281,99.389234,84.33,95.85,0,NORMAL,
1852,EN26291532,YADAV ROHIT MAHESH,97.8442281,97.9339284,71.67,91.0,0,NORMAL,
1853,EN26203595,ADITYA DEEPAK GONDKAR,97.8442281,99.4395208,90.33,96.2,0,NORMAL,
1854,EN26294019,VEDANSH YOGESH SONAWANE,97.8382359,99.7748535,88.33,92.8,0,NORMAL,
1855,EN26126777,RANVEER DEEPAK PATIL,97.8382359,99.333359,87.67,94.16,0,NORMAL,
1856,EN26477963,VAIBHAV RAMNATH AGHAV,97.8244967,,90.67,94.0,0,NORMAL,
1857,EN26177933,RONIT ANIL NANDANE,97.8244967,99.335246,92.33,92.16,0,NORMAL,
1858,EN26234078,KISHAN JOTHI BHAVA,97.8236807,99.6249809,83.67,85.2,0,NORMAL,
1859,EN26369302,YOGIN PANKAJ KHER,97.8236807,99.2014366,92.33,94.0,0,NORMAL,
1860,EN26410352,SHOURYA RAJESH GAIKWAD,97.8236807,98.9413135,77.33,89.0,0,NORMAL,
1861,EN26239241,BHAVIKA SINGH,97.8236807,,95.0,98.5,0,NORMAL,
1862,EN26157315,MANISH BAPUSAHEB DESHMUKH,97.8236807,98.7389218,73.0,93.8,0,NORMAL,
1863,EN26358766,PRANAV SANJAY KOKANE,97.8205089,99.246115,81.0,94.0,0,NORMAL,
1864,EN26352058,SARTHAK SACHIN RANE,97.8205089,79.3766715,66.0,78.2,1,LOW,CET_vs_JEE: CET is LOWER than expected by 66 rank pts
1865,EN26168526,CHANCHAL KAMLESH BODKHE,97.8205089,99.548187,91.67,95.6,0,NORMAL,
1866,EN26184865,AMAN ARVIND PRAJAPATI,97.8205089,99.4983512,83.67,95.0,0,NORMAL,
1867,EN26242655,DRISHYA BIPIN NAIR,97.8205089,99.5411076,91.67,96.66,0,NORMAL,
1868,EN26223610,SPANDAN SAUVIC ROY,97.8184978,98.8957902,86.33,92.4,0,NORMAL,
1869,EN26112092,SHUBHAN SARATHI SARKAR,97.8184978,80.1708014,55.0,78.5,1,LOW,CET_vs_JEE: CET is LOWER than expected by 65 rank pts
1870,EN26174550,RADHESH NANAJKAR,97.8184978,99.4434527,91.0,94.66,0,NORMAL,
1871,EN26234891,ADITYA GAJANAN KAWTIKWAR,97.8184978,97.305038,75.33,93.5,0,NORMAL,
1872,EN26366327,AASHIKA PRAVIN RAUT,97.8184978,98.9164146,94.0,98.2,0,NORMAL,
1873,EN26293509,ROSHNI ROHIT CHAFEKAR,97.8143687,99.4822739,85.33,88.2,0,NORMAL,
1874,EN26150532,SHLOK SHAILESH KARNAWAT,97.8143687,99.7385621,87.67,96.6,0,NORMAL,
1875,EN26176451,NEIL VINIT JAIN,97.8103293,99.4683993,85.33,94.8,0,NORMAL,
1876,EN26371446,AARYA ANAND NAVANDAR,97.8103293,98.9760049,88.67,94.0,0,NORMAL,
1877,EN26101231,UDAY VILAS BHOJ,97.8103293,99.6884016,88.33,93.5,0,NORMAL,
1878,EN26216266,NEEL UMESH BANE,97.8103293,98.1178026,87.0,94.5,0,NORMAL,
1879,EN26289384,ARYAN DIPAK HIRLEKAR,97.8080094,99.6929809,86.0,95.8,0,NORMAL,
1880,EN26241490,MOHAMMED UMAIR ZAKIR KHAN,97.8080094,99.5691316,98.44,92.2,0,NORMAL,
1881,EN26161273,MANTHAN SHAILESH SOLANKI,97.8080094,99.1440399,82.67,95.8,0,NORMAL,
1882,EN26216999,JAISE BIJU THOMAS,97.8077026,,92.0,90.8,0,NORMAL,
1883,EN26240238,SATYAJEET SURENDRA SOMWANSHI,97.8029329,99.5651337,85.67,97.6,0,NORMAL,
1884,EN26171096,SHRAVANI PRASHANT INGLE,97.8029329,99.1546915,84.0,97.2,0,NORMAL,
1885,EN26217853,ANUSHKA SAMEER DEVI,97.8029329,99.4416984,89.0,98.0,0,NORMAL,
1886,EN26379151,ROHIT BALASAHEB DONGARE,97.8029329,99.3264576,83.67,90.2,0,NORMAL,
1887,EN26365629,ADITI DATTARAM RAKHONDE,97.8021503,99.5111312,84.33,97.66,0,NORMAL,
1888,EN26201953,ATHARVA NEERAJ SHARMA,97.8021503,99.4371337,92.0,98.5,0,NORMAL,
1889,EN26328494,HARDIK VINOD RAI,97.8021503,96.6852182,80.33,95.83,0,NORMAL,
1890,EN26262784,TANMAY GURUDATTA BHANDARE,97.8021503,99.7368975,80.0,91.2,0,NORMAL,
1891,EN26241553,KRISHNA SHRIRAM SONI,97.8021503,99.7954537,92.67,88.8,0,NORMAL,
1892,EN26173310,PRATIK PRAVIN MANAPURE,97.8021503,99.3817347,88.33,97.33,0,NORMAL,
1893,EN26129337,JAYESH SAVLARAM BISHNOI,97.8021503,99.7827268,87.0,97.16,0,NORMAL,
1894,EN26370948,SARTHAK SANDIP TAKALE,97.8017301,98.8698563,86.0,93.4,0,NORMAL,
1895,EN26152609,ABHISHEK ASHOK THETE,97.8017301,99.1997549,79.0,95.2,0,NORMAL,
1896,EN26247029,OM ATUL GAVHANE,97.8017301,99.1388387,83.0,96.8,0,NORMAL,
1897,EN26106910,AASTHA MEVAWALA,97.8017301,99.8242396,90.67,97.0,0,NORMAL,
1898,EN26179067,SHLOK JASRAJ DALVI,97.8017301,99.5446196,81.0,94.0,0,NORMAL,
1899,EN26329788,SAMAR RAJESH UTEKAR,97.8017301,99.8194946,94.67,95.0,0,NORMAL,
1900,EN26467450,LAKSHYA BALPANDE,97.7979821,98.5373609,86.67,96.8,0,NORMAL,
1901,EN26157470,SHREYAS SAMSHER RANA,97.7979821,99.5376121,92.33,93.4,0,NORMAL,
1902,EN26208988,PRAJWAL KIRAN PABALKAR,97.7979821,68.8065641,49.67,83.0,1,LOW,CET_vs_JEE: CET is LOWER than expected by 67 rank pts
1903,EN26176771,YASH EKNATH SATAV,97.7874786,99.6204279,93.67,90.0,0,NORMAL,
1904,EN26264182,NIZA CHADHA,97.7874786,99.3004769,89.33,99.0,0,NORMAL,
1905,EN26389031,AKUL CHAUDHARY,97.7874786,,84.33,96.0,0,NORMAL,
1906,EN26369548,SARVADNYA PRAKASH RASAVE,97.7874786,96.7550691,89.33,94.28,0,NORMAL,
1907,EN26267177,SATMEET KAUR,97.7874786,98.4678322,94.67,98.66,0,NORMAL,
1908,EN26178708,NISHANT SHUKLA,97.7836503,99.1542936,98.0,98.0,0,NORMAL,
1909,EN26449406,TEJAS NAVNATH GHALGIR,97.7836503,98.196704,73.0,86.33,0,NORMAL,
1910,EN26291662,SRUTI SACHIN GITE,97.7836503,99.7562268,88.0,97.16,0,NORMAL,
1911,EN26419914,SHREYAS SURESH PATIL,97.78278,99.4682537,88.33,89.6,0,NORMAL,
1912,EN26105188,ISHEET PRADEEPKUMAR JAIN,97.78278,91.794056,50.67,94.2,1,LOW,CET_vs_JEE: CET is LOWER than expected by 61 rank pts
1913,EN26339155,THEA GANDHI,97.78278,99.5888727,83.67,98.16,0,NORMAL,
1914,EN26138454,SIDDHANT MAHADEO BELKHEDE,97.78278,95.8390646,73.67,90.33,0,NORMAL,
1915,EN26367503,SHLOK AKHIL KEDIA,97.7817193,99.8516163,89.33,97.16,0,NORMAL,
1916,EN26295082,MANE ROHIT SUNIL,97.7817193,99.8922455,74.33,94.0,2,MEDIUM,CET_vs_HSC: CET is HIGHER than expected by 62 rank pts; CET_vs_HSC_SSC: CET is HIGHER than expected by 59 rank pts
1917,EN26271403,GOLE OM MAHESH,97.7817193,95.6149583,75.67,93.2,0,NORMAL,
1918,EN26404645,ARIJIT SINGH,97.7817193,,87.67,85.5,0,NORMAL,
1919,EN26198833,SHAIK RAYHAN,97.7817193,,97.89,94.6,0,NORMAL,
1920,EN26152339,TANISHKA NARENDRA TELAVANE,97.7817193,99.0125241,89.67,97.66,0,NORMAL,
1921,EN26296873,SHUBHIKA BHANDARI,97.7778762,99.6728339,96.0,96.6,0,NORMAL,
1922,EN26362944,AVANI SANDEEP WAGH,97.7778762,98.84049,80.0,94.6,0,NORMAL,
1923,EN26318880,SALVE YASHRAJ DHANRAJ,97.7778762,98.8658108,87.67,94.0,0,NORMAL,
1924,EN26421956,PURVA PRASAD CHAVARE,97.7778762,99.6517679,84.0,99.2,0,NORMAL,
1925,EN26192051,VEDANT SUNIL HIRVE,97.7778762,99.3375962,83.67,95.6,0,NORMAL,
1926,EN26273963,GEETANJALI VINOD,97.7778762,98.7189844,87.67,99.5,0,NORMAL,
1927,EN26228878,ADITYA KISHOR RAJMANE,97.7694438,99.5895601,83.67,98.4,0,NORMAL,
1928,EN26100798,UNNATI SHIRISH CHAUDHARI,97.7694438,98.5074053,75.0,96.4,0,NORMAL,
1929,EN26107230,NANDINI SANJAY BHADGAONKAR,97.7694438,99.3905516,76.67,97.0,0,NORMAL,
1930,EN26105481,SIDDHARTH SACHIN GANDHI,97.7694438,99.4889566,76.67,86.33,0,NORMAL,
1931,EN26169469,BHAVIK AMOL TADE,97.7694438,97.9249397,80.33,96.33,0,NORMAL,
1932,EN26278575,MUGDHA NILESH POWNIKER,97.7650609,98.2258996,95.0,97.4,0,NORMAL,
1933,EN26461405,DEVARAM LALARAM SUTHAR,97.7650609,98.297856,82.67,92.4,0,NORMAL,
1934,EN26363955,OM TUSHAR PUND,97.7650609,98.0744241,81.67,95.2,0,NORMAL,
1935,EN26252455,PRABHAV DEEPAK KULKARNI,97.7650609,99.0390182,67.33,93.8,0,NORMAL,
1936,EN26253976,AUM SHARMA,97.7650609,99.762088,89.67,98.2,0,NORMAL,
1937,EN26325957,AMEYA NAVNATH PAMPATWAR,97.7650609,98.1695568,82.0,87.4,0,NORMAL,
1938,EN26238378,TANISH RAJESH GODBOLE,97.7650609,99.0673026,88.67,93.83,0,NORMAL,
1939,EN26446293,TRISHA VENKATRAMAN IYER,97.7650609,,94.67,98.83,0,NORMAL,
1940,EN26113874,NEEL RAMCHANDRA KODHE,97.7633165,99.530649,84.0,95.0,0,NORMAL,
1941,EN26172920,AMIT SHARAD GAVHANE,97.7633165,98.0818957,72.33,89.0,0,NORMAL,
1942,EN26252726,DARSHIL HARESH LODE,97.7633165,99.0001766,87.33,91.0,0,NORMAL,
1943,EN26138899,SAMARTH ASHOK PISE,97.7633165,98.2953551,82.0,87.2,0,NORMAL,
1944,EN26112475,HARDIT SINGH,97.7525733,,89.67,94.0,0,NORMAL,
1945,EN26142165,VEDANT SANTOSH JACHAK,97.7525733,99.3974848,79.67,96.2,0,NORMAL,
1946,EN26333093,REHAN JAVED SHAIKH,97.7525733,96.9234547,79.33,94.0,0,NORMAL,
1947,EN26197393,KALASKAR SWAYAM VIRENDRA,97.7525733,99.2441336,75.33,87.57,0,NORMAL,
1948,EN26228076,NIKHIL VIRENDRA PETHE,97.7516917,99.8564445,85.0,94.4,0,NORMAL,
1949,EN26391826,VARMA VISHAL CHANDRAPRAKASH,97.7516917,99.6690398,75.33,90.4,1,LOW,CET_vs_HSC_SSC: CET is HIGHER than expected by 56 rank pts
1950,EN26387125,SARVESH SAMBHAJI GAIKWAD,97.7516917,99.0847784,92.0,95.0,0,NORMAL,
1951,EN26108787,NYONIKA GARG,97.7509033,99.453012,93.33,97.16,0,NORMAL,
1952,EN26165082,MAYSAA MURARI LAL CHATURVEDI,97.7509033,99.8039833,86.67,96.0,0,NORMAL,
1953,EN26233814,VEDANT GAJANAN KOKATE,97.7509033,98.2779955,78.67,94.2,0,NORMAL,
1954,EN26355198,BHAVESH DWARIKAPRASAD GUPTA,97.7495969,98.0628957,81.67,92.8,0,NORMAL,
1955,EN26361248,SUYASH SURESH SHINGOTE,97.7495969,99.576464,78.67,92.6,0,NORMAL,
1956,EN26272489,AMEY SADANAND NARUTE,97.7495969,99.0471853,87.67,97.8,0,NORMAL,
1957,EN26112180,MITHILESH GAUTAM KABRA,97.7495969,99.5448242,90.67,95.2,0,NORMAL,
1958,EN26392562,RIDDHI PARESH KADAM,97.7495969,98.0921502,81.67,96.83,0,NORMAL,
1959,EN26263327,KHADEEJA BINT IKRAM,97.7493717,99.0673026,76.67,96.6,0,NORMAL,
1960,EN26187138,AISHWARYA SHREENIVAS DESHPANDE,97.7492101,99.7550895,79.0,97.2,0,NORMAL,
1961,EN26336080,KEVIN VITHAL LAMBOR,97.7492101,99.576464,83.0,85.0,0,NORMAL,
1962,EN26330795,AARCHIE TARUN VORA,97.7492101,99.7243552,93.67,96.6,0,NORMAL,
1963,EN26135943,ARYAN VIJAY BHANDE,97.7492101,99.1918414,77.0,96.8,0,NORMAL,
1964,EN26150635,SHAKSHAM SOMANI,97.7492101,99.22161,92.33,96.0,0,NORMAL,
1965,EN26465441,VAIKALYA NILESH TUPKARI,97.7492101,98.5914005,88.33,95.2,0,NORMAL,
1966,EN26218098,SARTH SUHAS PISE,97.7475945,98.297856,72.67,91.6,0,NORMAL,
1967,EN26325275,AYAN KHALED SAYYAD,97.7475945,99.2306878,76.33,91.0,0,NORMAL,
1968,EN26193695,HARSH SANJAY INGOLE,97.7475945,99.5175556,84.0,95.8,0,NORMAL,
1969,EN26248538,NIKHIL KAILAS ALAI,97.7475945,99.5351622,81.67,95.0,0,NORMAL,
1970,EN26183296,AAYUSH GANESH GUPTA,97.7475945,99.2533719,87.33,95.2,0,NORMAL,
1971,EN26251530,MOHIT DHARMESH SHAH,97.7475945,99.3049821,79.67,88.2,0,NORMAL,
1972,EN26192385,ISHANT VIJAY SHARMA,97.7450416,98.3419888,81.0,93.0,0,NORMAL,
1973,EN26365458,SIDDHI GAUTAM LADE,97.7450416,97.9339284,91.33,98.4,0,NORMAL,
1974,EN26412153,MANE SHREYA SANDIP,97.741801,98.3571807,70.0,93.8,0,NORMAL,
1975,EN26107796,HARSHAL ASHOK LULE,97.741801,98.9897444,93.67,93.5,0,NORMAL,
1976,EN26447352,DHRUV SAHU,97.741801,,91.0,92.4,0,NORMAL,
1977,EN26135796,RAJVARDHAN DHANAJI JADHAV,97.741801,99.9338161,80.67,90.8,1,LOW,CET_vs_HSC_SSC: CET is HIGHER than expected by 56 rank pts
1978,EN26194462,VED UMESH PANDIT,97.7300403,99.0203625,78.33,98.2,0,NORMAL,
1979,EN26334330,TANISHQ GARJE,97.7300403,99.6348123,91.33,95.83,0,NORMAL,
1980,EN26116575,LAKSHMI PATNI,97.7254614,99.9114874,96.33,97.16,0,NORMAL,
1981,EN26250607,SOHAM PRASHANT TAWAREJ,97.7254614,97.7777778,67.0,86.33,0,NORMAL,
1982,EN26351745,WARAD AMOL ASARE,97.7254614,96.7149758,62.67,87.4,0,NORMAL,
1983,EN26401328,ABHISHEK APPASAHEB KASHID,97.7230972,98.5205065,76.0,92.6,0,NORMAL,
1984,EN26211450,RAUT ANIKET GAJANAN,97.7230972,97.321565,70.33,91.4,0,NORMAL,
1985,EN26388377,ADWAIT SHASHIKANT PATIL,97.7230972,97.0303948,83.67,95.6,0,NORMAL,
1986,EN26326979,NAYAN SUNIL SHINGNARE,97.7191146,99.6217823,88.0,89.6,0,NORMAL,
1987,EN26338621,KRISHNA DEEPAK MORE,97.7191146,99.3890785,88.33,94.4,0,NORMAL,
1988,EN26174427,OMKAR NARAYAN TATHE,97.7191146,99.3817347,86.67,96.57,0,NORMAL,
1989,EN26189743,DESHMUKH OMKAR SANTOSHRAO,97.7191146,99.5831886,82.0,96.0,0,NORMAL,
1990,EN26107592,TEJAL VIKAS DUBEY,97.7191146,99.6400466,91.33,95.0,0,NORMAL,
1991,EN26337396,AARATRIKA CHAKRABARTY,97.7191146,99.5962733,91.67,98.4,0,NORMAL,
1992,EN26118941,KRISHNA MISHRA,97.7191146,99.3132614,86.33,94.83,0,NORMAL,
1993,EN26355466,NAMAN SOMANI,97.7153986,,78.0,85.6,0,NORMAL,
1994,EN26271548,AYUSH SANJAY HAGE,97.7153986,99.901398,85.33,93.83,0,NORMAL,
1995,EN26268156,GAURAV RAVI SHARMA,97.7091366,99.858932,84.67,94.6,0,NORMAL,
1996,EN26189652,YADNESH VIKRAM BATTISE,97.7091366,99.6185118,80.0,97.8,0,NORMAL,
1997,EN26151023,AADITYA RAJESH CHOUHAN,97.7091366,99.4239868,85.67,96.4,0,NORMAL,
1998,EN26252988,KRISHNENDU MANDAL,97.7090769,,92.0,92.33,0,NORMAL,
1999,EN26146955,MURZIN SCHEZAD GOLIMAR,97.7090769,95.7279024,83.33,97.4,0,NORMAL,
2000,EN26141767,ADISHA AMIT PATNI,97.7090769,98.847481,90.67,95.8,0,NORMAL,
2001,EN26407854,SHRAVANI SHRIDHAR NADIMETLA,97.7009942,98.7697578,88.33,98.4,0,NORMAL,
2002,EN26153615,SWAROOP NITIN INGOLEY,97.7009942,99.2231747,84.0,94.83,0,NORMAL,
2003,EN26406680,SHANKAR NARSING GUNDEWAD,97.7009942,,46.0,79.4,0,NORMAL,
2004,EN26434308,AAYUSH JITENDRA YADAV,97.7009942,98.644371,80.67,87.0,0,NORMAL,
2005,EN26329645,ALAM HASAN NADAF,97.7009942,99.3101241,79.33,93.4,0,NORMAL,
2006,EN26358876,DANGE OMKAR SATISH,97.699938,73.3487346,85.67,97.2,3,HIGH,CET_vs_JEE: CET is LOWER than expected by 66 rank pts; CET_vs_HSC: CET is LOWER than expected by 56 rank pts; CET_vs_HSC_SSC: CET is LOWER than expected by 63 rank pts
2007,EN26181478,AARYAN RAJESH HADAWALE,97.699938,92.8362212,73.0,92.66,1,LOW,CET_vs_JEE: CET is LOWER than expected by 59 rank pts
2008,EN26163836,ROHAN JHA,97.699938,,52.67,89.2,0,NORMAL,
2009,EN26211681,ATHARV BOTHARA,97.699938,98.700567,73.33,93.0,0,NORMAL,
2010,EN26252578,DEOKAR SANVI NARENDRA,97.6941402,98.4310487,79.33,96.2,0,NORMAL,
2011,EN26192975,SRIKAR AMMU,97.6941402,99.0914533,76.0,96.4,0,NORMAL,
2012,EN26166040,SUSHANT ASHOKRAO PATIL,97.6941402,97.0823011,82.33,90.66,0,NORMAL,
2013,EN26112425,AARUSH RAHUL JADHAV,97.6941402,96.8479282,84.0,95.8,0,NORMAL,
2014,EN26173363,TANISHKA SATYAM KALAMBKAR,97.6941402,99.1944886,83.67,93.6,0,NORMAL,
2015,EN26407043,ANSARI ASIF MOHAMMAD ALI,97.6941402,97.9274077,76.33,86.0,0,NORMAL,
2016,EN26433399,AVANI KIRAN NAIK,97.6918542,99.4395208,91.0,96.0,0,NORMAL,
2017,EN26229691,ARYAN NITIN SHEJWAL,97.6893706,81.3283933,46.67,85.6,1,LOW,CET_vs_JEE: CET is LOWER than expected by 64 rank pts
2018,EN26180148,PIYUSHA TEJESH CHAUDHARI,97.6893706,99.6046463,84.0,92.83,0,NORMAL,
2019,EN26416611,AADISH NIKHIL MODI,97.6893706,99.4434527,88.0,88.66,0,NORMAL,
2020,EN26246957,PUSHKAR GIRISH SONNEKAR,97.6893706,99.8891946,85.33,98.0,0,NORMAL,
2021,EN26363747,ARJIT MAHESHWARI,97.6893706,99.4436032,90.67,95.4,0,NORMAL,
2022,EN26186759,GAJENDRAGADKAR TANMAY ABHIJIT,97.6893706,98.4914374,74.33,93.6,0,NORMAL,
2023,EN26136989,ARNAV VINAY SAVANT,97.6893706,98.7223398,92.33,97.6,0,NORMAL,
2024,EN26380503,VINIT TANAJI NANGARE,97.6893706,99.8249851,89.33,85.6,0,NORMAL,
2025,EN26459191,SHUBHAM SINGHAL,97.6893706,,85.33,94.8,0,NORMAL,
2026,EN26117226,PRANTIK JHA,97.6867303,99.376947,85.0,94.4,0,NORMAL,
2027,EN26165666,ADVAIT ASHISH GOKHALE,97.6867303,99.7440441,93.67,96.33,0,NORMAL,
2028,EN26146414,AARUSH SALVI,97.6867303,99.5828869,92.67,95.6,0,NORMAL,
2029,EN26269132,ARUSHI RUSHIKESH KULKARNI,97.6867303,98.9722983,74.67,96.6,0,NORMAL,
2030,EN26125322,ASHWIN BHAT,97.6850511,,80.33,93.6,0,NORMAL,
2031,EN26351608,RUSHI MEGHNATH LELE,97.6850511,99.5376121,84.33,94.2,0,NORMAL,
2032,EN26392876,YOGENDRA DNYANESHWAR CHARPE,97.6850511,53.1999725,57.67,85.6,1,LOW,CET_vs_JEE: CET is LOWER than expected by 68 rank pts
2033,EN26252298,ADARSH PRASHANT DULANGE,97.6850511,98.4990553,58.0,92.66,0,NORMAL,
2034,EN26118964,MIHIR HEMANT MARATHE,97.6850511,99.0394918,90.67,97.4,0,NORMAL,
2035,EN26398222,PREET VARIA,97.6850511,,91.33,97.6,0,NORMAL,
2036,EN26291477,ADITYA ANIL BAVISKAR,97.6810805,99.7273982,77.33,95.66,0,NORMAL,
2037,EN26385473,SHAIKH MOHAMAD ANAS,97.6810805,99.4224681,77.0,87.8,0,NORMAL,
2038,EN26153242,SAMARTH RAJESH DARJI,97.6810805,99.3974848,83.67,93.8,0,NORMAL,
2039,EN26124074,PARTH JAY WAGH,97.6810805,97.2886818,63.0,91.4,0,NORMAL,
2040,EN26277453,RISHAV CHOUDHARY,97.6810805,98.291758,85.67,97.6,0,NORMAL,
2041,EN26340485,KULESHWAR MAHAJAN,97.6809082,,79.67,78.4,0,NORMAL,
2042,EN26127562,PATHARE SPANDAN PRADEEP,97.6809082,,91.67,95.33,0,NORMAL,
2043,EN26284050,ARTH ANUJ AGARWAL,97.6809082,99.4500584,77.67,91.0,0,NORMAL,
2044,EN26118905,SHIVAM,97.6809082,,47.33,79.0,0,NORMAL,
2045,EN26281242,BHAVYA GARG,97.6809082,,89.33,97.16,0,NORMAL,
2046,EN26464175,ANANT MATHUR,97.6809082,,90.67,94.16,0,NORMAL,
2047,EN26266629,ANSHUL DHAREMENDRA DHAGE,97.6809082,97.2937644,91.0,95.8,0,NORMAL,
2048,EN26482876,LIMESH CHANDRAKANT PAGARE,97.674055,97.4745389,81.33,94.0,0,NORMAL,
2049,EN26187527,MUNDHE VARAD NANASAHEB,97.674055,,77.0,83.8,0,NORMAL,
2050,EN26365747,SWAPNIL ATUL DESHPANDE,97.67377,98.6435886,73.0,94.6,0,NORMAL,
2051,EN26417425,NILANJAN SAHA,97.67377,99.3275256,89.33,96.33,0,NORMAL,
2052,EN26485065,ARHUM PRANAV GANDHI,97.67377,98.0628957,76.0,97.6,0,NORMAL,
2053,EN26333718,TEJAS PANDHARI GOTEY,97.6626415,99.4960569,77.33,86.4,0,NORMAL,
2054,EN26328108,SHREYASH DNYANDEV PATIL,97.6626415,99.7284085,83.33,95.2,0,NORMAL,
2055,EN26131929,AKSHAT PRAMOD PATHAK,97.6626415,96.7647625,93.33,93.4,0,NORMAL,
2056,EN26241378,RUGVED VISHVESHWAR KUMBHARE,97.6626415,99.8424652,95.33,95.6,0,NORMAL,
2057,EN26284003,NABHANT NARENDRA TARWATKAR,97.6626415,97.9337683,87.67,96.4,0,NORMAL,
2058,EN26180501,V V MANASVI,97.6626415,,89.33,97.83,0,NORMAL,
2059,EN26224946,ISHAAN RAJNEESH PARSAWAT,97.6622931,98.2717542,81.67,90.4,0,NORMAL,
2060,EN26185665,PRANALI PRAVIN PATIL,97.6622931,99.6657302,90.67,96.2,0,NORMAL,
2061,EN26423810,ATREYA MISHRA,97.6622931,,87.67,93.8,0,NORMAL,
2062,EN26434771,HARDIK GOYAL,97.6622931,,74.33,75.33,0,NORMAL,
2063,EN26357897,OM SUNIL JASUD,97.6622931,99.143221,73.0,96.8,0,NORMAL,
2064,EN26364348,SUYASH VIJAYKUMAR LONDHE,97.6622931,36.8722261,68.67,77.0,1,LOW,CET_vs_JEE: CET is LOWER than expected by 69 rank pts
2065,EN26377760,RUSHIL SUNIL ROKADE,97.6613023,78.4082225,52.0,79.0,1,LOW,CET_vs_JEE: CET is LOWER than expected by 64 rank pts
2066,EN26390710,SIDDHANT MANOJ KATE,97.6613023,99.3469444,90.33,98.8,0,NORMAL,
2067,EN26175786,SOHAM AJAY SHIROLE,97.6598272,99.8010103,95.0,94.0,0,NORMAL,
2068,EN26294860,SAHANA SUBRAMANIAM IYER,97.6598272,99.9293411,89.33,97.3,0,NORMAL,
2069,EN26440817,AJAY DHANANKA,97.6598272,,56.67,84.0,0,NORMAL,
2070,EN26120455,NAYAN MAHENDRA KAPALE,97.6598272,99.5185695,94.33,93.2,0,NORMAL,
2071,EN26118389,OM SANTOSH DAPHALE,97.6598272,98.2111945,86.67,94.0,0,NORMAL,
2072,EN26279658,SAEE PANKAJ SHAHANE,97.6598272,99.853818,95.33,98.5,0,NORMAL,
2073,EN26280798,DAKSH SAXENA,97.6527962,,89.0,95.16,0,NORMAL,
2074,EN26394177,KADAM SIDDHESH ANANDA,97.6527962,99.2320819,82.33,96.8,0,NORMAL,
2075,EN26379104,DISHITA JAGDISH PRATHYANI,97.6527962,94.2160225,91.0,93.2,2,MEDIUM,CET_vs_HSC: CET is LOWER than expected by 59 rank pts; CET_vs_HSC_SSC: CET is LOWER than expected by 54 rank pts
2076,EN26224816,SOHAM DINAKAR KULKARNI,97.6527962,99.7385621,81.33,94.2,0,NORMAL,
2077,EN26414279,SOHAM MOHIT MEHTA,97.6527962,99.3132614,90.67,89.42,0,NORMAL,
2078,EN26336624,RIDAM SACHIN SATRE,97.6456917,99.365046,74.67,93.0,0,NORMAL,
2079,EN26256570,PRANAMYA AVINASH SANKHE,97.6455935,85.5286474,75.33,89.2,1,LOW,CET_vs_JEE: CET is LOWER than expected by 63 rank pts
2080,EN26292247,KRUSHNA SUHAS PAWAR,97.6455935,96.7919146,72.0,93.6,0,NORMAL,
2081,EN26489676,SHRIOM SAMBHAJI PATKURE,97.6455935,98.2414965,72.67,91.4,0,NORMAL,
2082,EN26278807,ISHA SAGAR GADAM,97.6398215,99.4543918,95.67,96.16,0,NORMAL,
2083,EN26340924,VED UMESH VARADE,97.6398215,99.7594475,88.0,83.83,0,NORMAL,
2084,EN26383117,ADITYA ARVIND MAGAR,97.6398215,98.5350565,75.0,97.8,0,NORMAL,
2085,EN26308320,ABHISAAR SACHDEVA,97.6390563,98.9540325,90.67,89.66,0,NORMAL,
2086,EN26149441,DEVANSH SUMIT PAREKH,97.6390563,99.8327645,90.0,96.0,0,NORMAL,
2087,EN26185269,YALAMANCHILI SAI SANJAY,97.6364563,98.5669073,84.0,87.83,0,NORMAL,
2088,EN26129941,PREM NAVNATH BABAR,97.6364563,99.3168292,73.33,95.6,0,NORMAL,
2089,EN26114334,DEVYANEE SHARAD JAWLE,97.6364563,99.5828869,96.67,95.16,0,NORMAL,
2090,EN26428291,NAVEEN CHANDRASHEKHAR KADAM,97.6364563,98.6451406,73.0,95.4,0,NORMAL,
2091,EN26241881,VEDIKA ARUN PATHADE,97.6364563,98.9413135,83.33,95.0,0,NORMAL,
2092,EN26356772,SRUSHTI SURESH MAID,97.6364563,97.406218,70.67,95.2,0,NORMAL,
2093,EN26207421,DARSHIL VIJAY MOHITE,97.6364563,99.5895601,72.33,93.5,0,NORMAL,
2094,EN26119846,PRANAV ASHOK BODKE,97.6357156,99.9076746,81.0,85.83,1,LOW,CET_vs_HSC_SSC: CET is HIGHER than expected by 58 rank pts
2095,EN26339802,SAYANTAN BARUN PAUL,97.6357156,99.4434527,92.0,96.16,0,NORMAL,
2096,EN26123114,DHANVI VIJAY SACHDEO,97.6357156,98.4310487,88.67,98.2,0,NORMAL,
2097,EN26266222,JINANSH PRANAV SHAH,97.6357156,,81.0,96.33,0,NORMAL,
2098,EN26202755,ABHIJIT HEMANT KADAM,97.6357156,99.7358876,87.67,93.16,0,NORMAL,
2099,EN26178593,SUHAN SAMEER JADHAO,97.6357156,99.3416992,93.33,97.2,0,NORMAL,
2100,EN26243320,SOUMAJIT BHATTACHARJEE,97.6357156,,96.67,94.16,0,NORMAL,
2101,EN26407946,JOSHI ATHARV VISHWANATH,97.6357156,98.044541,81.33,97.4,0,NORMAL,
2102,EN26161169,CHAITANYA MAHENDRASINH SISODIA,97.6231047,99.267874,87.11,86.5,0,NORMAL,
2103,EN26369521,AYAN UMAR FAROOQ KHAN,97.6231047,57.6578681,35.67,79.2,1,LOW,CET_vs_JEE: CET is LOWER than expected by 67 rank pts
2104,EN26368994,KUHITE DEVANSH MANOJ,97.6231047,90.6279863,79.33,90.2,1,LOW,CET_vs_JEE: CET is LOWER than expected by 60 rank pts
2105,EN26157284,SHANTANU SAMIR KASBEKAR,97.6231047,99.8229748,89.67,95.0,0,NORMAL,
2106,EN26462117,ARHAN BORKATAKI,97.6231047,90.4512103,70.33,93.4,1,LOW,CET_vs_JEE: CET is LOWER than expected by 61 rank pts
2107,EN26414470,SONTAKKE TEJAS VIJAY,97.6231047,94.5936573,78.67,90.8,0,NORMAL,
2108,EN26100311,SHIVIN DHAR,97.6231047,,96.67,95.6,0,NORMAL,
2109,EN26134078,SAINATH SUNIL CHOLE,97.6179953,86.9330662,47.33,89.0,1,LOW,CET_vs_JEE: CET is LOWER than expected by 62 rank pts
2110,EN26312785,MANDAR MANGESH DESHPANDE,97.6179953,98.8208547,76.0,94.8,0,NORMAL,
2111,EN26177686,ADITYA VIKRAM BHATE,97.6179953,98.4310487,79.33,97.0,0,NORMAL,
2112,EN26466340,ARNAV NANDKISHOR DHAGE,97.6179953,97.9153809,87.67,93.6,0,NORMAL,
2113,EN26336565,ABHIDNYA PRAFULLA BIDKAR,97.6169103,95.9511018,77.67,81.6,0,NORMAL,
2114,EN26180382,TIRTH PARAS MEHTA,97.6169103,99.9473526,83.0,97.0,0,NORMAL,
2115,EN26175622,PRATHAMESH,97.6169103,,84.67,94.0,0,NORMAL,
2116,EN26368786,KAIVALYA MRITYUNJAY PARATWAR,97.6169103,98.9722983,82.0,89.0,0,NORMAL,
2117,EN26484913,THAKUR PRINCE BINOD,97.6169103,98.2635235,80.33,94.71,0,NORMAL,
2118,EN26231899,SWARA SWANAND ARJUNWADKAR,97.6169103,99.4157162,96.33,97.8,0,NORMAL,
2119,EN26247040,HARDIK PAWAN AGRAWAL,97.6169103,95.6935818,79.33,91.0,0,NORMAL,
2120,EN26410729,ASUTOSH PATRA,97.6169103,,81.0,96.6,0,NORMAL,
2121,EN26197193,DARSHAN VILAS THAKRE,97.6122576,98.0818957,81.67,96.2,0,NORMAL,
2122,EN26178066,DEEP SAMIRAN PANDIT,97.6122576,98.4843712,93.33,98.0,0,NORMAL,
2123,EN26237243,PIYUSH KUMAR,97.6122576,,63.33,87.0,0,NORMAL,
2124,EN26176770,ADVIKA SOURABH KANKHAR,97.6122576,98.6704553,84.67,97.6,0,NORMAL,
2125,EN26362812,AISHWARYA MUNNALAL PIPREWAR,97.6122576,98.84049,89.33,95.4,0,NORMAL,
2126,EN26280117,SAACHI KIRTESH AGRAWAL,97.6029119,99.8468431,93.0,96.16,0,NORMAL,
2127,EN26175308,PRATHAM KAPIL CHORDIYA,97.6029119,99.518323,78.67,95.6,0,NORMAL,
2128,EN26321370,KHOMANE RUSHIKESH DADARAM,97.6029119,85.9106165,55.33,82.4,1,LOW,CET_vs_JEE: CET is LOWER than expected by 63 rank pts
2129,EN26141933,VEDANT PANKAJ SHARMA,97.6004438,99.0001766,68.33,90.6,0,NORMAL,
2130,EN26220232,RAJ KAUSHIK,97.6004438,,80.0,85.6,0,NORMAL,
2131,EN26287261,AASTHA AJAY SINGH,97.6004438,98.7472209,72.0,92.8,0,NORMAL,
2132,EN26362786,GURU RAJENDRA NIKAM,97.6004438,99.41195,88.33,85.2,0,NORMAL,
2133,EN26264579,DEVANG VISHNUPANT THORAT,97.6004438,99.8147505,80.33,95.6,0,NORMAL,
2134,EN26337952,SOHAM PRASHANT BHARAMBE,97.6004438,98.2505176,79.0,94.4,0,NORMAL,
2135,EN26236108,SIDDHARTH SUDEEP BARVE,97.6002293,99.8076553,88.33,93.83,0,NORMAL,
2136,EN26331687,RAJ AMOL KUMAVAT,97.6002293,28.4767446,57.0,73.6,1,LOW,CET_vs_JEE: CET is LOWER than expected by 68 rank pts
2137,EN26110195,PRATHAMESH SANDEEP WAKCHAURE,97.6002293,99.8020478,88.0,93.6,0,NORMAL,
2138,EN26238980,MOHIT PANDURANG WAGH,97.6002293,98.5077241,91.67,93.16,0,NORMAL,
2139,EN26137021,SAUMYA KARTIK DOSHI,97.6002293,99.608286,85.33,95.2,0,NORMAL,
2140,EN26338736,MAHINDRE SAMARTH SUNIL,97.6002293,98.6605434,81.67,94.0,0,NORMAL,
2141,EN26364931,SAKSHAM UMESH KHORIYA,97.5990453,99.4646981,93.67,91.4,0,NORMAL,
2142,EN26225408,PRANAV SHRIRANG SURVASE,97.5990453,99.3416992,75.33,99.2,0,NORMAL,
2143,EN26365129,CHIRAG TIROLE,97.5990453,99.2696246,83.0,92.0,0,NORMAL,
2144,EN26311423,KARAN NARAYAN DHANAGRE,97.5990453,99.1830123,83.0,92.2,0,NORMAL,
2145,EN26284544,SHASHANK SATISH SAWANT,97.5990453,99.8124904,90.67,93.0,0,NORMAL,
2146,EN26150302,SHREYA RAMESHWAR WAYAL,97.5986939,98.2148483,87.0,96.4,0,NORMAL,
2147,EN26100695,ADITHYA SREEKUMAR NAIR,97.5986939,99.8573566,89.67,94.3,0,NORMAL,
2148,EN26344060,SHREEROOP MAHADEV LOHAR,97.5986939,99.1344285,82.33,96.4,0,NORMAL,
2149,EN26214722,SANDIP DIPAK BENDSURE,97.5986939,99.2014366,78.33,93.0,0,NORMAL,
2150,EN26357166,MANAS MOTILAL PATIL,97.5979431,99.9029541,76.33,92.8,2,MEDIUM,CET_vs_HSC: CET is HIGHER than expected by 59 rank pts; CET_vs_HSC_SSC: CET is HIGHER than expected by 59 rank pts
2151,EN26252968,VEDANT UMESH VARADE,97.5979431,99.6878761,85.0,92.33,0,NORMAL,
2152,EN26116202,ATHARVA KISHOR SAPALE,97.5979431,99.2177086,83.0,95.0,0,NORMAL,
2153,EN26114426,SHARVIL AMIT LAVHEKAR,97.5979431,99.2844023,75.33,95.8,0,NORMAL,
2154,EN26319400,SHUBHAM DINESH KELGAONKAR,97.5979431,98.7920188,82.33,94.66,0,NORMAL,
2155,EN26335800,VIGHNESH SAMBHAJI PHADATARE,97.5979431,97.9141813,85.33,88.6,0,NORMAL,
2156,EN26144041,ADITYA BALAJI ZADKE,97.5979431,98.3419888,76.33,98.6,0,NORMAL,
2157,EN26112909,YASH VISHAL GANJU,97.5977649,60.5539527,60.0,81.0,1,LOW,CET_vs_JEE: CET is LOWER than expected by 66 rank pts
2158,EN26365242,ABHINAV RAJESH DESHMUKH,97.5977649,99.2921716,86.33,92.2,0,NORMAL,
2159,EN26227498,CHAITANYA ARVIND,97.5945459,99.5286265,88.33,97.5,0,NORMAL,
2160,EN26181033,KATTA NEERAV REDDY,97.5945459,99.2474239,84.67,94.8,0,NORMAL,
2161,EN26426644,SUJAL SANTOSH GAIKWAD,97.5840109,99.5527697,64.67,94.0,2,MEDIUM,CET_vs_HSC: CET is HIGHER than expected by 59 rank pts; CET_vs_HSC_SSC: CET is HIGHER than expected by 54 rank pts
2162,EN26118498,YASHIKA GUPTA,97.5840109,99.7321087,84.0,95.8,0,NORMAL,
2163,EN26243643,SHLOK SANDIP BAGHELE,97.5840109,98.7389218,81.0,93.16,0,NORMAL,
2164,EN26350633,AKILARASU S,97.5840109,98.7328923,72.0,83.6,0,NORMAL,
2165,EN26374846,JHA SHUBHAM SHAMBHUNATH,97.5840109,98.8395904,71.67,87.4,0,NORMAL,
2166,EN26110959,RITIKA RAO,97.5840109,99.6771018,91.33,96.8,0,NORMAL,
2167,EN26332983,AARUSH VISHAL MESHRAM,97.5840109,97.6121663,93.33,93.8,0,NORMAL,
2168,EN26131334,KARAN AMIT NAGDA,97.5840109,98.5690295,92.0,90.57,0,NORMAL,
2169,EN26288738,SHAIKH RUMAN RIZWAN,97.5817689,99.6118163,92.33,93.6,0,NORMAL,
2170,EN26250651,MEET MINESH PATIL,97.5817689,99.75686,81.33,96.4,0,NORMAL,
2171,EN26124685,OM KETAN DAVE,97.5817689,99.7268706,73.67,90.4,2,MEDIUM,CET_vs_HSC: CET is HIGHER than expected by 57 rank pts; CET_vs_HSC_SSC: CET is HIGHER than expected by 60 rank pts
2172,EN26100301,NIDHI RAJESH MANKAR,97.5817689,99.6298484,89.0,94.5,0,NORMAL,
2173,EN26176283,VEDANT SANDEEP GANORKAR,97.5817689,97.1601104,88.33,94.0,0,NORMAL,
2174,EN26480432,FELIX JOJO,97.5817689,,72.67,86.83,0,NORMAL,
2175,EN26141094,NAMRA HARDIK DOSHI,97.5817689,98.3571807,97.0,94.2,0,NORMAL,
2176,EN26433000,ADITYA ASHOK MUNDE,97.5817689,94.7940349,84.33,100.0,0,NORMAL,
2177,EN26358647,SHIVRAJ VIJAYKUMAR PATIL,97.5817689,99.1107033,79.0,96.5,0,NORMAL,
2178,EN26118658,AASHIKA AMIT PATIL,97.5792188,99.4910455,93.0,97.5,0,NORMAL,
2179,EN26414445,VRISHAB KANT,97.5792188,99.871964,95.33,93.66,0,NORMAL,
2180,EN26119308,ARNAV NILESH TAWDE,97.578992,99.9043319,82.67,98.16,0,NORMAL,
2181,EN26274498,ADITYA SHIVSHANKAR SAMSHETTE,97.578992,98.242524,91.0,96.16,0,NORMAL,
2182,EN26232136,SRISAY SANKAR CHATTERJEE,97.578992,99.6009661,90.0,93.6,0,NORMAL,
2183,EN26396783,TANMAY PRAKASH LALIT,97.578992,97.6882405,90.0,95.0,0,NORMAL,
2184,EN26347804,VARAD ABHIJIT KETKAR,97.574006,99.4537801,94.0,95.2,0,NORMAL,
2185,EN26125380,DHRUV GANESH LOHAR,97.574006,98.9382574,93.67,92.2,0,NORMAL,
2186,EN26293524,RADHESHKUMAR RANJEET YADAV,97.574006,99.5887328,81.33,92.6,0,NORMAL,
2187,EN26222270,ANVESH MANISH MORE,97.574006,99.4784557,80.67,96.0,0,NORMAL,
2188,EN26134754,PREET MANOJ JAIN,97.5644344,99.8235522,83.0,93.8,0,NORMAL,
2189,EN26146176,REHAN SAMIR SHAH,97.5644344,99.4643752,83.0,98.66,0,NORMAL,
2190,EN26456006,RAJ DATTATRAYA GHADAGE,97.5644344,97.1170667,71.33,87.8,0,NORMAL,
2191,EN26194537,RONAK MUKESH PATEL,97.5644344,98.7019803,66.67,84.57,0,NORMAL,
2192,EN26445082,CHAITANYA DNYANESHWAR ZODAPE,97.5549105,97.259303,74.33,90.2,0,NORMAL,
2193,EN26345554,YAMGAR VIVEK ISHWAR,97.5549105,93.0429397,93.0,94.83,2,MEDIUM,CET_vs_HSC: CET is LOWER than expected by 65 rank pts; CET_vs_HSC_SSC: CET is LOWER than expected by 63 rank pts
2194,EN26337998,ATHARV BABASAHEB MAHAJAN,97.5498942,98.5144209,86.0,94.2,0,NORMAL,
2195,EN26390160,ARYAN DNYANESHWAR AHIRE,97.5498942,65.3107562,58.33,95.2,1,LOW,CET_vs_JEE: CET is LOWER than expected by 66 rank pts
2196,EN26118442,ISHAN MHETRE,97.5498942,97.259303,92.67,93.4,0,NORMAL,
2197,EN26138873,KUSH SUNIL BAHETI,97.5481611,99.1067363,83.67,93.4,0,NORMAL,
2198,EN26465028,SIDDHI SATAPPA BARAGE,97.5481611,99.5328194,78.67,97.2,0,NORMAL,
2199,EN26392955,MOHAMMAD ABUZAR ABDUL RAZIQUE,97.5481611,98.7488829,84.67,95.8,0,NORMAL,
2200,EN26344309,VEDANT GANESH DIVATE,97.5481611,83.4527296,61.0,93.8,1,LOW,CET_vs_JEE: CET is LOWER than expected by 63 rank pts
2201,EN26364705,DAKSH CHANDRAHASA KOTIAN,97.5481611,99.0597598,85.33,95.6,0,NORMAL,
2202,EN26393136,VEDANT MANDE,97.5481611,98.9713132,85.67,94.6,0,NORMAL,
2203,EN26401820,ANANYA ASHISH TELRANDHE,97.5420372,99.0432453,86.67,95.66,0,NORMAL,
2204,EN26274524,ROODRA MANISH THAKRE,97.5420372,99.4500584,86.67,87.0,0,NORMAL,
2205,EN26105963,HARSH ROOPESH MANE,97.5386504,,85.33,91.6,0,NORMAL,
2206,EN26107214,SAUMYA MAHESH WATTAMWAR,97.5386504,99.936071,76.0,94.83,2,MEDIUM,CET_vs_HSC: CET is HIGHER than expected by 61 rank pts; CET_vs_HSC_SSC: CET is HIGHER than expected by 56 rank pts
2207,EN26142927,GARV DAFFARA,97.5386504,,88.33,97.0,0,NORMAL,
2208,EN26318772,TANMAY AJAY RANDER,97.5386504,99.1888167,66.33,91.4,0,NORMAL,
2209,EN26115440,RISHABH RAMESH RAWAT,97.5346639,99.9119348,84.67,92.4,0,NORMAL,
2210,EN26258260,MOHAMMED ASLAM MEHRAN ASEF IQBAL,97.5346639,99.0247667,81.0,96.2,0,NORMAL,
2211,EN26404002,SHIVLING DHANRAJ SWAMI,97.5346639,96.9477536,70.33,83.2,0,NORMAL,
2212,EN26370009,SWARANJALI RAJENDRA PATIL,97.5346639,99.7986222,90.67,95.8,0,NORMAL,
2213,EN26339044,TILAK SANTOSH TAPDE,97.5346639,99.7128307,91.0,97.5,0,NORMAL,
2214,EN26161122,ADITYA ANAND,97.5341756,99.6765758,96.0,94.66,0,NORMAL,
2215,EN26108513,PAKHI PRIYAMVADA,97.5341756,98.6765412,93.33,98.66,0,NORMAL,
2216,EN26457391,CHAITANYA ATUL DHALE,97.5341756,98.5909613,72.0,91.8,0,NORMAL,
2217,EN26191998,ARYAN RAJESH KHAMBAYATE,97.5341756,99.1749938,87.0,96.8,0,NORMAL,
2218,EN26339248,ANUSHKA ANAND,97.5341756,99.4189527,86.33,97.6,0,NORMAL,
2219,EN26465359,RODGE RAMESHWAR SHIVAJI,97.5341756,,86.0,96.2,0,NORMAL,
2220,EN26269494,JITHESH JAGANNATH POOJARY,97.5341756,99.8168821,87.33,92.6,0,NORMAL,
2221,EN26291640,AMEYA PRAKASH RANE,97.5341756,99.3757521,88.0,96.6,0,NORMAL,
2222,EN26284633,VEDANT HANMANT DOIPHODE,97.5316624,98.5690295,79.0,90.0,0,NORMAL,
2223,EN26121911,ARNAV SHRIPAD JOSHI,97.5316624,98.8107514,80.0,95.66,0,NORMAL,
2224,EN26195917,SIYA RAKESH DESAI,97.5316624,98.9199753,88.67,94.0,0,NORMAL,
2225,EN26126602,ANUJ ARUN BHOSALE,97.5316624,99.7363595,69.67,94.0,2,MEDIUM,CET_vs_HSC: CET is HIGHER than expected by 63 rank pts; CET_vs_HSC_SSC: CET is HIGHER than expected by 58 rank pts
2226,EN26280305,DAIVIK PRATIK PARIKH,97.5310865,99.9503286,91.0,93.66,0,NORMAL,
2227,EN26267113,SUMER TUSHAR DAREKAR,97.5310865,99.116041,81.67,92.8,0,NORMAL,
2228,EN26186589,ATHARVA ABHIJIT KULKARNI,97.5310865,98.8142711,90.67,96.0,0,NORMAL,
2229,EN26288052,TANMAI PARTH,97.5310865,99.3226862,89.0,94.9,0,NORMAL,
2230,EN26229544,PARTHIV RAJESH NAMBIAR,97.5310865,98.6108985,79.33,94.0,0,NORMAL,
2231,EN26387768,PARTH GUPTA,97.5310865,,83.33,93.8,0,NORMAL,
2232,EN26312961,IDHANT JAGDISH SHETTY,97.5276449,99.7806427,93.67,97.66,0,NORMAL,
2233,EN26295892,SHARVARI VINIT MANGRULKAR,97.5276449,98.1152875,90.67,94.8,0,NORMAL,
2234,EN26207222,PAWAN PRAKASH KHADE,97.5276449,96.1179887,68.0,94.0,0,NORMAL,
2235,EN26339350,RAJVEER RAJESH BHATWAL,97.5276449,98.1152875,89.0,97.0,0,NORMAL,
2236,EN26112198,VAIBHAV GUPTA,97.5254333,,93.67,93.83,0,NORMAL,
2237,EN26261292,SAMAN VISHAL PANDE,97.5254333,99.059847,72.33,90.0,0,NORMAL,
2238,EN26216376,PRACHI UTPAL SHARMA,97.5254333,94.2038061,94.33,95.33,2,MEDIUM,CET_vs_HSC: CET is LOWER than expected by 65 rank pts; CET_vs_HSC_SSC: CET is LOWER than expected by 64 rank pts
2239,EN26149549,PRAFULL ROHIDAS CHAUDHARI,97.5254333,99.1853991,87.67,87.8,0,NORMAL,
2240,EN26189346,MAYURESH ABHIJEET BHOSALE,97.5205824,99.763208,84.0,96.6,0,NORMAL,
2241,EN26179264,BHUSHAN VIJAY BARDE,97.5205824,98.8989816,80.0,93.8,0,NORMAL,
2242,EN26412763,SHRANYA GUPTA,97.5205824,,91.67,97.0,0,NORMAL,
2243,EN26373105,YUTHIKA VIJAYAKUMAR,97.5113495,,37.67,70.6,0,NORMAL,
2244,EN26160125,PIYUSH MAHADEV DOUND,97.5113495,98.2764644,83.33,93.5,0,NORMAL,
2245,EN26140160,MAYANK PANKAJ WATWANI,97.5113495,99.0588482,71.33,94.83,0,NORMAL,
2246,EN26405100,MIHIR SANJEEV VEDAK,97.5113495,64.4305882,36.67,78.0,1,LOW,CET_vs_JEE: CET is LOWER than expected by 65 rank pts
2247,EN26107317,REETI MUKESH BAFNA,97.508357,99.3393889,68.67,93.33,0,NORMAL,
2248,EN26240247,KAIVALYA JAYESH TRIBHUWAN,97.508357,98.9413135,76.67,92.0,0,NORMAL,
2249,EN26282168,CHAHAT DEVENDRA KHATRI,97.508357,99.9456543,93.67,97.2,0,NORMAL,
2250,EN26271900,TEJAS PRALHAD BADURE,97.508357,98.0921502,76.0,95.8,0,NORMAL,
2251,EN26157283,AHINWAR KIRAN SANJAY,97.508357,98.1021539,72.33,91.8,0,NORMAL,
2252,EN26219252,ATHARVA VINAYAK MUNDE,97.508357,99.2710498,70.0,91.83,0,NORMAL,
2253,EN26441696,VYANKATESH VIKAS MAHALE,97.508357,98.0547198,77.33,93.6,0,NORMAL,
2254,EN26339614,REON CHAPEL DIAS,97.508357,99.9793559,90.33,94.6,0,NORMAL,
2255,EN26132826,ADITYA NIMISH POLEKAR,97.508357,96.94069,96.0,97.16,1,LOW,CET_vs_HSC_SSC: CET is LOWER than expected by 56 rank pts
2256,EN26325962,PRATHMESH RAJESH MANDAOGADE,97.508357,98.0780781,71.67,85.8,0,NORMAL,
2257,EN26443159,MEHKARKAR SOHAM VALMIK,97.508357,91.2331407,72.67,92.4,1,LOW,CET_vs_JEE: CET is LOWER than expected by 59 rank pts
2258,EN26105927,PRACHI ANIL BHANDARKAR,97.5079417,99.9029541,94.67,95.8,0,NORMAL,
2259,EN26295882,SOHAM SAGAR MULEY,97.5079417,99.5527697,78.0,93.0,0,NORMAL,
2260,EN26434282,AMAN AGARWAL,97.5064279,99.6728339,87.67,96.16,0,NORMAL,
2261,EN26364527,MOHAK KAMAL SETHIYA,97.5064279,99.7610922,77.0,93.0,0,NORMAL,
2262,EN26181983,SAGAR ASHOK ERABATTINI,97.5064279,99.7006726,87.67,95.8,0,NORMAL,
2263,EN26304911,ANISH NISHIKANT MEGHE,97.5064279,99.2740965,85.33,94.8,0,NORMAL,
2264,EN26267963,KSHITI SANTOSH AWASARE,97.5064279,99.0390182,81.67,96.8,0,NORMAL,
2265,EN26251026,ATHARVA KARNE,97.5003249,98.5144209,74.33,97.0,0,NORMAL,
2266,EN26300027,SAPTAK MUKHOPADHYAY,97.5003249,,82.67,95.6,0,NORMAL,
2267,EN26197108,SAMARTH BHAUSAHEB YELMAME,97.4994162,98.3765891,75.67,84.0,0,NORMAL,
2268,EN26325586,DHRUV MAHESH PAWAR,97.4994162,99.3168292,74.67,90.8,0,NORMAL,
2269,EN26161559,NAMAN PARMESHWAR WAGHMODE,97.4989953,98.1066,85.33,94.8,0,NORMAL,
2270,EN26291936,ASMITA SARANGDHAR GHUGE,97.4989953,98.8608813,78.0,91.6,0,NORMAL,
2271,EN26190864,AYUSH RAJU BHOPALE,97.4989953,99.4145109,73.0,94.8,0,NORMAL,
2272,EN26163547,VAIBHAV SANJAY AMBARKHANE,97.4968014,99.0847784,88.67,97.16,0,NORMAL,
2273,EN26385337,KAMAKSHI RAM LALWANI,97.4968014,97.4499655,72.33,93.4,0,NORMAL,
2274,EN26167519,DHAYANANDHAN PONRAJ,97.4968014,98.2635235,84.33,86.4,0,NORMAL,
2275,EN26100335,JITHAIN SATHEESH CHANDRAN,97.4924029,99.6091136,95.0,97.4,0,NORMAL,
2276,EN26163199,VYAS RAJESH BODKE,97.4924029,99.3965487,88.0,99.0,0,NORMAL,
2277,EN26430142,YASH SAMADHAN WADALKAR,97.4924029,43.1094862,39.33,75.4,1,LOW,CET_vs_JEE: CET is LOWER than expected by 67 rank pts
2278,EN26106874,AAYUSH SANTOSH AROLKAR,97.4924029,99.8775453,90.33,97.6,0,NORMAL,
2279,EN26118560,ATHARV HARISHCHANDRA KALE,97.4924029,99.0024152,89.67,90.0,0,NORMAL,
2280,EN26184225,ABHIRAJ MANIKRAO JADHAV,97.4924029,99.7829816,91.67,81.4,0,NORMAL,
2281,EN26107936,MANISH ASHOK GHADGE,97.4924029,,52.67,79.0,0,NORMAL,
2282,EN26243497,KEDAR SAMIR PATIL,97.4787397,99.7901924,84.33,99.4,0,NORMAL,
2283,EN26272269,NIDHI RAHUL KULKARNI,97.4787397,99.6230044,92.0,97.8,0,NORMAL,
2284,EN26490207,VANSHIKA RATHI,97.4787397,,98.33,98.66,0,NORMAL,
2285,EN26291513,SHRUTI MURLI IYER,97.46908,99.8653069,85.67,96.83,0,NORMAL,
2286,EN26340751,ABHINEET NANDY,97.46908,,77.33,96.5,0,NORMAL,
2287,EN26413182,NEIL MADAN,97.46908,98.9666165,77.0,93.6,0,NORMAL,
2288,EN26162385,NACHIKET MORABKAR,97.46908,98.4914374,91.0,89.66,0,NORMAL,
2289,EN26272216,OM SHASHIKANT KHATAKI,97.4680631,97.9337683,64.33,85.2,0,NORMAL,
2290,EN26143735,KAZIM HUSSAIN AHASAN ALI AGHARIYA,97.4680631,98.9717224,79.33,93.4,0,NORMAL,
2291,EN26339815,NAMAN VISHAL SHAH,97.4680631,73.0844718,43.33,84.83,1,LOW,CET_vs_JEE: CET is LOWER than expected by 64 rank pts
2292,EN26346216,PARTHRAJ DADABHAU DHEMBRE,97.4680631,98.204189,66.0,89.4,0,NORMAL,
2293,EN26390917,SWARAJ AKHILESH OJHA,97.4680631,96.7550691,75.67,92.0,0,NORMAL,
2294,EN26131916,ABHIJEET MANOJ SINHA,97.4680631,99.2267861,88.67,93.6,0,NORMAL,
2295,EN26218068,JAGDALE SHWETA KAKASAHEB,97.4680631,98.7920188,83.33,90.71,0,NORMAL,
2296,EN26460217,MANVA MAHESH POTE,97.4632162,,75.0,86.16,0,NORMAL,
2297,EN26411528,ADE YASH JAYKISAN,97.4632162,99.5376121,80.0,95.2,0,NORMAL,
2298,EN26106270,SUMIT SATYAWAN DHONDGE,97.4632162,99.3890785,84.0,92.57,0,NORMAL,
2299,EN26250664,BHAVEENI AVIL BEKWADKAR,97.4632162,99.3817347,97.33,99.0,0,NORMAL,
2300,EN26175788,VIKAS SEN,97.4632162,,79.33,87.0,0,NORMAL,
2301,EN26148842,AAROHI RAJ,97.4632162,98.5823981,87.67,91.8,0,NORMAL,
2302,EN26141923,SUDHANSHU RAJENDRA NARAWADE,97.4594998,96.9750684,67.33,83.4,0,NORMAL,
2303,EN26204478,TAVISH SANDEEP MEHTA,97.4594998,99.4614349,78.33,94.6,0,NORMAL,
2304,EN26326983,SHAUNAK SAMEER PANDIT,97.4594998,99.5448242,83.0,97.33,0,NORMAL,
2305,EN26160379,ARCHIT SHRIVASTAV,97.4594998,97.887694,80.33,96.2,0,NORMAL,
2306,EN26374055,VISHWAJEET RAMCHANDRA PAWAR,97.4550842,98.9713132,73.33,89.8,0,NORMAL,
2307,EN26321341,JAY TUSHAR TRIVEDI,97.4550842,99.7006726,90.0,95.0,0,NORMAL,
2308,EN26323633,RUSHILL HARRIS PANAKKAL,97.4550842,99.4500584,79.33,93.16,0,NORMAL,
2309,EN26297712,ARTH KUMAR,97.4550842,,74.0,88.2,0,NORMAL,
2310,EN26358234,MAYUR JAYANDRA UKEY,97.4550842,99.3045416,78.0,96.2,0,NORMAL,
2311,EN26432613,ATKARE SARTHAK BABASAHEB,97.4550842,91.3857287,77.67,91.6,1,LOW,CET_vs_JEE: CET is LOWER than expected by 59 rank pts
2312,EN26318879,PARTH RAJESH PANGARKAR,97.4512041,99.4672441,84.67,93.8,0,NORMAL,
2313,EN26221909,YASHVARDHAN KISHOR DAGA,97.4512041,99.1476881,92.0,89.2,0,NORMAL,
2314,EN26264409,SHAURYA PRANAV JOSHI,97.4512041,99.5286265,85.0,96.66,0,NORMAL,
2315,EN26124382,DURVESH RAJESH SHELKE,97.4512041,99.1231468,75.33,82.0,0,NORMAL,
2316,EN26171059,TRISHA SATISH CHHATTANI,97.4512041,98.9616221,92.67,93.0,0,NORMAL,
2317,EN26450378,SHRISH SARKAR,97.4512041,99.6391713,81.0,90.83,0,NORMAL,
2318,EN26158168,ARYA PARAG DHOLE,97.4512041,99.2007992,79.33,95.66,0,NORMAL,
2319,EN26279598,PRATHMESH PANDITRAO GORE,97.4512041,97.8587922,61.0,89.2,0,NORMAL,
2320,EN26214624,JHENIL MANISH JAIN,97.4512041,99.7421589,84.33,98.0,0,NORMAL,
2321,EN26459937,ROHAN ANIL GANERI,97.4512041,96.787533,85.33,95.8,0,NORMAL,
2322,EN26338186,NARESH BALASAHEB DESHPANDE,97.4492959,98.5836177,84.0,95.8,0,NORMAL,
2323,EN26298963,SOHAM ANIL UPADHYAY,97.4492959,99.846065,92.0,96.83,0,NORMAL,
2324,EN26110530,PRASOON RANJAN SINHA,97.4492959,99.6314115,72.0,96.6,1,LOW,CET_vs_HSC: CET is HIGHER than expected by 56 rank pts
2325,EN26296246,JASH VISHANT LOTLIKAR,97.4492959,99.3974848,85.0,96.0,0,NORMAL,
2326,EN26296214,SHARMA HIMANSHU BENKTESH,97.4492959,98.9224519,76.0,96.33,0,NORMAL,
2327,EN26179103,ABHAY BHAGAVAT GAIKWAD,97.4476724,99.0178953,49.33,93.8,0,NORMAL,
2328,EN26401033,TEJAS GAJANAN PATANGE,97.4476724,97.8775349,83.0,96.8,0,NORMAL,
2329,EN26481808,YELORE SHRAVANI SANJAY,97.4476724,,85.0,97.0,0,NORMAL,
2330,EN26353093,SUYASH GANPAT MUTKULE,97.4461881,99.6259308,75.67,87.6,1,LOW,CET_vs_HSC_SSC: CET is HIGHER than expected by 56 rank pts
2331,EN26318822,SWARA ULHAS MALIKWADE,97.4461881,99.7460251,90.33,95.2,0,NORMAL,
2332,EN26339757,JADHAV VINAY HANMANT,97.4428243,95.9433601,56.0,88.2,0,NORMAL,
2333,EN26154295,SHREEYASH AJAY BERDE,97.4428243,31.6249855,41.33,87.8,1,LOW,CET_vs_JEE: CET is LOWER than expected by 67 rank pts
2334,EN26182925,PRANAV NITIN ITHAPE,97.4428243,64.4305882,46.33,80.6,1,LOW,CET_vs_JEE: CET is LOWER than expected by 65 rank pts
2335,EN26137777,YASH DHARMENDRAGOUDA PATIL,97.4428243,98.3816163,88.67,93.66,0,NORMAL,
2336,EN26256278,LONKAR ANUJ NAVANATH,97.4428243,99.4224681,90.67,97.4,0,NORMAL,
2337,EN26256755,HEMANG BHAGASHRA,97.4428243,,84.67,96.6,0,NORMAL,
2338,EN26174471,SHREYANSH VISHWAKARMA,97.4428243,99.6612941,89.33,94.8,0,NORMAL,
2339,EN26451387,KARTIKEY PATHAK,97.4428243,,93.33,94.6,0,NORMAL,
2340,EN26378157,AYUSH RANJAN,97.4391195,98.8588712,86.33,94.8,0,NORMAL,
2341,EN26273101,BHARGAVI VINODKUMAR PANDE,97.4391195,99.8395232,93.67,95.6,0,NORMAL,
2342,EN26230447,SHANTANU GHOSH,97.4391195,98.4446702,88.33,92.6,0,NORMAL,
2343,EN26368732,HARSHVARDHAN VARDHAMAN KOTECHA,97.4340872,99.5268463,83.33,93.2,0,NORMAL,
2344,EN26337292,ISHAAN PRAVEEN NAWADE,97.4340872,98.435333,87.67,94.6,0,NORMAL,
2345,EN26412065,TANMAY ANKUSH BHUSARE,97.4340872,98.9713132,92.0,95.0,0,NORMAL,
2346,EN26166926,ADITYA AJIT SATAM,97.4340872,99.6763131,88.67,95.6,0,NORMAL,
2347,EN26128284,YADNESH PRAVIN PATIL,97.4340872,99.5394239,83.33,95.0,0,NORMAL,
2348,EN26354556,SHARMA SHREYANSH SACHIN,97.4340872,94.6756384,68.0,91.2,0,NORMAL,
2349,EN26331817,SACHIN SANJAYKUMAR SUTAR,97.4340872,98.8989816,70.33,92.2,0,NORMAL,
2350,EN26261706,YASH TUKARAM KALE,97.4301257,76.4346337,42.0,92.2,1,LOW,CET_vs_JEE: CET is LOWER than expected by 63 rank pts
2351,EN26434257,YUVRAJ SINGH,97.4284105,,69.33,85.0,0,NORMAL,
2352,EN26444809,GOVIND GOPAL,97.4284105,,95.67,97.0,0,NORMAL,
2353,EN26367961,AADITYA CHATURVEDI,97.4284105,98.7883959,85.33,88.0,0,NORMAL,
2354,EN26308094,SHIVSHANKAR DATTATRY MANE,97.4284105,62.5282864,48.0,71.0,1,LOW,CET_vs_JEE: CET is LOWER than expected by 65 rank pts
2355,EN26130090,SHIRDHANKAR ARCHIT UDAY,97.4283709,99.3340235,80.0,97.16,0,NORMAL,
2356,EN26228356,TUSHIKA KIRTESH AGRAWAL,97.4283709,97.8090928,88.0,90.4,0,NORMAL,
2357,EN26345155,TIRTHA NIKHIL YEOLE,97.4283709,98.7429314,83.0,97.83,0,NORMAL,
2358,EN26287871,OJAS DATTATRAY BHANAGE,97.4283709,99.0867404,87.0,97.4,0,NORMAL,
2359,EN26341119,PARTH RAHUL JADE,97.4233001,99.3817347,89.67,96.4,0,NORMAL,
2360,EN26243194,ATHARVA BAPUSAHEB NAGARGOJE,97.4233001,99.1389268,86.0,95.8,0,NORMAL,
2361,EN26125567,TANMAY JANGID,97.4233001,,63.67,84.0,0,NORMAL,
2362,EN26154432,DEVDATTA ASHOK SHEWALE,97.4233001,99.2803541,94.33,90.33,0,NORMAL,
2363,EN26137843,GOURAV SANTOSH BHOSURE,97.4233001,85.5419841,42.33,60.0,1,LOW,CET_vs_JEE: CET is LOWER than expected by 61 rank pts
2364,EN26428663,ADITYA RAKESH WANGALWAR,97.4233001,99.712889,78.33,93.4,0,NORMAL,
2365,EN26285795,SHANTANU OMSHIVA LIGADE,97.4232541,98.996822,76.0,93.2,0,NORMAL,
2366,EN26174242,ZAKIR AHMED,97.4232541,95.4060578,77.67,92.4,0,NORMAL,
2367,EN26434676,GADEWAR HARIOM MOHAN,97.4232541,98.2052656,83.67,98.6,0,NORMAL,
2368,EN26430263,VISHWAS MATTA,97.4006406,,84.67,95.6,0,NORMAL,
2369,EN26223518,SOHAM AJAY AGASHE,97.4006406,99.6887728,86.67,90.66,0,NORMAL,
2370,EN26242705,GULHANE ARYAN DIGAMBAR,97.4006406,99.4306893,72.0,91.4,0,NORMAL,
2371,EN26256056,UMESH GOPAL RATNAPARKHI,97.3928722,84.539834,66.0,60.0,1,LOW,CET_vs_JEE: CET is LOWER than expected by 61 rank pts
2372,EN26294163,PAYAL JAGANNATH DANGE,97.3928722,99.3029676,85.33,95.6,0,NORMAL,
2373,EN26158980,PRAGYA PATEL,97.3928722,98.9702605,69.33,85.4,0,NORMAL,
2374,EN26172997,MIRZA ADEEN BAIG AIJAZ BAIG,97.3928722,97.9857027,89.33,91.4,0,NORMAL,
2375,EN26126142,AARYAN ABHIJEET GATTANI,97.3928722,98.9726962,92.33,96.6,0,NORMAL,
2376,EN26235390,PRATHAMESH SHEKHAR WAGH,97.3928722,97.6103268,79.33,94.0,0,NORMAL,
2377,EN26392052,AVANISH SACHIN JOSHI,97.3917686,98.3752566,83.33,94.6,0,NORMAL,
2378,EN26327449,NANDINI DATTA UBHAD,97.3917686,97.2886818,90.33,95.0,0,NORMAL,
2379,EN26324005,MOHARE RUSHAL ARUNKUMAR,97.3917686,96.1741748,68.67,91.83,0,NORMAL,
2380,EN26131518,ANEESH CHIRAG GIRI,97.3917686,99.6337257,97.0,97.33,0,NORMAL,
2381,EN26224566,ISHANT YADAV,97.3917686,,49.67,87.2,0,NORMAL,
2382,EN26354507,ATHARV SAMPAT DAREKAR,97.3891745,98.2764644,79.67,94.0,0,NORMAL,
2383,EN26174371,ZAINAB AFROZ KHAN,97.3891745,71.5294662,47.67,84.0,1,LOW,CET_vs_JEE: CET is LOWER than expected by 64 rank pts
2384,EN26238376,ADITYA NITIN SHINDE,97.3891745,98.5283812,90.0,97.4,0,NORMAL,
2385,EN26349426,YADHNYEET SANJAY GULHANE,97.3891745,40.369284,56.67,71.6,1,LOW,CET_vs_JEE: CET is LOWER than expected by 66 rank pts
2386,EN26117109,SHELAKE SHIVRAJ DATTATRAYA,97.3891745,97.1923599,85.33,87.2,0,NORMAL,
2387,EN26294595,SURYANSH SINGH,97.388634,,51.67,84.0,0,NORMAL,
2388,EN26332047,DEV SACHIN GANDHI,97.388634,99.3515358,77.67,94.5,0,NORMAL,
2389,EN26243913,ADITYA NARAYAN,97.388634,,92.67,94.8,0,NORMAL,
2390,EN26401269,PUSHPAK SONKAR,97.388634,98.5144209,85.0,94.16,0,NORMAL,
2391,EN26257091,NAVANISH NAVEENKUMAR BHAGAV,97.3884902,99.7839951,89.67,92.2,0,NORMAL,
2392,EN26126278,ANIKET DIGAR MAHAR,97.3884902,98.8989816,78.0,90.6,0,NORMAL,
2393,EN26248715,SIDDHI GIRISH MULLUR,97.3884902,99.8718994,92.0,97.2,0,NORMAL,
2394,EN26383661,SAJID ALI HASAN IMAM ANSARI,97.3884902,41.3533547,60.67,42.8,1,LOW,CET_vs_JEE: CET is LOWER than expected by 66 rank pts
2395,EN26124264,VYOM SOOD,97.3884902,98.03989,89.33,97.0,0,NORMAL,
2396,EN26279854,YUVAN AMIT PORWAL,97.379319,99.2650104,81.0,97.5,0,NORMAL,
2397,EN26346581,VIRAJ SANJAY KATE,97.379319,96.7098976,69.67,87.66,0,NORMAL,
2398,EN26168276,DHAIRYA RAHUL PATIL,97.379319,98.3237666,74.0,93.4,0,NORMAL,
2399,EN26320311,ASHISH RANJIT SHINDE,97.379319,98.7422717,93.67,97.4,0,NORMAL,
2400,EN26226874,MOHAK SHAH,97.379319,98.3571807,88.0,90.83,0,NORMAL,
2401,EN26434495,AMEY SUNIL KUNJIR,97.379319,98.7920188,85.67,98.1,0,NORMAL,
2402,EN26227211,TANMAY TUKARAM UGILE,97.379319,99.2510157,93.0,97.8,0,NORMAL,
2403,EN26395633,DUDHALE PRERANA SANDIP,97.379319,96.9378727,68.67,98.2,0,NORMAL,
2404,EN26219259,RISHABH SHANBHAG,97.3719417,99.804567,83.0,93.6,0,NORMAL,
2405,EN26212963,DEVAANSH SATHISH RAO,97.3719417,99.2696246,82.33,94.8,0,NORMAL,
2406,EN26414169,AADVIK MISHRA,97.3719417,98.7019803,90.33,95.33,0,NORMAL,
2407,EN26409532,TANISHK SANTOSH DURGADE,97.3719417,,42.67,91.4,0,NORMAL,
2408,EN26412577,JUNAID BASHIR MULLA,97.3719417,99.2803541,89.33,97.0,0,NORMAL,
2409,EN26185918,VIVEK VITTHAL KEMEKAR,97.3719417,98.8995873,85.33,94.16,0,NORMAL,
2410,EN26386373,PALLAVI BALIRAM GHUGE,97.3695864,98.5196099,80.33,88.66,0,NORMAL,
2411,EN26262272,MOHAMMAD ASAAD KALIM SHAIKH,97.3695864,99.8999808,88.33,83.0,0,NORMAL,
2412,EN26100350,YOHANCE NARESH PARATE,97.3695864,99.6501295,95.0,95.83,0,NORMAL,
2413,EN26312916,SWAYAM SANTOSH SHENDGE,97.3671474,99.3943022,74.67,95.0,0,NORMAL,
2414,EN26339724,JEHAN CHINTAN CHOWDHARY,97.3671474,99.4701469,87.67,94.6,0,NORMAL,
2415,EN26167281,SHREYAS SHAILESH NEVREKAR,97.3671474,97.4729104,87.33,95.4,0,NORMAL,
2416,EN26170938,SURYA PANDIYAN MUDALIYAR,97.3671474,98.7794007,84.67,87.8,0,NORMAL,
2417,EN26415412,ISHAN BHIKUKAL JAISWAL,97.3660269,97.9153809,85.0,93.4,0,NORMAL,
2418,EN26122873,VANDIT JAINESH SHAH,97.3660269,99.9077845,90.67,94.5,0,NORMAL,
2419,EN26376964,KUTE PRISHA PRASHANT,97.3654563,79.7671884,73.33,89.0,1,LOW,CET_vs_JEE: CET is LOWER than expected by 62 rank pts
2420,EN26297575,OM NAPHADE,97.3654563,99.4478951,87.67,96.4,0,NORMAL,
2421,EN26177291,MAYANK YOGESH GIRI,97.36472,99.4239868,74.67,94.4,0,NORMAL,
2422,EN26145375,JANVI RAVIKANT SHARMA,97.36472,90.1262916,69.67,95.6,1,LOW,CET_vs_JEE: CET is LOWER than expected by 59 rank pts
2423,EN26200618,NIHAR GHANSHYAM PATLE,97.36472,97.4288016,77.33,80.33,0,NORMAL,
2424,EN26173130,PRATHAM AASHISH SHETH,97.36472,99.8456254,87.0,97.5,0,NORMAL,
2425,EN26282458,HITIKA MUKESH NATHANI,97.3629703,99.9885198,93.67,97.8,0,NORMAL,
2426,EN26327510,SOHAM DEEPAK GAIKWAD,97.3629703,98.2258996,91.67,99.4,0,NORMAL,
2427,EN26112562,MANAS VALLABH BHARADIA,97.3629703,99.4539249,93.0,91.33,0,NORMAL,
2428,EN26434381,SATYAM KUMAR GUPTA,97.3629703,,83.0,90.5,0,NORMAL,
2429,EN26195763,YADNYESH PRADEEP NARKHEDE,97.3629703,99.4395208,91.67,96.66,0,NORMAL,
2430,EN26313747,SOHAM SUHAS GHADI,97.3595948,98.7328923,89.67,94.6,0,NORMAL,
2431,EN26271562,HARSHIT P DANGI,97.3595948,98.7109722,90.33,89.66,0,NORMAL,
2432,EN26168212,AYUSH MAYUR TALELE,97.3595948,99.6293749,92.67,96.6,0,NORMAL,
2433,EN26252916,DHRUV MISHRA,97.3595948,,97.33,95.66,0,NORMAL,
2434,EN26187432,ADWAY PUSHKAR PATHAK,97.348914,99.4246825,76.0,96.0,0,NORMAL,
2435,EN26101079,DHEER ANAY SHAH,97.348914,99.4537801,88.33,88.8,0,NORMAL,
2436,EN26294514,SAKET GUPTA,97.348914,99.8573566,96.0,97.33,0,NORMAL,
2437,EN26111390,PRATIBIMB PRAVEEN JAIN,97.348914,99.1546915,89.33,87.0,0,NORMAL,
2438,EN26222593,PATIL VIRAJ RAMESH,97.348914,98.6607658,74.33,91.2,0,NORMAL,
2439,EN26397688,AVISHKAR RAJENDRA KUKADE,97.3470969,99.6009661,79.67,89.83,0,NORMAL,
2440,EN26100845,KRISHNA AJAY DESHPANDE,97.3470969,98.0166175,73.67,86.6,0,NORMAL,
2441,EN26159475,RIDHIMA NARAYANA SHEREGARA,97.3470969,99.4582733,92.67,97.2,0,NORMAL,
2442,EN26135610,DHIR RITESH MEHTA,97.3461211,99.4145109,84.67,97.5,0,NORMAL,
2443,EN26236809,CHAVAN SHIVAM NILESH,97.3461211,99.3168292,76.67,94.8,0,NORMAL,
2444,EN26434880,ABINANTH O,97.3461211,,97.17,95.0,0,NORMAL,
2445,EN26148220,VIBHAV KIRAN GUNTHE,97.3461211,99.2650104,85.33,94.0,0,NORMAL,
2446,EN26149453,TANISH MAYUR NAGDA,97.3461211,99.0524224,85.0,97.4,0,NORMAL,
2447,EN26228513,PARIDHI TUSHAR KHARCHE,97.3461211,99.6959784,86.67,94.33,0,NORMAL,
2448,EN26154796,KAUSTUBH SATISH PATIL,97.3461211,97.1665783,74.67,95.6,0,NORMAL,
2449,EN26171081,SADIYA MUNIR KALE,97.3461211,97.3687248,78.67,93.2,0,NORMAL,
2450,EN26222045,TANISHA AMIT SRIVASTAVA,97.3451867,99.767089,94.33,98.16,0,NORMAL,
2451,EN26371639,KALADHAR DIKSHITULU VEMPATY,97.3451867,99.8076553,91.0,91.66,0,NORMAL,
2452,EN26243178,OMKAR VIVEK BHANDARKAR,97.3451867,99.6468491,90.67,97.6,0,NORMAL,
2453,EN26244003,VEDANT VIJAY BHOSALE,97.3451867,98.9208633,89.67,95.5,0,NORMAL,
2454,EN26280558,AAYUSH BALASAHEB GOLE,97.3451867,98.8995873,74.67,95.2,0,NORMAL,
2455,EN26399750,SHRAVNI SHIVRAJ KASTURE,97.3272747,98.2414965,79.0,92.83,0,NORMAL,
2456,EN26111110,TEJAS AMIT BHANSALI,97.3272747,99.0212323,77.67,86.4,0,NORMAL,
2457,EN26378739,MANAN NITIN VIRA,97.3272747,99.3226862,87.67,98.16,0,NORMAL,
2458,EN26292261,PARTH VIKRAM GOVINDANI,97.3272747,99.3245604,80.33,85.6,0,NORMAL,
2459,EN26393232,ABHYUDAY SHARMA,97.3272747,99.5376121,92.67,93.6,0,NORMAL,
2460,EN26205084,DEVANSH SULTAN KOUL,97.3272747,,84.67,92.16,0,NORMAL,
2461,EN26102288,GANESH K,97.3272747,99.1067363,96.0,94.33,0,NORMAL,
2462,EN26258333,ADITYARAJ MANOJ SINGH,97.3128268,99.4998496,81.33,89.66,0,NORMAL,
2463,EN26162171,PARVA JITESH DOSHI,97.3128268,,80.67,91.8,0,NORMAL,
2464,EN26346527,REX CUSHER,97.3128268,98.7055937,91.0,98.0,0,NORMAL,
2465,EN26288315,SHARVIL SHANTARAM DALVI,97.3128268,96.1739609,80.67,98.6,0,NORMAL,
2466,EN26353956,ADITYA NITIN ASOLE,97.3128268,98.0593407,82.0,92.5,0,NORMAL,
2467,EN26330538,PRANJAL GUPTA,97.3128268,,94.67,96.0,0,NORMAL,
2468,EN26352061,SHREYASH JHA,97.3118747,98.6182541,79.67,94.4,0,NORMAL,
2469,EN26333887,DAIWIK CHAVDA,97.3118747,,91.67,93.4,0,NORMAL,
2470,EN26326890,ARUSH PARAG SHENDE,97.3118747,99.3029676,90.33,95.0,0,NORMAL,
2471,EN26413600,BHUMIKA LACHHWANI,97.3118747,,87.33,95.5,0,NORMAL,
2472,EN26236573,AADARSH HARISHCHANDRA AKARTE,97.3116844,99.29068,69.0,92.2,0,NORMAL,
2473,EN26371440,PRANIT AMBAD,97.3116844,97.8978979,77.0,95.2,0,NORMAL,
2474,EN26105232,HARSHID KAILAS PABLE,97.3116844,97.2913667,75.33,89.0,0,NORMAL,
2475,EN26322688,ISHAN GANESH BALEKAR,97.3116844,99.6583984,91.67,96.8,0,NORMAL,
2476,EN26182254,KEDAR KAMLAKAR MAHADIK,97.3116844,97.4706885,81.33,96.2,0,NORMAL,
2477,EN26233442,ADITYA ANIL GAME,97.3116844,99.825753,92.0,93.33,0,NORMAL,
2478,EN26492020,DURVESH DINESH RAWOOL,97.3116844,,54.67,80.0,0,NORMAL,
2479,EN26479585,REETENDRA SINGH,97.3116844,,79.67,72.16,0,NORMAL,
2480,EN26416637,SARTHAK SUBHASH MARLAKKAR,97.3077071,99.3657344,75.33,88.83,0,NORMAL,
2481,EN26153852,BHARGAV AMOL RAVANDE,97.3077071,99.6454857,80.67,95.6,0,NORMAL,
2482,EN26263629,ANUJ DILIP SASTE,97.3077071,99.2474239,70.67,85.4,0,NORMAL,
2483,EN26390962,SHARDUL SANDIP TAMBE,97.3077071,99.6680946,87.67,97.6,0,NORMAL,
2484,EN26342492,ANSHUL SOUMITRA GHOSH,97.3077071,,73.33,98.33,0,NORMAL,
2485,EN26389112,LALWANI ANUDNYA ADESH,97.3077071,99.2306878,69.0,94.0,0,NORMAL,
2486,EN26204570,AVNEESH DHRUV UMADIKAR,97.3077071,99.2267861,86.67,92.16,0,NORMAL,
2487,EN26337009,SHAH MAYANK PIYUSH,97.3077071,97.6794304,85.67,95.2,0,NORMAL,
2488,EN26413048,SWAYAM VATS,97.30467,,94.67,95.0,0,NORMAL,
2489,EN26274434,ADITYA SACHIN MAHAJAN,97.30467,99.7261833,79.33,95.6,0,NORMAL,
2490,EN26175424,DIVY,97.30467,99.0183906,93.67,93.66,0,NORMAL,
2491,EN26111773,OMKAR VENKATESH,97.30467,,97.33,96.6,0,NORMAL,
2492,EN26398711,SHUBH ROHIT VORA,97.3017663,99.1743055,84.0,94.0,0,NORMAL,
2493,EN26114677,RISHIKA VIJAYVARGIYA,97.3017663,97.9996062,83.33,92.16,0,NORMAL,
2494,EN26264584,ARYAN SUDARSHAN DEO,97.3017663,99.1672355,70.0,94.2,0,NORMAL,
2495,EN26125616,SHIVANK S BANERJEE,97.3017663,98.5373609,90.67,96.0,0,NORMAL,
2496,EN26447081,SAKSHAM YADAV,97.3017663,,91.0,97.4,0,NORMAL,
2497,EN26466358,AMBER RAI,97.3017663,,90.0,95.0,0,NORMAL,
2498,EN26141691,SUNANDO ACHARYA,97.3017663,98.6663866,90.67,95.6,0,NORMAL,
2499,EN26213565,DEVANSHI MANGLA,97.3017663,98.7235067,88.67,92.4,0,NORMAL,
2500,EN26186743,SHYAM GAJANAN KHANDARE,97.299595,95.0655625,83.33,87.0,0,NORMAL,
2501,EN26203721,SAMIKSHA SANDEEP GAIKWAD,97.299595,99.4847726,91.67,97.66,0,NORMAL,
2502,EN26392033,PRANSHUL PANDEY,97.299595,,85.67,94.83,0,NORMAL,
2503,EN26334634,SMIT VILAS MUKANE,97.299595,96.9526275,82.0,94.2,0,NORMAL,
2504,EN26271384,HARSHIT HIRENDRA KRANTI,97.299595,98.6166496,83.67,97.67,0,NORMAL,
2505,EN26199822,AREEB ANSARI,97.2980575,98.8308304,77.0,91.33,0,NORMAL,
2506,EN26303643,AVADHOOT RAHUL BANDE,97.2980575,99.0750853,93.0,98.0,0,NORMAL,
2507,EN26392677,AVIRAL JAIN,97.2980575,95.8464164,76.0,91.4,0,NORMAL,
2508,EN26295907,HARSHIT PURUSHOTTAM PATIL,97.2980575,97.3044377,82.67,95.57,0,NORMAL,
2509,EN26108687,PURI OM PARMESHWAR,97.2967119,98.6108985,84.67,89.4,0,NORMAL,
2510,EN26414004,NEIL RAKESH SAGAR,97.2956018,97.8188113,74.33,91.33,0,NORMAL,
2511,EN26168593,RUJULA BIKASH PATTANAIK,97.2956018,99.3275256,79.0,89.16,0,NORMAL,
2512,EN26106856,PRATHMESH MADHAVRAO PATIL,97.2956018,98.8209363,83.33,95.4,0,NORMAL,
2513,EN26116908,ATHARV BHIMSEN PAWAR,97.2956018,99.9422744,79.33,98.6,0,NORMAL,
2514,EN26174540,ISHAN MAKARAND DESHMUKH,97.2956018,99.7922677,84.33,90.8,0,NORMAL,
2515,EN26414874,SIDDHI MANOJ BARHATE,97.2943929,99.7797963,84.33,97.0,0,NORMAL,
2516,EN26454980,DEVASHISH PRADIP CHUDHARI,97.2943929,98.2052656,82.33,87.83,0,NORMAL,
2517,EN26202011,ARJUN VIJAY SAKHARE,97.2943929,99.4005994,89.67,92.83,0,NORMAL,
2518,EN26116186,DIKSHA YADAV,97.2943929,98.3131595,89.67,88.6,0,NORMAL,
2519,EN26256616,JEET NAVIN KARKERA,97.2920653,99.0203625,74.67,97.8,0,NORMAL,
2520,EN26227897,SARA SATYAJIT CHAVAN,97.2920653,99.7310382,89.33,97.8,0,NORMAL,
2521,EN26128024,SWARAJ GAJANAN KHANZODE,97.2920653,87.7370373,67.33,92.8,1,LOW,CET_vs_JEE: CET is LOWER than expected by 59 rank pts
2522,EN26107438,PIYUSH RAJ,97.2920653,99.4920502,96.67,98.0,0,NORMAL,
2523,EN26147723,ARNAV MANIKRAO NADARE,97.2920653,98.1399096,65.67,77.5,0,NORMAL,
2524,EN26318900,ADINATH SOMNATH SAVANT,97.2801346,27.2101033,59.33,77.0,1,LOW,CET_vs_JEE: CET is LOWER than expected by 66 rank pts
2525,EN26130095,ARNAV YADAV,97.2797177,98.1734676,78.0,97.0,0,NORMAL,
2526,EN26249544,SHREYA PATHAK,97.2797177,83.7030299,51.67,65.66,1,LOW,CET_vs_JEE: CET is LOWER than expected by 61 rank pts
2527,EN26346065,PRANAV NAVNATH CHAVAN,97.2797177,99.0639786,78.67,93.2,0,NORMAL,
2528,EN26203744,STUTI AMOL INAMDAR,97.2797177,98.9173025,93.33,96.83,0,NORMAL,
2529,EN26433702,HARSHAL NIVRUTTI SALGARE,97.2736808,98.9208633,72.67,87.16,0,NORMAL,
2530,EN26125051,VIHAAN PRAVIN SUROSE,97.2736808,99.4219653,85.33,98.6,0,NORMAL,
2531,EN26298876,HARSHAD GOVIND TAUR,97.2736808,99.1945392,81.0,90.33,0,NORMAL,
2532,EN26288178,SHUBHADA SUNIL KULKARNI,97.2736808,99.5394239,80.0,97.2,0,NORMAL,
2533,EN26333575,VARAD DNYANESHWAR CHINCHKAR,97.2736808,97.023932,81.33,85.8,0,NORMAL,
2534,EN26382120,YASH BABURAO KOLGE,97.2736808,47.0872596,84.67,94.4,3,HIGH,CET_vs_JEE: CET is LOWER than expected by 65 rank pts; CET_vs_HSC: CET is LOWER than expected by 56 rank pts; CET_vs_HSC_SSC: CET is LOWER than expected by 57 rank pts
2535,EN26198115,TEJAS DASHRATH IPPER,97.2669582,83.7154638,67.67,98.6,1,LOW,CET_vs_JEE: CET is LOWER than expected by 61 rank pts
2536,EN26329455,OMKAR SHIVANAND KORE,97.2669582,99.4646981,82.33,95.6,0,NORMAL,
2537,EN26102501,DAKSH DHAWAL DATIR,97.2669582,99.3449399,85.67,94.8,0,NORMAL,
2538,EN26233751,RAHUL BALASAHEB MUNDHE,97.2519284,99.3569495,60.0,92.4,0,NORMAL,
2539,EN26335500,NARAYANI VIVEK SHARMA,97.2519284,99.7827268,87.67,95.66,0,NORMAL,
2540,EN26242189,AARYAN DEEPAK DESHPANDE,97.2519284,99.7860594,87.67,90.2,0,NORMAL,
2541,EN26100577,UTKARSH BAHL,97.2519284,98.8107514,94.0,94.83,0,NORMAL,
2542,EN26202201,GAME YASHVARDHAN SOMNATH,97.2519284,99.5864762,89.0,98.0,0,NORMAL,
2543,EN26334650,VIRAJSINGH KISHORSINGH CHUNGADE,97.2519284,99.3729563,80.67,98.2,0,NORMAL,
2544,EN26244102,NAVYA,97.2519284,,91.0,97.0,0,NORMAL,
2545,EN26454739,VARAD DATTATRAYA TEKALE,97.2519284,95.8070096,93.67,91.6,1,LOW,CET_vs_HSC: CET is LOWER than expected by 58 rank pts
2546,EN26223867,ANIKET DIGAMBAR DHAVANE,97.2507534,99.3004769,76.67,92.4,0,NORMAL,
2547,EN26379158,SHLOK MANISH CHAUDHARY,97.2507534,99.4436032,76.33,93.6,0,NORMAL,
2548,EN26442995,KADU RIDDHESH HANUMAN,97.2507534,97.8881988,77.33,88.8,0,NORMAL,
2549,EN26168875,SHIVAM YASHWANT MHASE,97.2507534,98.2533366,83.0,92.0,0,NORMAL,
2550,EN26149349,MAYURESH AJIT VARPE,97.2507534,99.246115,84.67,95.0,0,NORMAL,
2551,EN26145695,PARTH RAVINDRA BABAR,97.2507534,99.0750853,77.0,93.2,0,NORMAL,
2552,EN26161523,ARUSH AMOL CHOUDHARI,97.2421925,98.9540325,92.0,96.0,0,NORMAL,
2553,EN26204288,SATATYA RANJEET ZADE,97.2421925,74.75684,57.33,77.0,1,LOW,CET_vs_JEE: CET is LOWER than expected by 62 rank pts
2554,EN26308440,HARSHVARDHAN GOVIND BAGAL,97.2347674,97.1665783,74.0,86.6,0,NORMAL,
2555,EN26176023,RAJORSHI CHATTOPADHYAY,97.2347674,98.626659,93.0,97.0,0,NORMAL,
2556,EN26110260,SHREYA BALASAHEB BHOITE,97.2337062,99.6416519,84.67,97.6,0,NORMAL,
2557,EN26229499,SHRIJAY AJAY MAHURE,97.2337062,99.7057484,87.33,92.6,0,NORMAL,
2558,EN26217986,SHALVI MAKARAND DESHPANDE,97.2337062,99.6811356,73.67,89.6,2,MEDIUM,CET_vs_HSC: CET is HIGHER than expected by 55 rank pts; CET_vs_HSC_SSC: CET is HIGHER than expected by 59 rank pts
2559,EN26232710,TANISH KORE,97.2337062,,88.67,95.2,0,NORMAL,
2560,EN26356635,YAKSHITA TOMAR,97.2337062,99.0189208,93.33,96.4,0,NORMAL,
2561,EN26327021,ANANT GANGADHAR BAKWAD,97.2337062,63.5035466,44.33,93.4,1,LOW,CET_vs_JEE: CET is LOWER than expected by 63 rank pts
2562,EN26467141,NANDIKA CHOUDHARY,97.2331705,,86.33,94.16,0,NORMAL,
2563,EN26332498,ISHAAN MILIND SINDKHEDKAR,97.2331705,99.0737525,95.33,93.0,0,NORMAL,
2564,EN26388485,YASH RAJENDRA DASHPUTE,97.2331705,99.2404354,82.0,96.4,0,NORMAL,
2565,EN26297295,SWAPNIL NITIN BHONGALE,97.2331705,99.0948365,82.33,91.4,0,NORMAL,
2566,EN26173407,ETHAN EDWIN PINTO,97.2331705,99.7838756,87.67,99.0,0,NORMAL,
2567,EN26173594,MOHD SADAT NASIR AHMAD KHAN,97.2331705,98.7476321,88.67,96.4,0,NORMAL,
2568,EN26276518,MEGH SANDEEP DESHMUKH,97.2331705,96.3646855,79.33,90.4,0,NORMAL,
2569,EN26320878,AASHRAYA BADAL,97.2331705,,85.0,95.0,0,NORMAL,
2570,EN26168606,RANVEER JITENDRA THORAT,97.2326686,99.2363471,78.67,91.33,0,NORMAL,
2571,EN26297116,RUSHIKESH MILIND JADHAV,97.2326686,98.7109722,81.67,94.8,0,NORMAL,
2572,EN26182792,MYLAVARAPU V K SRICHARAN,97.2326686,98.7019803,82.33,92.16,0,NORMAL,
2573,EN26131219,GHAYWAT RAVI GAJENDRA,97.2326686,99.2441336,80.33,94.2,0,NORMAL,
2574,EN26261754,MRUNAL DILIP MANMODE,97.2326686,97.9141813,80.33,95.4,0,NORMAL,
2575,EN26149557,ARADHYA NANJAYYA PATIL,97.2326686,97.5124204,79.67,88.0,0,NORMAL,
2576,EN26366060,AFAN IBRAHIM PEERZADE,97.2326686,98.3765891,81.33,99.6,0,NORMAL,
2577,EN26367498,NANDWATE VEDANT SHRIKANT,97.2326686,87.8605935,81.67,91.0,1,LOW,CET_vs_JEE: CET is LOWER than expected by 59 rank pts
2578,EN26108065,SHRAVAN SANTHOSH,97.231749,99.4735912,94.33,97.6,0,NORMAL,
2579,EN26311251,VARAD TUKARAM MASAVEKAR,97.231749,99.2967602,80.0,94.2,0,NORMAL,
2580,EN26363853,VIRAJ DILIP GAIKWAD,97.231749,99.1918414,75.33,95.0,0,NORMAL,
2581,EN26164592,ATHARVA VIVEK,97.231749,,89.33,97.33,0,NORMAL,
2582,EN26296845,SOHUM JITENDRA DESHMUKH,97.231749,99.3527968,89.33,90.16,0,NORMAL,
2583,EN26286044,AHIRE SOHAN PANKAJ,97.231749,99.5864762,94.67,97.2,0,NORMAL,
2584,EN26412041,ARYAN VINOD KOLTE,97.231749,98.8626758,94.0,93.5,0,NORMAL,
2585,EN26147630,BHARGAVI JAGDISH GORE,97.223081,97.3253913,91.33,95.8,0,NORMAL,
2586,EN26242029,YAVEN KISHOR SHINGANE,97.223081,98.4641638,88.0,93.83,0,NORMAL,
2587,EN26270437,JEHAAN HITESH KUBADIA,97.223081,99.647739,87.0,96.6,0,NORMAL,
2588,EN26242168,JAYESH PRAJAPATI,97.223081,99.6624505,86.0,90.4,0,NORMAL,
2589,EN26143186,SUSHANT VIKAS NAGANE,97.223081,97.9961504,81.67,91.0,0,NORMAL,
2590,EN26156757,YASH NILESH SAO,97.223081,,79.67,98.8,0,NORMAL,
2591,EN26134063,AVVNIT CHAWLA,97.2215963,,51.33,74.5,0,NORMAL,
2592,EN26465794,ARNAV AGNIHOTRI,97.2215963,99.2861023,87.0,93.5,0,NORMAL,
2593,EN26244253,PREM PRADEEP KHAIRWAR,97.2215963,99.0444765,91.33,95.0,0,NORMAL,
2594,EN26292047,ADITYA SANJAYKUMAR KATKAR,97.2165406,99.853818,84.67,92.2,0,NORMAL,
2595,EN26408696,SAPKALE DHRUV VILAS,97.2165406,99.3245604,82.0,89.0,0,NORMAL,
2596,EN26342330,ANJALI AJAY THORAT,97.213971,98.3067533,84.0,96.0,0,NORMAL,
2597,EN26177435,AADIN ASHUTOSH NENE,97.213971,99.5021514,94.0,96.83,0,NORMAL,
2598,EN26153724,TANISH RAMAN PATIL,97.213971,99.8031108,88.67,95.8,0,NORMAL,
2599,EN26244278,ATHARV RAJESH PAWAR,97.213971,,87.0,95.6,0,NORMAL,
2600,EN26338517,SWAPNIL RAMCHANDRA PHADTARE,97.2118506,98.7089833,81.0,91.4,0,NORMAL,
2601,EN26391139,DHANANJAY SACHIN THOKAL,97.2118506,98.6477445,74.33,92.6,0,NORMAL,
2602,EN26204483,ABHINAV OMPRAKASH CHAUBEY,97.2050272,99.9301269,84.0,90.8,0,NORMAL,
2603,EN26394322,JAY SANJAY KACHAVE,97.2050272,25.8055428,38.0,81.2,1,LOW,CET_vs_JEE: CET is LOWER than expected by 66 rank pts
2604,EN26434795,TANISHA SETH,97.2010068,99.3986188,91.33,96.33,0,NORMAL,
2605,EN26428358,ATHARV SACHIN TAWARE,97.2010068,68.7336094,77.0,88.0,1,LOW,CET_vs_JEE: CET is LOWER than expected by 63 rank pts
2606,EN26125196,DHRUV AMIT MISHRA,97.2010068,99.8395232,93.0,96.9,0,NORMAL,
2607,EN26364757,RUTIK VIJAY JADHAV,97.2010068,,78.67,91.2,0,NORMAL,
2608,EN26136041,KAVEL SUNIL SINGHANIA,97.1986538,99.9692249,88.0,91.0,0,NORMAL,
2609,EN26485677,MANORANJAN M,97.1986538,99.2765642,88.0,95.83,0,NORMAL,
2610,EN26369554,SAI ARUN PATIL,97.1986538,98.291758,85.33,95.16,0,NORMAL,
2611,EN26154778,YASH CHANDRASHEKHAR SARAF,97.1986538,99.1440399,87.0,92.4,0,NORMAL,
2612,EN26234026,ARYAN WADHWANI,97.1979379,98.8742633,86.33,95.2,0,NORMAL,
2613,EN26300445,FAROOQUI ZAID AHMED,97.1979379,98.0628957,76.67,96.4,0,NORMAL,
2614,EN26195407,VEDANT SACHIN PATIL,97.1979379,99.3264576,93.67,97.0,0,NORMAL,
2615,EN26449341,ARNAV LALITKUMAR CHAUDHARI,97.1979379,97.9611464,91.67,90.0,0,NORMAL,
2616,EN26460923,GARVIT ISRANI,97.1820599,,99.33,98.5,0,NORMAL,
2617,EN26318163,RANDHIR VEDANT MILIND,97.178603,99.1038726,76.33,96.0,0,NORMAL,
2618,EN26293274,ZOHRAN ZIA UL QAMAR SHAIKH,97.178603,99.3737606,90.0,91.0,0,NORMAL,
2619,EN26448628,PINANSHU NAYAK,97.178603,,87.33,95.8,0,NORMAL,
2620,EN26143772,AARAV SURESH JAIN,97.178603,99.7302694,88.33,91.0,0,NORMAL,
2621,EN26361845,KUNAL MARUTI KHANDEKAR,97.178603,99.1918414,88.0,95.4,0,NORMAL,
2622,EN26423175,VEDASHRI SANDIP JADHAV,97.178603,93.6866278,82.0,95.6,0,NORMAL,
2623,EN26285626,DONGAVE PRAJWAL PRADIP,97.178603,99.7298445,78.0,95.4,0,NORMAL,
2624,EN26340157,ABHISHEK JOGENDRA PRASAD,97.178603,99.5484616,95.0,96.0,0,NORMAL,
2625,EN26176756,SHEIKH MOHD HASSAN,97.178603,,98.33,98.83,0,NORMAL,
2626,EN26393540,OMKAR SARJERAO SAWANT,97.1663432,99.3515358,83.33,95.6,0,NORMAL,
2627,EN26487688,ANUSHKA AJINATH PAWAR,97.1663432,99.5111353,92.33,92.83,0,NORMAL,
2628,EN26265473,VISHNU MAHENDRA PANDEY,97.1663432,92.9541398,60.33,81.4,0,NORMAL,
2629,EN26393013,ANWITA CHRISTINE FERNANDES,97.1663432,99.436897,88.33,94.33,0,NORMAL,
2630,EN26218929,SIDDHESH NITIN PANDAV,97.1663432,98.8167764,83.0,90.2,0,NORMAL,
2631,EN26236300,TANISHA ABHIJEET SHITOLE,97.1663432,98.6435886,78.67,93.8,0,NORMAL,
2632,EN26453015,AMAN GOYAL,97.1663432,,80.33,87.0,0,NORMAL,
2633,EN26331869,JOSHI SHAMIKA UMESH,97.1663432,,72.0,96.8,0,NORMAL,
2634,EN26285923,BODHE KRISHNA KISHOR,97.1638757,97.887694,79.67,93.0,0,NORMAL,
2635,EN26243937,AADITYA SATTI,97.1638757,,87.0,94.0,0,NORMAL,
2636,EN26341062,APPASAHEB DADA THENGAL,97.1638757,78.9956692,41.0,77.4,1,LOW,CET_vs_JEE: CET is LOWER than expected by 61 rank pts
2637,EN26341957,PARTH SANTOSH KADAM,97.1638757,97.5446034,88.67,95.6,0,NORMAL,
2638,EN26116814,DHANUSH GOWDRA VAGEESHA,97.1638757,,53.33,92.33,0,NORMAL,
2639,EN26422757,SHIVAM KAMLESH KHANDELWAL,97.1622492,98.2171021,71.0,89.6,0,NORMAL,
2640,EN26259169,ATHARVA PRASHANT CHANNE,97.1622492,98.0547198,84.67,96.16,0,NORMAL,
2641,EN26130761,SHAURYA SANTOSH CHAUDHARI,97.1622492,99.5350803,88.33,90.83,0,NORMAL,
2642,EN26436575,ARYAN DEWANGAN,97.1622492,,89.67,86.5,0,NORMAL,
2643,EN26265928,SHREYA RAI,97.1622492,98.6605434,90.0,97.6,0,NORMAL,
2644,EN26230227,PRANAV PRAMOD INGULWAR,97.1622492,99.6657302,89.67,97.0,0,NORMAL,
2645,EN26113620,WANKHEDE SHUBHAM GULABRAO,97.1622492,99.3729563,79.67,93.8,0,NORMAL,
2646,EN26349562,ANUSHKA PRADIP PATIL,97.1622492,97.107136,80.33,98.4,0,NORMAL,
2647,EN26136020,PIYUSH SINGH,97.1622492,,97.33,97.0,0,NORMAL,
2648,EN26467602,YASHRAJ GUPTA,97.1622492,,81.67,92.0,0,NORMAL,
2649,EN26390305,RUTUJA PARMESHWAR KARANDE,97.1622492,,77.0,92.66,0,NORMAL,
2650,EN26479398,KHAJAMIYA PARVEJ KAZI,97.160749,97.3781998,69.33,91.0,0,NORMAL,
2651,EN26217979,SOHAM VIKRANT KHAWATE,97.160749,97.0798432,76.33,96.0,0,NORMAL,
2652,EN26267114,PARSHVA AMOL ZAMAD,97.160749,99.3669144,89.67,86.66,0,NORMAL,
2653,EN26125853,SAH DEVANGI DAYANAND,97.160749,99.5624096,86.0,95.6,0,NORMAL,
2654,EN26158564,SHRAVANI YOGESH JALKOTE,97.160749,95.4430646,86.67,99.6,1,LOW,CET_vs_HSC_SSC: CET is LOWER than expected by 54 rank pts
2655,EN26159426,MIHIT AMIT BIDE,97.160749,99.0001766,87.67,92.6,0,NORMAL,
2656,EN26271297,SARTHAK SUNIL PATIL,97.1543121,96.6545506,82.0,92.16,0,NORMAL,
2657,EN26306719,MIHIR PRASAD CHAUDHARI,97.1543121,98.6182541,82.33,96.6,0,NORMAL,
2658,EN26360203,RIYAN RAJESH BALSARAF,97.1543121,98.6218173,77.33,91.0,0,NORMAL,
2659,EN26104513,ABHINAV GOPALPRASAD GUPTA,97.1543121,99.8435333,89.67,96.4,0,NORMAL,
2660,EN26232084,JIYA NIRAJ PATIL,97.153506,97.9641818,93.33,97.66,0,NORMAL,
2661,EN26114964,SAMEEP RAJESH MANE,97.153506,99.4547232,83.0,91.8,0,NORMAL,
2662,EN26238888,KULDIP KUMAR,97.153506,,91.33,89.5,0,NORMAL,
2663,EN26460855,SAKSHAM GUPTA,97.153506,,85.33,89.6,0,NORMAL,
2664,EN26252073,VAISHNAVI SANDIP AHER,97.153506,98.9760049,90.0,93.4,0,NORMAL,
2665,EN26404154,SHRIKANT SANTOSH SALUNKHE,97.153506,98.7794007,77.33,96.8,0,NORMAL,
2666,EN26416834,MAHAJAN ADITYA RAMCHANDRARAO,97.153506,,62.33,87.2,0,NORMAL,
2667,EN26319974,MANTHAN RAVIKIRAN SOKASHE,97.1504201,99.4847726,80.0,97.4,0,NORMAL,
2668,EN26276502,RUGVED AJIT NITURKAR,97.1504201,99.5446196,95.33,98.16,0,NORMAL,
2669,EN26167013,TARUN SURENDRA SINGH,97.1504201,99.1918414,89.0,93.8,0,NORMAL,
2670,EN26441376,ADITYA RAJENDRA KANSE,97.1504201,97.8761672,82.33,94.4,0,NORMAL,
2671,EN26124630,ANISH HARISH KULKARNI,97.1504201,99.2921716,87.67,95.4,0,NORMAL,
2672,EN26285624,RIA RAHUL CHOWDHURY,97.1503921,99.1839813,90.67,95.6,0,NORMAL,
2673,EN26249449,ESHITA DAS,97.1503921,98.2016654,87.67,96.8,0,NORMAL,
2674,EN26159753,SALONI BALKRISHNA AJGAONKAR,97.1503921,99.0382766,84.67,97.66,0,NORMAL,
2675,EN26100672,SHAURY NEER,97.1503921,,81.67,94.83,0,NORMAL,
2676,EN26370611,PARTH SURESH PURI,97.1503921,99.591217,74.67,91.4,0,NORMAL,
2677,EN26368764,ATHARVA ABHIJEET BHAGAT,97.1499458,99.7550895,90.67,95.8,0,NORMAL,
2678,EN26140501,JAIVAL DILIPKUMAR DALWADI,97.1499458,99.7894103,79.67,95.8,0,NORMAL,
2679,EN26128747,DEVANE SHIVPRASAD VYANKATRAO,97.1499458,96.6879243,59.0,90.6,0,NORMAL,
2680,EN26175341,TAHIR TARIQ DESHMUKH,97.1499458,98.7819872,87.67,94.83,0,NORMAL,
2681,EN26291574,AKSHAR SAVANI,97.1499458,99.0847784,84.33,96.4,0,NORMAL,
2682,EN26103150,VAIBHAV,97.1499458,98.0447413,78.33,93.5,0,NORMAL,
2683,EN26100224,ADITYA SACHEEN MURAGALE,97.1499458,94.5705862,78.0,96.4,0,NORMAL,
2684,EN26271880,SATYAJIT DHANANJAY BORCHATE,97.1429219,98.9619853,81.0,92.2,0,NORMAL,
2685,EN26324897,UTTARWAR SOHAM KRISHNA,97.1429219,67.1207715,87.0,88.16,2,MEDIUM,CET_vs_JEE: CET is LOWER than expected by 62 rank pts; CET_vs_HSC: CET is LOWER than expected by 60 rank pts
2686,EN26101475,KSHITIJ BALAJI LANKWADE,97.1429219,98.8698563,74.33,91.4,0,NORMAL,
2687,EN26265373,SRIBHAVANI GANESHKUMAR,97.1429219,99.6209366,96.0,96.6,0,NORMAL,
2688,EN26228022,NIKUNJ ISHWAR KAMDI,97.1429219,97.1696644,86.0,94.83,0,NORMAL,
2689,EN26175417,VIHAN VINAYAK DHARMADHIKARI,97.1402228,99.4371337,76.33,95.0,0,NORMAL,
2690,EN26374238,VIDUSHI AGARWAL,97.1402228,,88.33,97.83,0,NORMAL,
2691,EN26255188,SARTHAK VILAS JADHAV,97.1402228,98.7089833,72.67,93.8,0,NORMAL,
2692,EN26320542,ABHINAV ISHWAR WAGH,97.1402228,96.6963838,87.33,94.0,0,NORMAL,
2693,EN26343382,NISHANT UJWAL WAKALKAR,97.1402228,98.2122465,85.0,96.33,0,NORMAL,
2694,EN26269291,PARTH ATUL PATIL,97.1402228,99.4646981,92.33,93.6,0,NORMAL,
2695,EN26415564,MANASVI PRASHANT ADMANE,97.1372925,99.4170641,89.67,97.6,0,NORMAL,
2696,EN26190003,SOHAM ASHOK VARPE,97.1372925,99.116041,76.67,89.2,0,NORMAL,
2697,EN26223459,SIDDH PARESH VORA,97.1372925,98.5058661,91.33,97.16,0,NORMAL,
2698,EN26264094,ANANYA DHIREN MEHTA,97.1372925,99.3275256,81.67,94.8,0,NORMAL,
2699,EN26385605,ISHIT MANOJ JAIN,97.1372925,98.905322,82.33,97.0,0,NORMAL,
2700,EN26387825,NEHA VIVEK DOKE,97.1372925,98.4154992,65.0,96.0,0,NORMAL,
2701,EN26101559,YASHASVI MANMOHAN SINHA,97.1372925,98.5373609,83.33,96.33,0,NORMAL,
2702,EN26254001,SAMRUDDHI ANANDRAO KADAM,97.1314672,98.0519481,80.0,91.6,0,NORMAL,
2703,EN26424392,ADITYA PRATEEK OSWAL,97.1254924,97.1576493,72.0,90.5,0,NORMAL,
2704,EN26129593,AGASTTYA KUMAR,97.1254924,,50.67,74.16,0,NORMAL,
2705,EN26394119,ARIN VINAYAK SANMUKH,97.1254924,99.3471433,85.33,93.6,0,NORMAL,
2706,EN26369360,MILIND DHINGRA,97.1254924,99.1359803,91.0,98.5,0,NORMAL,
2707,EN26455240,DANGETI SURYA SATHWIK,97.1162873,,99.78,96.6,0,NORMAL,
2708,EN26188718,MICHELLE KAUL,97.1162873,,92.67,94.6,0,NORMAL,
2709,EN26135882,SRAJAL SINGH CHANDEL,97.1162873,,55.33,92.2,0,NORMAL,
2710,EN26114667,RHIZUL,97.1162873,,71.33,98.6,0,NORMAL,
2711,EN26431517,REEVA DEEP SEHGAL,97.1162873,99.4416984,90.33,95.6,0,NORMAL,
2712,EN26131304,SWARA NILESH PENSALWAR,97.1162873,99.7128307,88.67,97.8,0,NORMAL,
2713,EN26314645,GAURANG SANDEEP SARAF,97.1162873,99.7190687,91.33,91.4,0,NORMAL,
2714,EN26166194,JAY ABHIJIT BAGUL,97.1162873,99.2887877,85.67,86.83,0,NORMAL,
2715,EN26182536,NISHKA SHALABH GARG,97.1162873,98.9695496,96.33,97.4,0,NORMAL,
2716,EN26232231,AARNAV NEERAJ NALGUNDWAR,97.1162873,99.4543918,79.33,96.66,0,NORMAL,
2717,EN26392124,SHIVAM PRAVIN SANGALE,97.1162413,97.9996062,69.33,82.4,0,NORMAL,
2718,EN26167864,ARYAN AVINASH MENDON,97.1162413,59.5017065,67.67,78.0,1,LOW,CET_vs_JEE: CET is LOWER than expected by 63 rank pts
2719,EN26291734,ADDHYAYAN SHIVRAJ PADOLE,97.1162413,99.7358876,81.0,94.6,0,NORMAL,
2720,EN26325286,ADITI YOGESH KAYAL,97.1162413,99.8369629,88.0,100.0,0,NORMAL,
2721,EN26388761,ADITYA LATHI,97.1162413,98.8588712,92.67,91.33,0,NORMAL,
2722,EN26432787,SHATAKSHI KAMAL SHARMA,97.1162413,99.1542936,88.33,93.4,0,NORMAL,
2723,EN26290683,ESHAA SACHIN MOHORIKAR,97.1162413,,88.67,94.6,0,NORMAL,
2724,EN26153544,CHAITANYA PRASHANT WANI,97.1162413,99.4403921,84.33,92.2,0,NORMAL,
2725,EN26106084,VEER VISHAL SHAH,97.1069618,99.5376121,82.0,90.66,0,NORMAL,
2726,EN26186006,AARYA MANISH JOSHI,97.1069618,98.7476321,89.33,97.8,0,NORMAL,
2727,EN26196930,SAANVI SHARAD,97.1069618,,96.67,97.33,0,NORMAL,
2728,EN26239135,SIDDHESH MURLIDHAR JAWALKAR,97.1048795,67.458483,46.33,79.8,1,LOW,CET_vs_JEE: CET is LOWER than expected by 62 rank pts
2729,EN26480670,NIHARIKA YOGESH WANKHEDE,97.1048795,98.9208633,88.67,96.4,0,NORMAL,
2730,EN26392307,AVANEESH IYER,97.1048795,99.3520602,82.67,97.83,0,NORMAL,
2731,EN26205179,VRUSHALI VIJAY GORE,97.1048795,99.4867045,81.0,90.33,0,NORMAL,
2732,EN26175694,SHREYASH KUMAR,97.1048795,87.3518409,60.67,69.0,1,LOW,CET_vs_JEE: CET is LOWER than expected by 58 rank pts
2733,EN26293512,SAINA SANDEEP PATIL,97.0888072,99.5302977,95.67,96.8,0,NORMAL,
2734,EN26157196,SHRIKHANDE MIHIR RAHUL,97.0888072,99.098911,65.0,96.4,0,NORMAL,
2735,EN26180434,VIHAAN PRATIK SARVAIYA,97.0888072,99.2123846,80.33,95.0,0,NORMAL,
2736,EN26328992,TRISHA MILIND MALWADE,97.0888072,98.5858794,82.33,98.66,0,NORMAL,
2737,EN26214144,ALAM ASLAMKHAN PATHAN,97.0888072,96.9234547,64.67,91.4,0,NORMAL,
2738,EN26463659,DAKSH GANDHI,97.0888072,,95.0,88.66,0,NORMAL,
2739,EN26293101,JANHVI KAMLAKAR GADDIME,97.0888072,98.4154992,79.33,96.66,0,NORMAL,
2740,EN26413819,VIVEK DILIPKUMAR MOHITE,97.0888072,98.4327624,80.33,88.5,0,NORMAL,
2741,EN26237916,KAAVYA VISHAL PATHAK,97.0888072,98.8142711,91.67,97.4,0,NORMAL,
2742,EN26454516,PRATHAM DIPAKBHAI RAICHURA,97.0869233,,81.0,87.66,0,NORMAL,
2743,EN26246551,SHREYA VILAS BARHATE,97.0869233,99.5350803,88.0,95.6,0,NORMAL,
2744,EN26353378,KRUSHNA GOPAL RAUT,97.0869233,98.4325799,60.0,82.8,0,NORMAL,
2745,EN26291436,SHUKLA ARYAN SATYADEV,97.0869233,98.8016073,82.67,90.8,0,NORMAL,
2746,EN26214866,SANCHIT NILESH JAIN,97.0869233,98.996822,91.33,97.2,0,NORMAL,
2747,EN26327783,PARTH BABAN MALEKAR,97.0869233,99.0772294,94.0,91.8,0,NORMAL,
2748,EN26394547,RUPESH PRAVIN DHAMANE,97.0820391,46.4182823,92.0,84.8,3,HIGH,CET_vs_JEE: CET is LOWER than expected by 64 rank pts; CET_vs_HSC: CET is LOWER than expected by 73 rank pts; CET_vs_HSC_SSC: CET is LOWER than expected by 59 rank pts
2749,EN26271574,KOLHAPURE OMKAR JYOTIRAM,97.0820391,98.5205065,71.67,97.2,0,NORMAL,
2750,EN26151948,MAITHILI PRASHANT PATIL,97.0820391,99.1344285,87.33,97.2,0,NORMAL,
2751,EN26278606,DHVANI ASHISH MEHTA,97.0820391,99.8563772,90.33,94.0,0,NORMAL,
2752,EN26434913,MANYA KACHHAWAHA,97.0820391,,85.33,94.2,0,NORMAL,
2753,EN26358239,YASHASHREE CHANDULAL MADANKAR,97.0820391,99.1389268,71.67,95.5,0,NORMAL,
2754,EN26205859,PALAK BHARAT BHUSHAN PANDEY,97.0820391,99.074621,91.67,97.33,0,NORMAL,
2755,EN26123296,KUMAR VANSHIKA RAM,97.0800581,99.9265272,95.67,95.8,0,NORMAL,
2756,EN26105251,PRATHAMESH RAMESH SHINDE,97.0800581,99.0471853,76.67,93.0,0,NORMAL,
2757,EN26179773,TANVI GAJANAN KULKARNI,97.0800581,98.9413135,85.33,99.2,0,NORMAL,
2758,EN26167273,BHARGAV ANANT KULKARNI,97.0772806,98.7089833,74.33,81.0,0,NORMAL,
2759,EN26200797,DHIRAJ PANJAB CHAVHAN,97.0772806,48.8664194,54.0,78.2,1,LOW,CET_vs_JEE: CET is LOWER than expected by 63 rank pts
2760,EN26112919,SUMIT RAJU KALPANDE,97.0772806,98.5453146,73.0,95.2,0,NORMAL,
2761,EN26119012,TANMAY RAHUL CHAUDHARI,97.0772806,99.1476881,70.0,91.4,0,NORMAL,
2762,EN26122401,AKSHAY ANKUSH GAVSANE,97.0708888,98.9726962,84.33,97.2,0,NORMAL,
2763,EN26369754,MOHAMMED AMMAR BAUGWALA,97.0708888,99.2177086,87.0,95.66,0,NORMAL,
2764,EN26190441,ATHARVA AVADHUT KULKARNI,97.0708888,99.4001223,94.0,94.4,0,NORMAL,
2765,EN26384877,KHAGESH PRAVIN RANE,97.0708888,98.9224519,76.33,96.2,0,NORMAL,
2766,EN26297793,KOPPIKER ROHAN NILESH,97.0708888,98.9164146,87.33,95.6,0,NORMAL,
2767,EN26465352,ARYAN RAMKESH GUPTA,97.0701047,93.4491576,68.0,86.0,0,NORMAL,
2768,EN26302806,KAUSTAV SINGH,97.0701047,96.1567238,74.67,95.0,0,NORMAL,
2769,EN26333405,SHIVARAJ APPASAHEB KONE,97.0701047,,87.0,90.4,0,NORMAL,
2770,EN26288645,SUYASH MILIND PATWARDHAN,97.0701047,99.1183262,80.67,92.2,0,NORMAL,
2771,EN26150460,ADWITA KISHOR YADAV,97.0701047,98.4879654,91.67,97.66,0,NORMAL,
2772,EN26168873,SAMRIDDHI MISHRA,97.0701047,98.905322,95.33,94.2,0,NORMAL,
2773,EN26450798,PRAJESH SIVAKUMAR,97.0701047,99.0598676,94.33,92.0,0,NORMAL,
2774,EN26249575,SUYASH KHUMENDRA MENDHE,97.0701047,97.8998215,77.67,94.16,0,NORMAL,
2775,EN26389785,CHETAN NEMA,97.0701047,,81.67,93.0,0,NORMAL,
2776,EN26129793,HARSHIT SUNIL MAURYA,97.0701047,98.8742633,81.67,92.4,0,NORMAL,
2777,EN26221261,DISHANT DHIRAJ THAKARE,97.0701047,98.9616221,82.0,91.2,0,NORMAL,
2778,EN26327719,PAWAR LAKSH SHARAD,97.0701047,98.6285832,84.0,97.6,0,NORMAL,
2779,EN26159964,ARYAN BHARDWAJ,97.0701047,,54.67,82.83,0,NORMAL,
2780,EN26458919,TAT ADITI PRASHANT,97.0650703,,73.67,77.0,0,NORMAL,
2781,EN26339896,VIPIN VIJAY SHIRAL,97.0650703,99.2534423,74.0,95.8,0,NORMAL,
2782,EN26170403,MEGHA GUPTA,97.0650703,,71.33,95.16,0,NORMAL,
2783,EN26325778,DEVDATTA DHANANJAY GAWADE,97.0650703,98.8800565,80.67,98.4,0,NORMAL,
2784,EN26280208,OMKAR PRADEEP KATKE,97.0650703,98.644371,74.67,95.83,0,NORMAL,
2785,EN26234815,MANAV DINESH GOLANI,97.0650703,99.9130223,91.67,98.33,0,NORMAL,
2786,EN26105527,KAUSHAL PRAVIN AUGAD,97.0650703,97.9339284,89.0,93.4,0,NORMAL,
2787,EN26355305,RANJEET MAHESH KULKARNI,97.0650703,98.6836998,68.33,95.83,0,NORMAL,
2788,EN26279024,MIIT VIPUL DEDHIA,97.0650703,99.0024152,84.33,90.33,0,NORMAL,
2789,EN26176804,SATWIK PRASHANT BHOPLE,97.0650703,96.7842505,90.67,97.6,0,NORMAL,
2790,EN26339423,DHYANI JIGNESH SHAH,97.0635805,99.7901924,79.67,96.2,0,NORMAL,
2791,EN26390894,ANSHU RAVIKANT BHARTI,97.0635805,,80.33,89.8,0,NORMAL,
2792,EN26272743,AARADHYA VINOD KADAM,97.0635805,99.5691316,91.0,94.4,0,NORMAL,
2793,EN26328611,ATHARV ASHOK CHOUDHARI,97.0635805,98.1898548,79.0,99.4,0,NORMAL,
2794,EN26197931,KHARADI FAHAD FAYAZ,97.0635805,99.5561785,69.0,88.8,2,MEDIUM,CET_vs_HSC: CET is HIGHER than expected by 56 rank pts; CET_vs_HSC_SSC: CET is HIGHER than expected by 60 rank pts
2795,EN26327173,SIDDHE YASHMIT DHIRAJ,97.0635805,97.8702175,72.67,88.0,0,NORMAL,
2796,EN26423413,TEJASWINI TANAJI PATIL,97.0635805,98.3765891,88.67,97.2,0,NORMAL,
2797,EN26218058,BHAKARE ARYA RAVINDRA,97.0606514,99.3554861,66.33,93.66,0,NORMAL,
2798,EN26274500,ATHARVA MOHAN ARSEWAD,97.0606514,99.7206487,87.0,96.83,0,NORMAL,
2799,EN26269738,TANVI ABHAY KHARCHE,97.0606514,99.4197952,94.0,97.6,0,NORMAL,
2800,EN26239543,SARTHAK VILIN ARGHODE,97.0606514,99.751643,83.67,96.8,0,NORMAL,
2801,EN26376821,BAGAL PRATAP SHEKHAR,97.0606514,99.1918414,74.67,89.8,0,NORMAL,
2802,EN26116155,NEEL SANDIP KALE,97.0606514,98.700567,85.67,91.16,0,NORMAL,
2803,EN26280058,NILAY PRASAD DALAL,97.0606514,98.8270624,81.33,93.16,0,NORMAL,
2804,EN26482234,YASH SANTOSH CHAVAN,97.0606514,,77.67,83.33,0,NORMAL,
2805,EN26170674,YUVRAJ MUKESH KEDIA,97.0606514,92.476754,75.67,89.16,0,NORMAL,
2806,EN26337044,BHARADE SUJIT SUNIL,97.0606514,97.4360937,59.67,90.8,0,NORMAL,
2807,EN26369245,RISHU KUMAR,97.0606514,,86.67,96.0,0,NORMAL,
2808,EN26150329,SUKRITI GARG,97.0571651,,93.33,98.0,0,NORMAL,
2809,EN26250964,MANAN VISHAL SHAH,97.0571651,99.1476881,70.67,92.8,0,NORMAL,
2810,EN26246737,JAY SANTOSH SAWANT,97.0571651,97.5427973,78.67,93.0,0,NORMAL,
2811,EN26176038,SUDHANSHU PANKAJ MULEY,97.0549527,17.7235495,48.33,71.8,1,LOW,CET_vs_JEE: CET is LOWER than expected by 64 rank pts
2812,EN26227487,RITESH RAMA DESHMUKH,97.0549527,99.9572998,88.67,92.4,0,NORMAL,
2813,EN26121478,AARUSH VAIBHAV PANSARE,97.0549527,99.549934,91.33,93.83,0,NORMAL,
2814,EN26266877,ARMAAN AHMED,97.0549527,98.4131253,93.0,97.0,0,NORMAL,
2815,EN26241386,VEDANT GORAKSHNATH GARGOTE,97.0549527,99.1264191,69.67,87.8,0,NORMAL,
2816,EN26181826,TANAY VISHAL AGRAWAL,97.0549527,99.4682537,93.0,96.16,0,NORMAL,
2817,EN26117721,VEDANT SANJEEV SARDAR,97.0549527,95.4161223,80.0,97.33,0,NORMAL,
2818,EN26144513,MOHAMMAD ZAID GULAM SARWAR KHAN,97.0549527,98.03989,81.67,89.0,0,NORMAL,
2819,EN26491597,VED NANDAN PRASAD,97.0549527,97.0708734,83.0,97.33,0,NORMAL,
2820,EN26367030,PRANAV PRAVIN SELMOKAR,97.0538226,52.7200757,39.67,81.0,1,LOW,CET_vs_JEE: CET is LOWER than expected by 63 rank pts
2821,EN26289036,SUNAY MUNDRA,97.0538226,98.4843712,92.0,94.6,0,NORMAL,
2822,EN26354919,ATHARVA VIREN THATTE,97.0538226,99.7421589,84.33,95.33,0,NORMAL,
2823,EN26223181,PARTH RAKESH SINGH,97.0538226,99.3979391,90.33,95.6,0,NORMAL,
2824,EN26310851,SWARAJ CHANDRAWADAN KHANDE,97.0538226,98.4299517,92.33,95.33,0,NORMAL,
2825,EN26200514,RUTUJA SANDIP KHANDWE,97.0538226,98.8107514,71.0,95.4,0,NORMAL,
2826,EN26293255,ARNAV SHRIDHAR UMALE,97.0538226,93.2033865,84.0,94.3,0,NORMAL,
2827,EN26145697,MAHI SINGH,97.0538226,96.2537463,86.67,97.66,0,NORMAL,
2828,EN26232682,NANDINI VINOD SABLE,97.0534609,99.6690398,89.33,96.4,0,NORMAL,
2829,EN26261490,AVDHUT ANIL PATIL,97.0534609,99.6583984,77.33,86.6,1,LOW,CET_vs_HSC_SSC: CET is HIGHER than expected by 55 rank pts
2830,EN26105089,AARUSHI CHANDRASHEKHAR THAKRE,97.0534609,99.6209366,83.33,96.4,0,NORMAL,
2831,EN26256574,OM GOPAL RATHOD,97.0534609,99.1326609,82.0,91.0,0,NORMAL,
2832,EN26102127,PRATHMESH RAVINDRA YADAV,97.0356921,99.5895601,88.67,87.2,0,NORMAL,
2833,EN26167556,SHAURYA VIRAL MODI,97.0356921,99.5929444,75.0,95.33,0,NORMAL,
2834,EN26390644,SAGRE SUMER AKBAR,97.0356921,98.3131595,69.33,96.2,0,NORMAL,
2835,EN26254953,ROHAN NAVIN,97.0352717,98.291758,70.67,99.0,0,NORMAL,
2836,EN26268124,TANISH ROHIT MEHTA,97.0352717,99.9231538,94.67,96.2,0,NORMAL,
2837,EN26366274,ARJUN GANESH MUNDE,97.0352717,98.4299517,85.67,97.4,0,NORMAL,
2838,EN26289763,PARAS KUBER PATIL,97.0352717,99.647739,94.33,99.2,0,NORMAL,
2839,EN26286365,OJAS RUSHIKESH KADAM,97.0306107,99.4416984,72.67,94.4,0,NORMAL,
2840,EN26100815,ONKAR GANESH KATHER,97.0306107,99.5497069,81.0,94.8,0,NORMAL,
2841,EN26181479,ARPIT DABAS,97.0306107,97.35148,81.33,96.2,0,NORMAL,
2842,EN26106858,AYUSH BHAT,97.0159858,,91.67,97.16,0,NORMAL,
2843,EN26335747,ARSHIA GOYAL,97.0159858,99.2303252,91.67,95.5,0,NORMAL,
2844,EN26400843,PRANJAL SHARMA,97.0159858,,59.0,76.83,0,NORMAL,
2845,EN26464372,AVANT PIRODIYA,97.0159858,,89.67,91.0,0,NORMAL,
2846,EN26383251,LINGAYAT VARAD SANJAY,97.0159858,99.2799835,84.0,95.66,0,NORMAL,
2847,EN26415483,NISHANT PRADEEP JOSHI,97.0157032,99.3358064,67.0,90.33,0,NORMAL,
2848,EN26242057,SAUMIL MANISH LOKHANDE,97.0157032,99.901398,85.33,97.83,0,NORMAL,
2849,EN26193046,SARASWATI SUHAS WAKODKAR,97.0089544,98.7055937,76.33,95.0,0,NORMAL,
2850,EN26323811,SOHAM NITIN KUMBHAR,97.0089544,99.2267861,89.67,94.0,0,NORMAL,
2851,EN26226353,KANISHKA SHINDE,97.0089544,98.9173025,79.67,90.0,0,NORMAL,
2852,EN26165216,MAYANK RUPESH JAISWAL,97.0089544,99.6714046,69.67,94.0,2,MEDIUM,CET_vs_HSC: CET is HIGHER than expected by 60 rank pts; CET_vs_HSC_SSC: CET is HIGHER than expected by 56 rank pts
2853,EN26329777,DESAI ANSHULA DEEPAK,97.0089544,98.6300897,84.0,97.0,0,NORMAL,
2854,EN26230387,AAYUSHI MANOJ PATIL,97.0089544,97.4360937,85.33,97.2,0,NORMAL,
2855,EN26320302,PRATHAMESH KIRAN MISHRIKOTI,97.0089544,98.5858794,80.0,92.8,0,NORMAL,
2856,EN26334191,YASH SAMADHAN KHANDE,97.0089544,98.8742633,83.0,93.4,0,NORMAL,
2857,EN26174046,DEOKAR KRUSHNA KISHOR,97.0011148,61.579051,89.33,71.33,2,MEDIUM,CET_vs_JEE: CET is LOWER than expected by 62 rank pts; CET_vs_HSC: CET is LOWER than expected by 66 rank pts
2858,EN26217254,RISHIKA ATUL MANTRI,97.0011148,98.8209363,84.67,97.8,0,NORMAL,
2859,EN26101497,MALLHAR RAHUL JOSHI,97.0011148,99.8999808,92.33,94.2,0,NORMAL,
2860,EN26433716,OJAS HEMANT VAIDYA,97.0011148,99.6791809,85.33,95.4,0,NORMAL,
2861,EN26113883,SOUMYADEEP PAUL,97.0011148,98.2894535,79.0,93.0,0,NORMAL,
2862,EN26246101,RITI PANKAJ MALPANI,97.0011148,99.6230044,87.33,98.0,0,NORMAL,
2863,EN26221392,ISHAN SHASHIKANT MOGREKAR,97.0011148,98.8739213,75.67,99.0,0,NORMAL,
2864,EN26275041,OMKUMAR MANOJ PATEL,96.9982569,98.1453042,69.33,95.8,0,NORMAL,
2865,EN26102611,DARSHIL JITENDRA ISE,96.9982569,94.0729324,75.33,88.6,0,NORMAL,
2866,EN26369385,PARTHA MONDAL,96.9982569,,49.33,76.83,0,NORMAL,
2867,EN26129233,ARTHESH ABHIJIT DOBHADA,96.9982569,99.2306878,88.67,94.33,0,NORMAL,
2868,EN26220866,SMIT PRAVIN JAGTAP,96.9963357,99.7464074,84.67,93.33,0,NORMAL,
2869,EN26239491,AARUSH RAVIKANT WANIKAR,96.9963357,99.5350803,85.33,94.4,0,NORMAL,
2870,EN26218690,PRASAD RATNAKAR MALKAR,96.9963357,98.1483638,83.67,92.8,0,NORMAL,
2871,EN26199183,AKSHAR NITEEN TILWANKAR,96.9951563,99.7768802,82.67,91.8,0,NORMAL,
2872,EN26142188,NEEV JIGAR JHAVERI,96.9951563,98.3419888,85.33,94.16,0,NORMAL,
2873,EN26270366,SHRESHTHA SHRIYASH KULKARNI,96.9951563,99.4646981,74.67,90.8,0,NORMAL,
2874,EN26307792,YASH MINANATH DURGE,96.9951563,98.8203997,90.0,95.0,0,NORMAL,
2875,EN26407667,KUSHAGRA KUMAR,96.9951563,96.1559696,88.0,97.0,0,NORMAL,
2876,EN26369736,HERAMB ABHIJIT KUNTE,96.9889016,99.4416984,81.67,97.16,0,NORMAL,
2877,EN26277245,ADITYA PANDIT YEWALE,96.9889016,99.6707185,91.33,96.2,0,NORMAL,
2878,EN26173062,AYUSH KUMAR SAHU,96.9889016,99.335246,94.67,94.6,0,NORMAL,
2879,EN26262638,YASHITA AGGARWAL,96.9889016,,86.0,92.66,0,NORMAL,
2880,EN26204238,KAVYA VIKAS GATKAL,96.9889016,98.8698563,75.0,92.6,0,NORMAL,
2881,EN26237869,SHAURYA SINHA,96.9889016,,87.0,95.0,0,NORMAL,
2882,EN26366237,DHARA BHAVESH JAIN,96.9889016,98.451797,88.67,98.83,0,NORMAL,
2883,EN26385881,BHATLAWANDE SHASHANK SATYAVAN,96.9889016,98.2258996,79.0,95.16,0,NORMAL,
2884,EN26159806,AYUSH SHASHIKANT SAKPAL,96.9876991,93.3993174,46.67,75.4,0,NORMAL,
2885,EN26153459,SHREYA ATMARAM PAWAR,96.9876991,99.75112,74.0,94.4,2,MEDIUM,CET_vs_HSC: CET is HIGHER than expected by 58 rank pts; CET_vs_HSC_SSC: CET is HIGHER than expected by 53 rank pts
2886,EN26211355,PARTH VITTHAL MALI,96.9876991,99.0273676,87.67,95.0,0,NORMAL,
2887,EN26369343,RITIK INDRAJEET PANDEY,96.9876991,97.98376,80.0,89.2,0,NORMAL,
2888,EN26101125,AKSHAT THAPA,96.9876991,98.700567,88.0,89.4,0,NORMAL,
2889,EN26276277,PRADEEP BAHUBALI KHOT,96.9876991,99.7437988,83.0,93.6,0,NORMAL,
2890,EN26410031,ADWITIYA SINHA,96.9876991,,88.0,91.6,0,NORMAL,
2891,EN26467408,ARYAN VINOD KADAM,96.9876991,97.8985175,82.67,95.2,0,NORMAL,
2892,EN26238776,YAJAT SACHIN CHAVAN,96.9755634,99.4867045,97.0,97.8,0,NORMAL,
2893,EN26394445,SARTHAK VARDHAMAN CHOUGULE,96.9755634,99.7565021,89.33,92.6,0,NORMAL,
2894,EN26315787,ATHARVA JAYPRAKASH SHENDE,96.9739517,99.1888167,82.0,91.5,0,NORMAL,
2895,EN26192702,SIDDHESH PRADEEP MATHANKAR,96.9739517,97.9274077,88.0,89.6,0,NORMAL,
2896,EN26206076,JATAN SWAPNIL DEOSTHALI,96.9739517,98.9897444,73.33,93.16,0,NORMAL,
2897,EN26340149,AMAR VIRENDRAKUMAR VISHWAKARMA,96.9739517,97.5416581,75.33,90.2,0,NORMAL,
2898,EN26283132,ABHISHEK PRAKASH JADHAV,96.9739517,99.6456097,77.0,92.2,0,NORMAL,
2899,EN26175820,SAMANYU NAGESH BHAT,96.9739517,98.5669073,94.67,92.88,0,NORMAL,
2900,EN26305840,HARSHVARDHAN DATTATRAYA DHAWALE,96.9686738,99.957906,92.67,92.5,0,NORMAL,
2901,EN26331729,MANOMAY KISHOR PATIL,96.9686738,98.6186186,79.67,94.8,0,NORMAL,
2902,EN26230816,SATYAM MANSING MANE,96.9686738,99.1062802,82.67,96.6,0,NORMAL,
2903,EN26220917,AARUSH AMOL PACHGHARE,96.9686738,98.0182404,84.33,92.8,0,NORMAL,
2904,EN26112457,MOULIK SINHA,96.9686738,99.7439636,86.0,91.0,0,NORMAL,
2905,EN26459743,VIVEK VERMA,96.9686738,,88.33,92.2,0,NORMAL,
2906,EN26118705,SHOUNAK BANERJEE,96.9686738,,83.0,95.4,0,NORMAL,
2907,EN26342525,KEYUR YATIN MUTHA,96.9686738,86.6676057,63.33,91.2,0,NORMAL,
2908,EN26263341,SHUBHAM BHATTACHARYA,96.9674691,99.4478951,84.0,98.0,0,NORMAL,
2909,EN26117092,ATHARVA ANAND MOKASHI,96.9674691,99.6298484,92.0,88.57,0,NORMAL,
2910,EN26357541,KRISH MANOJ JAIN,96.9674691,,81.0,91.6,0,NORMAL,
2911,EN26463214,ANSSHIKA DASGUPTA,96.9674691,,93.33,96.2,0,NORMAL,
2912,EN26262508,VANSHVI BRIJESH OZA,96.9674691,99.2533719,89.0,98.16,0,NORMAL,
2913,EN26267902,MANAV DEEPAK CHANDAK,96.9674691,99.3965487,81.0,93.2,0,NORMAL,
2914,EN26101981,SOHAM LOKHANDE,96.9674691,98.5205065,93.67,94.66,0,NORMAL,
2915,EN26231586,PRACHI JHAWAR,96.9619154,97.8130223,92.0,97.16,0,NORMAL,
2916,EN26312665,SUCHITRA G R,96.9619154,99.1853991,92.33,97.5,0,NORMAL,
2917,EN26391492,SHRUSTI NILESH DOSHI,96.9619154,99.8598458,90.0,96.16,0,NORMAL,
2918,EN26361339,ARNAV BALKRISHNA INGALE,96.9619154,99.6711217,74.0,87.0,1,LOW,CET_vs_HSC_SSC: CET is HIGHER than expected by 60 rank pts
2919,EN26363680,SAUMYA SONI,96.9619154,,84.33,84.83,0,NORMAL,
2920,EN26252141,VEDANT MAROTI PAWAR,96.9600085,99.8276984,82.33,93.0,0,NORMAL,
2921,EN26433534,OM ASHOK MALODE,96.9600085,46.3536656,80.67,77.4,1,LOW,CET_vs_JEE: CET is LOWER than expected by 63 rank pts
2922,EN26240650,JAY PRASAD TAMBE,96.9600085,99.1821946,75.0,96.83,0,NORMAL,
2923,EN26137031,LAVINA VISHAL KADAM,96.9600085,99.0686935,84.33,96.14,0,NORMAL,
2924,EN26137994,DEVANSH WADHWA,96.9591571,98.8270624,83.0,96.8,0,NORMAL,
2925,EN26250040,SUPRIYA BALIRAM JADHAV,96.9591571,97.5715826,79.33,93.4,0,NORMAL,
2926,EN26211139,SHRADHEY DHANSING BHURE,96.9591571,98.8957902,81.0,93.0,0,NORMAL,
2927,EN26491379,SHRIRANG ANIRUDDHA ACHARYA,96.9591571,99.6314115,93.67,93.66,0,NORMAL,
2928,EN26250891,AANYA KOTHARI,96.9591571,99.1441534,90.0,98.0,0,NORMAL,
2929,EN26220569,DARSHAN NALIN BHANDARI,96.9520756,85.9765355,65.67,94.0,0,NORMAL,
2930,EN26379818,YASH TEJAS BEDMUTHA,96.9520756,95.9365257,72.33,77.4,0,NORMAL,
2931,EN26125783,SAHANA BALAJI,96.9520756,,93.0,94.2,0,NORMAL,
2932,EN26120990,ANIK AMIT BAVISKAR,96.9520756,99.4867045,87.0,93.66,0,NORMAL,
2933,EN26107740,AADYA RAVAL,96.9468776,99.5343467,87.0,92.4,0,NORMAL,
2934,EN26253904,RONAK PARAG KAMAT,96.9468776,99.2415545,88.33,97.33,0,NORMAL,
2935,EN26392938,SAGI UDBHAV,96.9468776,,95.44,94.6,0,NORMAL,
2936,EN26120748,ARYAMAN SUNIL RAHINJ,96.9468776,99.2434663,79.33,91.16,0,NORMAL,
2937,EN26168775,YASH SANTOSH KHANDAGALE,96.9468776,99.6583984,87.0,98.2,0,NORMAL,
2938,EN26165763,SEJAL DEV,96.9468776,97.0949449,93.67,90.5,0,NORMAL,
2939,EN26330326,SHREYA AMOL KANWADE,96.9356124,99.1067363,89.0,93.0,0,NORMAL,
2940,EN26114685,PAREEN SANDIP MANTE,96.9356124,99.312573,87.0,94.6,0,NORMAL,
2941,EN26105817,AVANISH ROHIT SULE,96.9356124,98.3798345,90.67,98.16,0,NORMAL,
2942,EN26212774,SANMAYEE SANJAY SAWARKAR,96.9356124,99.2275145,90.67,98.4,0,NORMAL,
2943,EN26268576,ATHARVA ASHOK PATANKAR,96.9319413,99.4157162,89.67,96.8,0,NORMAL,
2944,EN26392664,NEEL NISHANTH KULURKAR,96.9319413,99.1743055,88.0,96.2,0,NORMAL,
2945,EN26332360,PARIN SACHIN FURIA,96.9319413,98.7189844,88.33,95.6,0,NORMAL,
2946,EN26483481,YASH BAJAJ,96.9319413,,87.0,94.66,0,NORMAL,
2947,EN26226248,DATTA DIGAMBARSINGH THAKUR,96.9319413,99.5291575,78.67,99.4,0,NORMAL,
2948,EN26205722,KINJAL ASHOKKUMAR MOKARIYA,96.9319413,98.7920754,90.0,91.0,0,NORMAL,
2949,EN26179895,SANCHIT PRASHANT MOHITE,96.9319413,82.190886,61.0,91.6,1,LOW,CET_vs_JEE: CET is LOWER than expected by 58 rank pts
2950,EN26216509,SWANAND RAHUL PATIL,96.9271123,99.2740965,75.33,94.4,0,NORMAL,
2951,EN26142197,PRATHAMESH ANIL SADALGE,96.9271123,99.4889566,80.33,90.4,0,NORMAL,
2952,EN26408522,OJAS PRAKASH JAHAGIRDAR,96.9271123,99.1672355,80.33,90.4,0,NORMAL,
2953,EN26199525,NANDINI ARVIND SHINDE,96.9271123,99.2048201,83.67,97.4,0,NORMAL,
2954,EN26171776,NISHANT KUMAR,96.9230048,99.5885253,81.0,91.8,0,NORMAL,
2955,EN26173621,VARAD VINOD NARALE,96.9230048,98.5196099,85.0,94.33,0,NORMAL,
2956,EN26137819,SANJH SACHIN JHAWAR,96.9230048,97.148562,81.0,96.6,0,NORMAL,
2957,EN26100207,SABNE VARAD RATNAKAR,96.9230048,96.6879243,74.0,97.4,0,NORMAL,
2958,EN26121218,CHAUDHARI NIKHIL PRAVIN,96.9217746,99.4239868,86.0,90.8,0,NORMAL,
2959,EN26190302,ADITI BHUPESH DHAWALE,96.9217746,99.1067363,83.67,98.6,0,NORMAL,
2960,EN26453542,RUDRA SATISH GAIKWAD,96.9217746,98.5373609,85.33,91.83,0,NORMAL,
2961,EN26334750,KARLE JAY SANTOSH,96.9217746,97.3163545,87.0,95.8,0,NORMAL,
2962,EN26440054,NAMAN KUMAR BHADANI,96.9217746,,69.67,88.16,0,NORMAL,
2963,EN26255827,RAMDAN ASHRAF SHAKEEL,96.9217746,97.5511952,76.67,94.6,0,NORMAL,
2964,EN26152479,NEHAL ANIL DESHINGE,96.9197427,98.0818957,75.67,85.6,0,NORMAL,
2965,EN26213988,HARSH RAMESHWAR ISHI,96.9197427,98.5058661,84.33,93.0,0,NORMAL,
2966,EN26148449,ANISH SACHIN KULKARNI,96.9197427,99.5156527,86.33,94.2,0,NORMAL,
2967,EN26255945,BADE DNYANESHWAR VISHNU,96.9197427,98.6208828,86.33,95.6,0,NORMAL,
2968,EN26389873,AKSHAY RAJABHAU RATHOD,96.9162683,3.8623448,61.0,93.6,1,LOW,CET_vs_JEE: CET is LOWER than expected by 64 rank pts
2969,EN26381538,KAWARKHE SWANAND VASANTRAO,96.9162683,96.5565559,81.67,94.8,0,NORMAL,
2970,EN26242132,SAMARTH SANJAY CHAUDHARI,96.9162683,99.0189208,82.67,93.0,0,NORMAL,
2971,EN26332115,FLORA ISHPREETSINGH HARJINDERSINGH,96.9162683,99.4784557,84.33,90.6,0,NORMAL,
2972,EN26247355,PARVA AMIT SALOT,96.9153589,99.5885253,89.67,92.16,0,NORMAL,
2973,EN26423898,SATISH ASHOK LOKHANDE,96.9153589,98.847481,73.33,92.4,0,NORMAL,
2974,EN26245195,ROHAN RAHUL DAMANI,96.9153589,99.6391008,98.0,95.83,0,NORMAL,
2975,EN26141154,ARUL MUKHI,96.9153589,98.9525497,91.33,93.6,0,NORMAL,
2976,EN26249821,SUMEDH SUDHIR SAVARDEKAR,96.9153589,98.1734676,79.0,94.8,0,NORMAL,
2977,EN26206288,SAMAIRA SAREEN,96.9153589,98.7486606,93.67,96.16,0,NORMAL,
2978,EN26358890,NAYAN JITENDRA NANDRE,96.9153589,99.0374182,74.33,97.0,0,NORMAL,
2979,EN26102605,ALI MUJAHID MULLA,96.9137433,97.1923599,82.33,87.2,0,NORMAL,
2980,EN26389204,TANVI NITIN RANE,96.9137433,98.9254847,80.0,97.66,0,NORMAL,
2981,EN26140820,TANVI VIJAY AMBORE,96.9137433,98.2717542,92.0,94.6,0,NORMAL,
2982,EN26114341,MEHROTRA KUNSH RAHUL,96.9137433,98.9795918,66.33,95.0,0,NORMAL,
2983,EN26101962,HERAMB VIJAY WAGHULDE,96.9007664,97.1170667,78.33,97.0,0,NORMAL,
2984,EN26393960,POORVA MITHUN SARADE,96.9007664,99.2967602,85.67,99.2,0,NORMAL,
2985,EN26172932,VIGHNESH PATIL,96.9007664,99.6242563,92.33,92.16,0,NORMAL,
2986,EN26245681,OMKAR RAJABHAU RATHOD,96.9007664,97.1687299,74.67,93.4,0,NORMAL,
2987,EN26339878,SARVESH RAJESH THAKRE,96.9000216,98.4223551,70.67,85.6,0,NORMAL,
2988,EN26141471,OM KEDAR CHAUDHARI,96.9000216,99.0240529,83.67,95.5,0,NORMAL,
2989,EN26176128,TEJAS RAWAT,96.9000216,96.5386733,96.0,94.83,2,MEDIUM,CET_vs_HSC: CET is LOWER than expected by 56 rank pts; CET_vs_HSC_SSC: CET is LOWER than expected by 54 rank pts
2990,EN26166756,SIDDHARTH RAHUL KULKARNI,96.9000216,99.6976887,79.0,94.6,0,NORMAL,
2991,EN26450140,ADITYA OJHA,96.8972264,,94.33,93.5,0,NORMAL,
2992,EN26276680,ISHAN HARSHAL SHELKE,96.8972264,96.5942413,83.67,93.83,0,NORMAL,
2993,EN26485753,RUPESH KUMAR,96.8972264,,86.33,95.6,0,NORMAL,
2994,EN26158822,DEREK LOBO,96.8972264,99.436897,93.67,96.2,0,NORMAL,
2995,EN26147935,ATHARVA PRAVEEN CHOPKAR,96.8829127,97.9961504,85.67,91.66,0,NORMAL,
2996,EN26147139,SAKSHAM MITTAL,96.8829127,98.8608813,91.0,93.8,0,NORMAL,
2997,EN26319473,SHOURYA SANJAY AGRAWAL,96.8829127,98.3591071,94.0,95.0,0,NORMAL,
2998,EN26269485,SWAYAM MILIND SARAF,96.8829127,97.8346051,83.67,93.4,0,NORMAL,
2999,EN26446747,MAITHILI GUPTA,96.8829127,,96.33,96.66,0,NORMAL,
3000,EN26456164,KEDAR VITTHAL BANKAR,96.879858,97.8438084,81.33,91.2,0,NORMAL,
3001,EN26390515,DEEP DHIRAJ NAHAR,96.879858,99.7147586,87.33,96.4,0,NORMAL,
3002,EN26411742,ADITYA MANIK HAKE,96.879858,96.8345273,64.33,95.4,0,NORMAL,
3003,EN26131036,OMKAR RAHUL MANE,96.879858,98.626659,67.67,88.6,0,NORMAL,
3004,EN26105682,SAILEE MANGESH DEVHARE,96.879858,97.2886818,80.67,93.6,0,NORMAL,
3005,EN26292354,PRATYUSH SOMNATH KALE,96.879858,96.9378727,67.67,93.8,0,NORMAL,
3006,EN26285095,MOMIN MOHAMMED MOIN ZAINUL ABDEEN,96.8786344,99.6109215,76.67,95.2,0,NORMAL,
3007,EN26242917,PARASHURAM SANTOSH MAHADIK,96.8786344,99.7797963,91.33,96.2,0,NORMAL,
3008,EN26253721,RAJNANDINI NITIN AHER,96.8786344,98.3419888,71.33,97.2,0,NORMAL,
3009,EN26185388,ASHWIN TOMAR,96.8786344,,71.33,89.8,0,NORMAL,
3010,EN26171600,ANSHOOK SANDEEP BRAMHANKAR,96.8786344,99.4247803,92.0,95.66,0,NORMAL,
3011,EN26338340,KORDE SHRUTI DNYANESHWAR,96.8786344,98.7794007,75.33,91.66,0,NORMAL,
3012,EN26102469,VYOM VIRAL DOSHI,96.8671343,99.5760466,87.0,90.5,0,NORMAL,
3013,EN26324988,MOHAMMED ZIYAN MOHAMMED UMER SHAIKH,96.8671343,89.935711,36.33,63.2,0,NORMAL,
3014,EN26332487,ISHAAN SUJIT KULKARNI,96.8671343,99.3685902,75.0,95.4,0,NORMAL,
3015,EN26124715,AARAV SONI,96.8636797,97.7341914,89.67,96.33,0,NORMAL,
3016,EN26361964,SAISHREE KRISHNANATH AKANGIRE,96.8636797,99.059847,88.0,95.2,0,NORMAL,
3017,EN26126238,ATIB KHAN,96.8636797,74.1899324,53.67,81.4,1,LOW,CET_vs_JEE: CET is LOWER than expected by 59 rank pts
3018,EN26363488,PRALABH KUMAR,96.8636797,,82.0,94.6,0,NORMAL,
3019,EN26130346,AKANKSHA ARUN YADAV,96.8636797,99.2533599,95.67,98.0,0,NORMAL,
3020,EN26448790,VEDANT SACHIN DAYMA,96.8575217,98.8658108,84.0,94.8,0,NORMAL,
3021,EN26122544,KAVYA BHARAT JAIN,96.8575217,98.6765412,79.67,96.0,0,NORMAL,
3022,EN26162677,MANISH NENARAM SONESHA,96.8575217,99.3139932,90.33,98.4,0,NORMAL,
3023,EN26130092,KAPSHIKAR ANURAG GIRISH,96.8575217,99.2803541,91.33,95.0,0,NORMAL,
3024,EN26263980,CHINMAYEE RAJAN CHIKE,96.847932,99.0135423,87.67,98.2,0,NORMAL,
3025,EN26159225,SUYASHVI GERA,96.847932,,95.67,97.4,0,NORMAL,
3026,EN26168754,ARYAN SANDEEP WADAR,96.847932,99.2803541,81.0,95.6,0,NORMAL,
3027,EN26460415,KAUSHAL DEEPAK LOKHANDE,96.847932,99.6468491,88.67,92.5,0,NORMAL,
3028,EN26302860,RAGHAV GOYAL,96.847932,99.3074127,89.0,94.66,0,NORMAL,
3029,EN26153808,SHARDUL RAVINDRA KOTHI,96.8409652,98.8107514,87.67,96.0,0,NORMAL,
3030,EN26182357,KONGPOSH RAINA,96.8409652,,61.67,80.0,0,NORMAL,
3031,EN26428514,RUDRA DEEPAK MANGLA,96.8409652,99.1359803,80.0,95.66,0,NORMAL,
3032,EN26231581,ADITYA AMIT BORNARE,96.8409652,99.271977,86.67,97.4,0,NORMAL,
3033,EN26131366,YASH SOHANLAL CHOUDHARY,96.839674,99.3419441,80.33,95.4,0,NORMAL,
3034,EN26107308,ISHAAN RAJESH GAVALI,96.839674,98.1734676,82.33,94.83,0,NORMAL,
3035,EN26307553,ABHIRAJ VITHAL MORE,96.839674,99.9036646,81.33,94.33,0,NORMAL,
3036,EN26363206,TANMAY RAJESH LANJEWAR,96.839674,99.5863418,82.67,92.0,0,NORMAL,
3037,EN26112763,AARYA KANTILAL PAWAR,96.839674,99.9464258,95.67,95.4,0,NORMAL,
3038,EN26374299,KRISHNA SOMNATH CHAVAN,96.839674,99.2533599,92.33,94.2,0,NORMAL,
3039,EN26228589,GAURAV SHIVDAS KHARATE,96.839674,98.8107514,71.0,92.2,0,NORMAL,
3040,EN26293305,RACHIT JAIKUMAR GOGAWALE,96.8356232,99.1512886,69.33,89.8,0,NORMAL,
3041,EN26463382,PRATYUSH D SINGH,96.8356232,98.196704,82.0,93.66,0,NORMAL,
3042,EN26460148,SHLOK DINESH KHEDKAR,96.8356232,98.4561032,86.67,97.66,0,NORMAL,
3043,EN26245177,CHARVI PATIL,96.8356232,99.2320819,96.0,96.0,0,NORMAL,
3044,EN26449012,NIKITA GOPAL MAHAJAN,96.8353163,98.847481,87.33,97.33,0,NORMAL,
3045,EN26442464,MADHAV SHARMA,96.8353163,,91.0,93.83,0,NORMAL,
3046,EN26489243,NAVEEN NEERAJ TRIPATHI,96.8353163,96.0159089,72.33,88.6,0,NORMAL,
3047,EN26114292,ATHARVA ATUL DESHPANDE,96.8307046,99.372715,82.33,92.1,0,NORMAL,
3048,EN26262556,VAISHNAV SANJAY JORI,96.8307046,98.1453042,67.33,92.33,0,NORMAL,
3049,EN26107908,AMOGH VIVEK DETHE,96.8307046,99.5460666,90.0,93.4,0,NORMAL,
3050,EN26249218,RISHIKA SINGHAL,96.8307046,98.2414965,91.0,97.6,0,NORMAL,
3051,EN26123300,PUSHKAR VIJAY SAWANT,96.8307046,99.3685902,79.67,95.2,0,NORMAL,
3052,EN26111032,SWASTIKA RATH,96.8307046,98.9480174,90.33,97.5,0,NORMAL,
3053,EN26123887,SARVESH MANISH KATE,96.8307046,98.0447413,65.33,90.0,0,NORMAL,
3054,EN26352531,ARSH SAYED,96.8307046,99.0273676,92.33,93.0,0,NORMAL,
3055,EN26137022,KEVIN NIPUN SHAH,96.8307046,99.4605388,84.33,96.6,0,NORMAL,
3056,EN26213962,NEEL SACHIN VIBHUTE,96.8307046,98.1370729,67.33,87.83,0,NORMAL,
3057,EN26148707,JAINA PATEL,96.8307046,98.2452519,92.67,95.6,0,NORMAL,
3058,EN26291611,RADHIKA BANSAL,96.8307046,96.1068782,77.0,96.6,0,NORMAL,
3059,EN26156865,YADAV SANDEEP RAMNEWAS,96.830023,97.9611464,94.0,87.8,0,NORMAL,
3060,EN26150388,PRERNA PRAMOD GARAD,96.8294915,98.3477163,76.67,97.4,0,NORMAL,
3061,EN26316060,DEVANSH MAHENDRA MANDALIA,96.8294915,99.8615118,90.33,98.16,0,NORMAL,
3062,EN26229531,SANJANA VIKAS SAWANT,96.8294915,96.2409787,86.67,97.6,0,NORMAL,
3063,EN26121102,SHRADDHA VIKAS MALI,96.8224384,99.0892392,82.33,94.4,0,NORMAL,
3064,EN26103557,ARITRA KUMAR DEB,96.8224384,,98.67,95.0,0,NORMAL,
3065,EN26287811,PRANAY ASHWIN GOPINATH,96.8224384,,95.67,98.0,0,NORMAL,
3066,EN26250832,SHIVEN AMOL MHATRE,96.8224384,97.3163545,80.33,94.16,0,NORMAL,
3067,EN26325280,PIYUSH HARISH BHUTADA,96.8224384,98.7612146,75.33,89.83,0,NORMAL,
3068,EN26344635,SARA BHALCHANDRA PRABHUTENDOLKAR,96.8224384,98.4641638,82.67,98.0,0,NORMAL,
3069,EN26101930,ADVAIT NIKHIL SANE,96.8224384,98.6729671,90.67,95.4,0,NORMAL,
3070,EN26188195,SOMVANSHI VEDANT VILAS,96.8224384,99.5185695,74.0,89.8,0,NORMAL,
3071,EN26192956,MALHAR AMOL GAIKWAD,96.815006,99.3555657,81.0,93.0,0,NORMAL,
3072,EN26285117,SHREYASHI SINGH,96.815006,99.0847784,91.0,92.5,0,NORMAL,
3073,EN26404093,BHUMESH SANTOSH SHARMA,96.815006,87.5726309,52.33,79.4,0,NORMAL,
3074,EN26112596,ARCHIT SANJAY VAZE,96.815006,99.5888727,79.33,90.4,0,NORMAL,
3075,EN26355560,HARSHADA PRAKASH CHAUDHARI,96.815006,98.1695568,76.67,97.4,0,NORMAL,
3076,EN26277757,VISHWESHA VIJAY MORE,96.815006,98.1399096,71.67,98.0,0,NORMAL,
3077,EN26328627,ADRIJA ANIRBAN MAJUMDER,96.815006,98.511518,82.33,96.8,0,NORMAL,
3078,EN26166216,MAHESHWAR VIJAY BODKHE,96.815006,97.6214843,93.0,95.0,0,NORMAL,
3079,EN26384752,NITIN KAMALKISHOR PAREEK,96.815006,99.8182816,81.0,90.2,0,NORMAL,
3080,EN26228910,PIYUSH CHETAN PATIL,96.815006,99.5638918,88.33,95.4,0,NORMAL,
3081,EN26124587,SAMARTH BALKRISHNA NAVALE,96.815006,98.2764644,77.33,92.4,0,NORMAL,
3082,EN26202566,SPARSH VERMA,96.8118901,99.3264576,92.67,98.6,0,NORMAL,
3083,EN26242163,SHRIYAN ABHINANDAN SHAH,96.8118901,99.80979,79.0,81.33,1,LOW,CET_vs_HSC_SSC: CET is HIGHER than expected by 60 rank pts
3084,EN26140436,SOHAM NILANJAN MAJUMDAR,96.8115942,99.2534423,81.0,93.66,0,NORMAL,
3085,EN26216193,TIRTH BHATT,96.8115942,99.1062802,96.33,73.8,0,NORMAL,
3086,EN26145589,ATHARV SANDEEP KABRA,96.8115942,99.656121,90.67,96.0,0,NORMAL,
3087,EN26337221,MEHAL VIKRAM MALI,96.8115942,98.8613195,92.0,98.4,0,NORMAL,
3088,EN26162162,THORAT AYUSH MOHAN,96.8115942,99.3988671,69.33,91.0,0,NORMAL,
3089,EN26365583,SHUBHANGI MANOJ ADHAO,96.8115942,98.5058661,87.0,99.0,0,NORMAL,
3090,EN26303849,SARTHAK DEEPAK MULE,96.8115942,85.0853734,67.33,90.2,0,NORMAL,
3091,EN26286713,ANMOL SINGH JAURA,96.8115942,99.3979391,81.67,95.0,0,NORMAL,
3092,EN26385852,ADITYA RAJKUMAR YADAV,96.808225,97.7920203,73.67,96.5,0,NORMAL,
3093,EN26208240,PARAS SANJAY DEBDE,96.808225,79.8369603,71.0,93.8,1,LOW,CET_vs_JEE: CET is LOWER than expected by 58 rank pts
3094,EN26114559,YUG VIPUL SADLANI,96.808225,98.196704,86.33,93.4,0,NORMAL,
3095,EN26230175,YASH RAJKUMAR ALANE,96.808225,99.6204279,87.33,94.0,0,NORMAL,
3096,EN26333808,SHREYASH PARSHURAM MANJARE,96.808225,,82.67,91.4,0,NORMAL,
3097,EN26357318,KARTHIK REDDY PALREDDY,96.808225,,98.67,94.33,0,NORMAL,
3098,EN26174453,KEVAL MAHAVIR JAIN,96.808225,99.1676621,89.33,98.5,0,NORMAL,
3099,EN26426453,SHIVAM SANJAY MORE,96.808225,97.3413057,56.67,91.2,0,NORMAL,
3100,EN26281452,SUGHOSH BALAJI KABDE,96.808225,98.9897444,78.0,100.0,0,NORMAL,
3101,EN26443902,RAJVEER NAHAR,96.808225,,90.67,94.4,0,NORMAL,
3102,EN26151248,KUMUD VATS,96.808225,99.712889,88.33,93.0,0,NORMAL,
3103,EN26120661,RUDRA AMARKUMAR SHAH,96.795348,,77.67,88.0,0,NORMAL,
3104,EN26146506,BHARAT DASHRATH BULANGE,96.795348,99.09598,83.67,96.2,0,NORMAL,
3105,EN26384625,NAMAN MANOJ SHADARPAWAR,96.795348,99.3375962,82.33,94.2,0,NORMAL,
3106,EN26162684,OVI NITIN PASARKAR,96.795348,99.2102425,92.67,98.4,0,NORMAL,
3107,EN26289863,SOHAM PUNEET TYAGI,96.795348,99.6230044,89.67,89.83,0,NORMAL,
3108,EN26291525,KRISH RAKESH BHATHENA,96.795348,99.9329499,92.67,95.7,0,NORMAL,
3109,EN26122798,SHREYA PRAVIN KULKARNI,96.795348,99.800896,88.33,96.8,0,NORMAL,
3110,EN26305083,BIRADAR AKHILESH DILIP,96.795348,98.5196099,82.67,94.4,0,NORMAL,
3111,EN26376556,NEEL PANKAJ JAIN,96.795348,98.0628957,78.0,97.0,0,NORMAL,
3112,EN26167866,ARUSH SHARMA,96.7929677,,81.0,86.4,0,NORMAL,
3113,EN26255506,VEER CHANDRAKANT BIRADAR,96.7929677,98.5426548,79.0,88.4,0,NORMAL,
3114,EN26217222,PRASANNA PRAVIN TUMBDE,96.7929677,99.8891946,91.67,94.5,0,NORMAL,
3115,EN26187058,RITUL SUDEEP SHAH,96.7929677,98.4640073,79.33,95.0,0,NORMAL,
3116,EN26230084,DEVANSH KASTWAR,96.7929677,99.22161,80.33,95.4,0,NORMAL,
3117,EN26140268,TEJASWA KUMAR SHARMA,96.7929677,,87.0,97.0,0,NORMAL,
3118,EN26273034,ARYA UMESH NAIK,96.7929677,98.60121,76.0,96.4,0,NORMAL,
3119,EN26230428,TANMAY VIJAY KASAL,96.7929677,84.9389417,53.67,80.8,0,NORMAL,
3120,EN26251113,OMKAR TUKARAM JADHAV,96.7879968,99.6517679,85.67,100.0,0,NORMAL,
3121,EN26130180,ASIM AKBAR MULANI,96.7879968,98.6758679,84.67,96.16,0,NORMAL,
3122,EN26290059,VARAD ATUL VYAWAHARE,96.7879968,98.4310487,89.0,93.6,0,NORMAL,
3123,EN26225803,SANCHIT SATYAJIT JADHAV,96.7879968,97.4323705,90.67,86.6,0,NORMAL,
3124,EN26295775,SOHAM GOVIND AUNDHEKAR,96.7879968,98.4569438,54.0,86.6,0,NORMAL,
3125,EN26329594,DHIRAJ HANUMANT JADHAVAR,96.7832337,99.1038726,81.33,96.4,0,NORMAL,
3126,EN26199026,AYUSH SINGH,96.7735506,,57.0,93.6,0,NORMAL,
3127,EN26346227,ADITYA DATTATRAY GHARGE,96.7735506,97.214849,82.33,96.0,0,NORMAL,
3128,EN26171481,SHREYASI BHARAT JADHAV,96.7639456,99.3358064,84.0,96.6,0,NORMAL,
3129,EN26112106,ABDULLAH FAAEZ ASHFAQUE AHMED,96.7639456,99.3986188,76.0,92.6,0,NORMAL,
3130,EN26112773,DHRUV ALHAD KSHIRSAGAR,96.756938,97.7201365,74.89,94.16,0,NORMAL,
3131,EN26140454,DEVANSHU KISHOR BURANDE,96.756938,97.2937644,89.33,96.4,0,NORMAL,
3132,EN26156276,HARSHIL VISHAL DALAL,96.756938,99.5344145,85.33,98.0,0,NORMAL,
3133,EN26441733,AAKRITI MISHRA,96.756938,90.9144237,82.0,90.0,0,NORMAL,
3134,EN26357006,RIYA RAJESH SURYAWANSHI,96.756938,98.7772214,84.33,96.33,0,NORMAL,
3135,EN26374446,ARYA KUMAR,96.756938,98.5350565,94.33,91.8,0,NORMAL,
3136,EN26110937,ARJUN KAUL,96.756938,,81.33,91.2,0,NORMAL,
3137,EN26283586,MALHAR JEEVAN DALKE,96.756938,98.7109722,91.0,88.4,0,NORMAL,
3138,EN26368492,SARTHAK YOGESH SONAJE,96.756938,98.6218173,76.0,92.66,0,NORMAL,
3139,EN26174057,KOWALE LAWANYA DHIRAJ,96.755465,99.3685902,66.0,94.0,0,NORMAL,
3140,EN26234803,ANAHITHA SUSHILKUMAR JHA,96.755465,99.2048201,77.33,95.0,0,NORMAL,
3141,EN26309258,SHUBHAM DNYANDEV CHAUDHARI,96.755465,0.5718094,47.0,79.6,1,LOW,CET_vs_JEE: CET is LOWER than expected by 63 rank pts
3142,EN26172511,VEDANT BHATI,96.755465,,78.67,95.8,0,NORMAL,
3143,EN26309024,HARSHAL KISHOR PATIL,96.755465,96.6480662,95.67,88.6,1,LOW,CET_vs_HSC: CET is LOWER than expected by 55 rank pts
3144,EN26168904,KHUSHBOO NILESH BHAVSAR,96.755465,98.5196099,84.67,91.0,0,NORMAL,
3145,EN26107969,VEDANT PRAVIN TEMBHARE,96.755465,99.1326609,97.33,92.66,0,NORMAL,
3146,EN26164064,JIDNYASA SAGAR VAIDYA,96.755465,98.9413135,75.33,99.0,0,NORMAL,
3147,EN26389617,ROHIT ANIL YEPURWAR,96.755465,33.4150899,52.33,91.0,1,LOW,CET_vs_JEE: CET is LOWER than expected by 62 rank pts
3148,EN26340421,SANCHIT SANDIP BAWNER,96.755465,97.9641818,78.0,83.8,0,NORMAL,
3149,EN26445917,NISSAN KAR,96.755465,98.3139932,90.0,94.33,0,NORMAL,
3150,EN26140974,HARSHIL NILESH SONI,96.755465,99.0001766,91.67,96.16,0,NORMAL,
3151,EN26272781,SHAURYA VERMA,96.755465,87.0343086,64.67,89.5,0,NORMAL,
3152,EN26408506,JAYESH RAJENDRA PATIL,96.7506035,98.6108985,74.67,72.4,0,NORMAL,
3153,EN26391323,PRAHARSH LAXMAN CHUNCHUWAR,96.7506035,96.787533,65.67,93.5,0,NORMAL,
3154,EN26443116,AARADHYA CHANDALIA,96.7506035,,81.67,92.2,0,NORMAL,
3155,EN26290940,NILAY PARESH PATHARE,96.7506035,98.9695496,83.33,94.6,0,NORMAL,
3156,EN26258554,MITESH RAMESHKUMAR SOLANKI,96.7506035,98.9480174,88.33,89.0,0,NORMAL,
3157,EN26283138,KANADE AMIT SUNIL,96.7479802,98.2171021,80.0,93.2,0,NORMAL,
3158,EN26480150,KARTIK UPENDRA DESHMUKH,96.7479802,,82.67,58.2,0,NORMAL,
3159,EN26206161,ARSHA CHAND,96.7479802,98.4299517,88.33,97.8,0,NORMAL,
3160,EN26112468,PURVA LILHARE,96.7479802,99.2439457,94.33,95.5,0,NORMAL,
3161,EN26131331,GAURAV P MUNJE,96.7479802,97.2076054,88.33,93.6,0,NORMAL,
3162,EN26123085,VARADRAJ VIKAS POKHARKAR,96.7479802,96.8391244,69.0,73.6,0,NORMAL,
3163,EN26100887,JIYA PAVAN SARDA,96.7479802,,90.89,88.5,0,NORMAL,
3164,EN26125069,NAIVEDYA AMIT PANDEY,96.7479802,76.3384255,46.33,68.0,1,LOW,CET_vs_JEE: CET is LOWER than expected by 58 rank pts
3165,EN26449344,ANIKET TONDARE,96.7479802,98.7422717,81.0,82.2,0,NORMAL,
3166,EN26338530,BHAKTI KASHINATH JADHAV,96.7479802,98.4296784,76.33,97.2,0,NORMAL,
3167,EN26254842,KSHITIJ JAYENDRA KUMBHAR,96.7460809,99.6583984,85.67,91.6,0,NORMAL,
3168,EN26255617,PRATHAMESH PARASHAR,96.7460809,98.8788315,77.0,92.4,0,NORMAL,
3169,EN26164509,SHADWAL SANDEEP LANDE,96.7315989,92.9781315,62.33,85.4,0,NORMAL,
3170,EN26324604,TONGRAO SUJEET NARAYAN,96.7315989,98.7789518,68.0,88.2,0,NORMAL,
3171,EN26324417,SHRUSHTI POPAT KHOT,96.7315989,99.6209366,86.67,96.0,0,NORMAL,
3172,EN26310776,PRANAV BALASAHEB MUNDHE,96.7315989,99.4677796,79.0,92.16,0,NORMAL,
3173,EN26289003,ANURAG SHIVAKUMAR GUMGOL,96.7315989,98.9666165,93.0,94.2,0,NORMAL,
3174,EN26183453,ANIKET NAMDEV BAGWE,96.7288697,78.0816199,69.67,93.2,0,NORMAL,
3175,EN26208516,ZUHAID SHABIR NAGUTHANE,96.7288697,98.7393034,86.0,84.6,0,NORMAL,
3176,EN26434251,NISHCHAY NITESH SAHAY,96.7288697,98.5817805,76.33,94.14,0,NORMAL,
3177,EN26114910,NIMESH KUMAR,96.7288697,,88.0,89.8,0,NORMAL,
3178,EN26146190,TAHA ROKADIYA,96.7268961,99.6976887,95.33,95.8,0,NORMAL,
3179,EN26158238,GYANAGYA MADHUSUDAN HISARIYA,96.7268961,99.376947,83.33,88.2,0,NORMAL,
3180,EN26413380,DALVI HARSH VAIJINATH,96.7268961,97.5046401,77.33,92.2,0,NORMAL,
3181,EN26241905,BACHCHHAV ARYAN RAHUL,96.7268961,99.4488606,73.67,91.8,0,NORMAL,
3182,EN26305809,RAJNEESH BANGAD,96.7268961,98.003413,78.67,92.2,0,NORMAL,
3183,EN26246318,AJINKYA PRASHANT UMRIKAR,96.72648,95.8883843,76.0,95.6,0,NORMAL,
3184,EN26485213,PRAJWAL SHARAD DOIFODE,96.72648,97.3781998,85.67,95.2,0,NORMAL,
3185,EN26356897,ARYAN SANDESH TUNGIKAR,96.72648,75.8548894,43.0,85.4,1,LOW,CET_vs_JEE: CET is LOWER than expected by 58 rank pts
3186,EN26392555,SANJEEVANI YOGESH TELANG,96.72648,39.1300992,43.0,83.2,1,LOW,CET_vs_JEE: CET is LOWER than expected by 61 rank pts
3187,EN26251237,PRANJAL PRASHANT GALLEWALE,96.7176245,98.0519481,76.33,92.8,0,NORMAL,
3188,EN26125060,AMEYA SAGAR MALWADE,96.7176245,99.3074127,85.33,95.0,0,NORMAL,
3189,EN26143809,TANISHA MANDAL,96.7176245,99.1512886,98.0,95.0,0,NORMAL,
3190,EN26115627,SARTHAK SANJAY KARAD,96.7176245,99.654192,90.67,98.2,0,NORMAL,
3191,EN26144023,SHREYASH CHAKRABORTY,96.7176245,,81.67,94.5,0,NORMAL,
3192,EN26278579,ADIT HEMANT PAWAR,96.7164051,98.9608845,77.33,97.6,0,NORMAL,
3193,EN26421720,ALEK PRAMOD REDASANI,96.7164051,98.4310487,86.67,97.16,0,NORMAL,
3194,EN26141966,SAHIL NARESH LULANI,96.7164051,98.991977,91.33,95.4,0,NORMAL,
3195,EN26362100,VATSAL HITESHBHAI ROJIWADIYA,96.7164051,98.6962457,85.33,92.4,0,NORMAL,
3196,EN26153261,PRIYANKA VINOD PUNJABI,96.7164051,99.3890785,82.67,96.8,0,NORMAL,
3197,EN26414710,ARYAN KUMAR YADAV,96.715974,98.7476321,80.0,84.16,0,NORMAL,
3198,EN26414674,AAYUSH BABARAO MANKAR,96.715974,76.5995199,77.0,90.0,0,NORMAL,
3199,EN26225533,DNYANESH RAJENDRA THORAT,96.715974,99.5460666,92.0,94.83,0,NORMAL,
3200,EN26399958,OM TAYAL,96.715974,,72.67,94.6,0,NORMAL,
3201,EN26151866,VIHAAN KULDEEP KHATRI,96.715974,97.7312329,94.0,93.71,0,NORMAL,
3202,EN26450244,MADHAV SANTOSH MORKHADE,96.7052901,98.920728,95.33,88.6,0,NORMAL,
3203,EN26165247,AMAN ARVIND UPADHYAY,96.7052901,98.2452519,86.67,87.66,0,NORMAL,
3204,EN26245198,SAHADEV RAMKISAN VEER,96.7052901,97.192403,74.33,94.0,0,NORMAL,
3205,EN26118150,GANESH SURESH VADAPURE,96.7052901,98.9760049,85.0,93.2,0,NORMAL,
3206,EN26178195,AVISHI JAIN,96.7052901,,93.67,98.8,0,NORMAL,
3207,EN26202229,VALLABH VAINATEY SHAHANE,96.7052901,97.6587031,78.33,92.8,0,NORMAL,
3208,EN26364620,MANAS SOMNATH BHOSALE,96.7039869,98.6002947,86.33,85.0,0,NORMAL,
3209,EN26368558,DHAIRYA DEVEN BORA,96.7039869,98.3243876,79.0,88.2,0,NORMAL,
3210,EN26350278,SARVESH DAGADUSING PARMAR,96.7039869,98.291758,71.0,92.16,0,NORMAL,
3211,EN26376549,YASH DATTATRAY CHANGAN,96.7039869,97.5609756,68.0,88.4,0,NORMAL,
3212,EN26158407,SIDDIQUI MOHAMMAD REHAN JAVED,96.7039869,98.2505176,75.67,91.6,0,NORMAL,
3213,EN26340059,KAVYA TEJASH SHAH,96.6993059,98.7429314,83.67,87.83,0,NORMAL,
3214,EN26393718,JOSHI JAY RAMU,96.6993059,99.549934,95.0,91.2,0,NORMAL,
3215,EN26101003,VARUNOD VINOD KOSKEWAR,96.6993059,99.5936526,92.67,96.0,0,NORMAL,
3216,EN26138109,GUJAR RUSHIL VIJAY,96.6993059,99.4646981,91.33,90.66,0,NORMAL,
3217,EN26100686,RISHIT BHARAT TIWARI,96.6993059,98.5565976,74.67,84.16,0,NORMAL,
3218,EN26406641,PANDIT SHREYA VENUGOPAL,96.6993059,97.5707384,66.33,93.66,0,NORMAL,
3219,EN26396451,DEVIKAA MANOJ NAMBIAR,96.6955542,99.1853991,87.33,98.0,0,NORMAL,
3220,EN26454585,SHOURYA DHIRAJ ADE,96.6955542,96.9819768,76.33,85.0,0,NORMAL,
3221,EN26394457,ANUSHKA BHIMRAO LOKHANDE,96.6955542,98.7772214,83.33,95.8,0,NORMAL,
3222,EN26241981,GAJANAN GOPAL LOHAR,96.6955542,97.6587031,70.0,82.0,0,NORMAL,
3223,EN26337847,PATIL ADITYA SURESH,96.6955542,99.3168292,70.0,86.6,0,NORMAL,
3224,EN26243361,SIDDHANT PINTO,96.6955542,99.4170641,88.33,96.66,0,NORMAL,
3225,EN26278850,ARNAV GAJANAN DESHMUKH,96.6908341,99.7363595,86.67,90.2,0,NORMAL,
3226,EN26133947,ADITYA ANAND NAVARE,96.6908341,99.4867045,93.33,92.16,0,NORMAL,
3227,EN26180704,DARSH BHAVESH DOSHI,96.6908341,99.6249809,78.0,96.33,0,NORMAL,
3228,EN26263184,RENUKA DEVRAO MHAISANE,96.6908341,99.0382766,82.33,96.6,0,NORMAL,
3229,EN26268951,DRAM HANUMANT LAD,96.6908341,99.8424652,91.0,95.4,0,NORMAL,
3230,EN26456273,SRUSHTI HANUMANT PALWADE,96.6908341,94.0949981,87.0,98.4,1,LOW,CET_vs_HSC_SSC: CET is LOWER than expected by 59 rank pts
3231,EN26409053,SANDHYA SADANAND MADNE,96.6906836,99.3245604,78.33,100.0,0,NORMAL,
3232,EN26274755,SWARAJ BALASAHEB SATAV,96.6906836,99.095532,73.67,86.0,0,NORMAL,
3233,EN26174456,RACHIT M R,96.6906836,99.5531725,93.0,98.6,0,NORMAL,
3234,EN26117695,PRANAV SANDEEP MENON,96.6906836,99.3778786,98.0,98.0,0,NORMAL,
3235,EN26126592,MOHAMMED RAFE ATHER PASHA,96.6906836,98.4678322,83.67,94.2,0,NORMAL,
3236,EN26129372,SAMARTH SHIVKUMAR AGALGAVE,96.6858727,99.1295073,77.67,96.2,0,NORMAL,
3237,EN26158013,ARYAN SURESH JAGTAP,96.6858727,97.286596,96.33,97.2,1,LOW,CET_vs_HSC_SSC: CET is LOWER than expected by 53 rank pts
3238,EN26337496,SHARON VIJAY SALVE,96.6858727,99.1918414,93.33,88.0,0,NORMAL,
3239,EN26300656,NIRALI DEEPAK KADAM,96.6858727,98.6956522,76.67,95.4,0,NORMAL,
3240,EN26446194,DHRUV DUBEY,96.6858727,98.3819921,89.67,89.66,0,NORMAL,
3241,EN26456973,RONIT GARG,96.6730593,,83.33,91.83,0,NORMAL,
3242,EN26177938,PRIYANSHU RAKESH GUPTA,96.6730593,99.3226862,76.0,84.6,0,NORMAL,
3243,EN26295736,ATHARV GUPTA,96.6730593,99.1945392,89.67,96.16,0,NORMAL,
3244,EN26344444,VINEET VIVEK JADE,96.6730593,99.082285,90.67,97.6,0,NORMAL,
3245,EN26347475,RUTVIK SHRINIWAS WATTAMWAR,96.6661933,97.4286115,58.67,90.5,0,NORMAL,
3246,EN26237118,HARSHIT KULHARI,96.6661933,99.0434195,79.0,89.4,0,NORMAL,
3247,EN26143082,RUSHIKESH MOHAN WARADE,96.6661933,98.6182541,76.0,94.0,0,NORMAL,
3248,EN26391867,MANN,96.6661933,100.0,88.0,92.16,0,NORMAL,
3249,EN26262211,SHIVAM JAGDISH CHAUHAN,96.6661933,97.7688908,78.67,92.4,0,NORMAL,
3250,EN26214862,ABHAY SHASHIRANJAN SINHA,96.6624503,98.7612146,91.33,90.0,0,NORMAL,
3251,EN26290438,PRATISH JAIKISHAN PUNJABI,96.6624503,99.9210289,87.0,96.0,0,NORMAL,
3252,EN26398546,ANUSHRI PRADIP KURANGAL,96.6624503,99.5654536,95.67,96.6,0,NORMAL,
3253,EN26163938,NILESH SHANKAR PATWE,96.6624503,99.2740965,72.0,96.6,0,NORMAL,
3254,EN26121609,JAAGRIT DHAMIJA,96.6624503,98.8328486,96.0,95.2,0,NORMAL,
3255,EN26431902,ANVAY SALUJA,96.6624503,98.7815884,79.33,92.66,0,NORMAL,
3256,EN26120715,ATHARV AMOL JAGTAP,96.6624503,98.1780538,84.33,88.2,0,NORMAL,
3257,EN26428184,ONKAR ASHOK KATARE,96.6624503,98.6607658,70.67,64.8,0,NORMAL,
3258,EN26457659,ONKAR SURESHRAO SONNE,96.6624503,,77.0,88.2,0,NORMAL,
3259,EN26183533,RAJBEER RAJESH CHAUHAN,96.6624503,12.6169055,55.33,86.0,1,LOW,CET_vs_JEE: CET is LOWER than expected by 62 rank pts
3260,EN26148004,CHINMAY YOGESH PATIL,96.6549984,97.5890264,76.33,94.8,0,NORMAL,
3261,EN26352178,YUG NITIN JAJU,96.6549984,94.7952218,58.67,92.0,0,NORMAL,
3262,EN26116498,NIKHIL SANTOSH JADHAV,96.6549984,97.9641818,87.67,95.0,0,NORMAL,
3263,EN26330221,SOHAM RAJU BHALERAO,96.6549984,96.4033464,83.67,89.4,0,NORMAL,
3264,EN26161349,VAJANI KHUSHI CHETAN,96.6549984,96.8479282,84.33,90.8,0,NORMAL,
3265,EN26271650,SWAYAM BHARATBHUSHAN LALGE,96.6549984,98.644561,77.67,95.5,0,NORMAL,
3266,EN26205045,JADHAV SUMIT SHASHIKANT,96.6549984,97.4286115,88.0,92.0,0,NORMAL,
3267,EN26429228,ASHISH DINANATH PATIL,96.6549984,98.1152875,87.0,88.4,0,NORMAL,
3268,EN26243658,NIKUNJ HEMANT SHARMA,96.6549984,99.3657344,86.0,94.4,0,NORMAL,
3269,EN26365756,ASHUTOSH MAHESH MOURYA,96.6495439,99.2298181,94.0,95.0,0,NORMAL,
3270,EN26261574,ZUBAIR HUSEIN DARUWALE,96.6495439,99.4434527,87.67,95.8,0,NORMAL,
3271,EN26121321,NILESH KAILAS AHIRRAO,96.6495439,75.1704646,85.67,94.0,2,MEDIUM,CET_vs_HSC: CET is LOWER than expected by 56 rank pts; CET_vs_HSC_SSC: CET is LOWER than expected by 55 rank pts
3272,EN26331188,MAYURI NAVNATH BHORE,96.6495439,98.7553466,78.33,96.8,0,NORMAL,
3273,EN26443860,SWARAJ BALASAHEB YENARE,96.6495439,98.0751569,88.33,95.4,0,NORMAL,
3274,EN26239799,AADITI ATUL JOSHI,96.6413633,98.847481,86.33,95.4,0,NORMAL,
3275,EN26210270,NISHAD CHANDRASHEKHAR KALNE,96.6413633,98.0919408,65.0,88.66,0,NORMAL,
3276,EN26281721,RAHUL DATTATRAY MANDHARE,96.6413633,99.7379677,82.33,90.6,0,NORMAL,
3277,EN26277018,MAYURESH SHASHIKANT MANE,96.6413633,99.4061378,73.33,94.6,0,NORMAL,
3278,EN26101999,RAJ VIJAY MAHAJAN,96.6413633,99.1394332,80.67,92.33,0,NORMAL,
3279,EN26166534,ADINATH SHRIDHAR DONGARE,96.6413633,99.0183906,82.67,91.83,0,NORMAL,
3280,EN26356785,ADVAIT ABHAY LANKE,96.6413633,99.6314681,80.67,91.8,0,NORMAL,
3281,EN26173450,BHAVSAR AADITYA MANOJ,96.6413633,99.2102425,85.0,95.0,0,NORMAL,
3282,EN26131869,YUG ANKIT SANGHVI,96.6383194,98.6285832,86.33,91.66,0,NORMAL,
3283,EN26336452,ATHARV PRAVIN KAPADNIS,96.6383194,97.1923599,85.67,95.8,0,NORMAL,
3284,EN26140750,SANIDHYA GUPTA,96.6383194,97.7919096,75.33,90.5,0,NORMAL,
3285,EN26157943,SHIVAM DIPAK KHUNE,96.6383194,99.4822739,82.33,93.2,0,NORMAL,
3286,EN26246659,ABDUL RAFE MOHAMMAD ISMAIL SHAIKH,96.6383194,98.5075769,75.67,93.8,0,NORMAL,
3287,EN26178590,SHREYAS PROHIT,96.6383194,98.4569438,93.0,97.4,0,NORMAL,
3288,EN26411114,SUMIT VIVEK CHOUDHARY,96.6383194,98.3688614,80.67,94.6,0,NORMAL,
3289,EN26118608,PRAJEET ASWIN M,96.6383194,,80.33,93.0,0,NORMAL,
3290,EN26171715,VYOM GUPTA,96.6383194,92.8241551,86.67,96.2,1,LOW,CET_vs_HSC_SSC: CET is LOWER than expected by 56 rank pts
3291,EN26124725,RAFA FATHIMA PATTILLATH VADAKKEPURAM,96.6383194,97.4547994,97.0,95.6,0,NORMAL,
3292,EN26280948,VYOM SANJAY JAIN,96.6367772,98.7096527,76.33,95.5,0,NORMAL,
3293,EN26102295,ADVAIT CHIRAG PATHAK,96.6367772,99.8229748,96.67,97.0,0,NORMAL,
3294,EN26321265,SOUMYA DIPAK KOMPELWAR,96.6367772,44.7174641,45.33,90.6,1,LOW,CET_vs_JEE: CET is LOWER than expected by 60 rank pts
3295,EN26289161,HRUSHABH SHARAD CHEKE,96.6367772,62.9339383,91.33,91.4,3,HIGH,CET_vs_JEE: CET is LOWER than expected by 59 rank pts; CET_vs_HSC: CET is LOWER than expected by 70 rank pts; CET_vs_HSC_SSC: CET is LOWER than expected by 62 rank pts
3296,EN26111974,ISHANT SHANTILAL JADHAO,96.6367772,98.5153584,82.33,91.0,0,NORMAL,
3297,EN26309152,TANISHKA KARLEKAR,96.6367772,97.8063117,87.67,95.6,0,NORMAL,
3298,EN26159925,SHAUNAK VINAYAK GADE,96.6367772,73.3487346,51.33,90.2,0,NORMAL,
3299,EN26101515,AMEYA DEEPAK PHATAK,96.6363601,97.321565,82.33,92.66,0,NORMAL,
3300,EN26179817,AAYUSHI SHUKLA,96.6363601,93.757466,85.67,94.0,0,NORMAL,
3301,EN26149289,VEDANT PRAMOD DAMBALE,96.6363601,,62.67,77.8,0,NORMAL,
3302,EN26166932,RISHABH MAHAJAN,96.6363601,97.440273,88.67,94.0,0,NORMAL,
3303,EN26430686,SOHAM ONKAR RISBUD,96.6363601,97.5152589,70.33,96.2,0,NORMAL,
3304,EN26100079,OM VIJAYKUMAR KUTE,96.6363601,96.1739609,73.33,92.33,0,NORMAL,
3305,EN26312016,BHAGYESH ASHOK PARATE,96.6363601,99.0434195,83.67,91.4,0,NORMAL,
3306,EN26336559,NITANSH BAJPAI,96.6363601,,75.0,91.4,0,NORMAL,
3307,EN26383080,TEJAS YOGESH DESHPANDE,96.6271988,39.199832,74.33,65.4,1,LOW,CET_vs_JEE: CET is LOWER than expected by 61 rank pts
3308,EN26347436,HIYA SACHIN CHHITARKA,96.6271988,98.991977,91.0,97.2,0,NORMAL,
3309,EN26321208,SHLOK RAHUL SALUNKHE,96.6271988,97.6531257,87.67,96.5,0,NORMAL,
3310,EN26313980,SHIWALI NITIN AHIR,96.6271988,97.286596,93.33,95.0,0,NORMAL,
3311,EN26292444,PRATHMESH ATUL MUNE,96.6271988,99.8076553,89.67,97.0,0,NORMAL,
3312,EN26317818,AYUSH CHHAGAN GOLHAR,96.6271988,99.5624096,96.33,96.8,0,NORMAL,
3313,EN26279029,MITHIL VISHAL SHAH,96.6271988,98.1399096,80.33,93.2,0,NORMAL,
3314,EN26241676,KRISHNA BABASAHEB KARALE,96.6271988,96.6879243,87.33,90.33,0,NORMAL,
3315,EN26332672,DEVYANI SANJAY DHAWALE,96.6271988,98.0182404,82.67,95.2,0,NORMAL,
3316,EN26184956,PRUTHU ATUL SANGLIKAR,96.6271988,99.5630333,84.33,94.2,0,NORMAL,
3317,EN26119820,SAURABH RAJABHAU FARAS,96.6271988,98.7488829,89.0,96.16,0,NORMAL,
3318,EN26348556,RUTUJA MANISH LAKHADE,96.6271988,98.204189,88.0,96.2,0,NORMAL,
3319,EN26277500,L R VIKASH,96.6261385,99.3419441,94.0,97.4,0,NORMAL,
3320,EN26364336,ISHAN PRAVIN SHARNAGAT,96.6261385,98.9382574,84.0,94.0,0,NORMAL,
3321,EN26241432,PRASOON PRASHAR,96.6261385,97.3155977,84.0,95.6,0,NORMAL,
3322,EN26365818,ADITYA DIPAK MOHITE,96.6261385,98.2953551,75.33,94.4,0,NORMAL,
3323,EN26293095,RUDRA SHRIMANT BANDICHODE,96.6261385,99.5915061,88.67,97.2,0,NORMAL,
3324,EN26186760,SUNETRA LADE,96.6261385,98.8995873,89.0,93.16,0,NORMAL,
3325,EN26412823,SIDDHARTH AMAR SUNDER,96.6261385,98.2779955,84.33,91.0,0,NORMAL,
3326,EN26423937,YASH SATISH JADHAV,96.6261385,97.8090928,86.0,96.6,0,NORMAL,
3327,EN26182567,JUNAID HASRAT,96.6261385,,87.33,94.5,0,NORMAL,
3328,EN26428925,PRANIT PRAVIN CHINCHKHEDE,96.6113405,98.6494997,78.67,89.8,0,NORMAL,
3329,EN26166176,SHLOK MAHENDRA GADEKAR,96.6113405,99.3737606,79.67,97.2,0,NORMAL,
3330,EN26293340,MOHAMMAD ZAYAN KHAN,96.6113405,98.9726962,84.33,92.6,0,NORMAL,
3331,EN26435186,GEETA RAWAT,96.6113405,,96.67,97.16,0,NORMAL,
3332,EN26387259,AARUSH AMIT GANDAGE,96.6113405,98.7393034,88.33,81.66,0,NORMAL,
3333,EN26299590,ARNAV SRIVASTAVA,96.6113405,,92.0,95.66,0,NORMAL,
3334,EN26214040,MRINMOY ASHISH BARUA,96.6113405,98.612814,83.67,85.6,0,NORMAL,
3335,EN26266509,TABISH PAPPU SHEIKH,96.6113405,98.451797,81.33,95.2,0,NORMAL,
3336,EN26121332,SONAR DEVESH SANJAY,96.6092984,99.9522184,85.67,95.8,0,NORMAL,
3337,EN26281664,UTKARSHA UTTAM GADDE,96.6092984,99.1510977,77.67,96.2,0,NORMAL,
3338,EN26293417,RUHAAN HARENDRA TAHILRAMANI,96.6092984,98.6002947,74.33,92.2,0,NORMAL,
3339,EN26270393,PRITHVI MANISH GAWANDE,96.6092984,99.576464,85.0,92.0,0,NORMAL,
3340,EN26266324,ANUYA UPENDRA JOSHI,96.6092984,99.3375962,97.0,99.2,0,NORMAL,
3341,EN26145827,KAVYA RASHMIN SHAH,96.6088916,98.7612146,85.67,88.4,0,NORMAL,
3342,EN26162391,AKSHIT PRADEEP GATE,96.6088916,99.6791809,90.33,92.9,0,NORMAL,
3343,EN26127582,ESHWAREE BABASAHEB SANKAPAL,96.6052939,99.4150471,84.33,97.6,0,NORMAL,
3344,EN26363751,ATHARVA NILESH MANE,96.6052939,97.7924434,66.67,90.0,0,NORMAL,
3345,EN26278466,ADITYA BALAJI BIRADAR,96.6052939,98.7789518,86.33,95.6,0,NORMAL,
3346,EN26102951,ATHARV SOMA MALI,96.6052939,99.2014366,82.0,96.6,0,NORMAL,
3347,EN26258669,VIKRANT RAVI DANDIME,96.6052939,99.6340419,95.67,97.6,0,NORMAL,
3348,EN26158916,AYUSH KUMAR SINGH,96.6052939,99.6624505,94.67,96.2,0,NORMAL,
3349,EN26414576,HEMANT KUMAR,96.6052939,,60.67,81.66,0,NORMAL,
3350,EN26294585,AZAIN TANVEER SHAIKH,96.6041881,81.9314642,56.33,82.0,0,NORMAL,
3351,EN26478182,RAJVIR AJAY CHOWBE,96.6041881,97.6121663,66.0,85.0,0,NORMAL,
3352,EN26272763,ANAYA ANIRUDDHA KHADKE,96.6041881,99.5888727,91.33,98.0,0,NORMAL,
3353,EN26268620,ARYAN VINOD RATHOD,96.6041881,94.6962055,72.33,81.6,0,NORMAL,
3354,EN26352846,PIYUSH SUMIT GOYAL,96.6041881,99.0189208,87.33,90.33,0,NORMAL,
3355,EN26251607,SHAMAL SANTOSH CHAUDHARI,96.6041881,98.6836998,93.33,94.66,0,NORMAL,
3356,EN26101248,ARYAN VIKRANT THOBDE,96.6041881,99.5448242,87.0,89.33,0,NORMAL,
3357,EN26160422,SHIVAM YOGESH KULDHARAN,96.6041881,99.2267861,85.0,89.0,0,NORMAL,
3358,EN26291610,ISHAN CHANDRASHEKHAR BORSE,96.592059,,83.0,93.4,0,NORMAL,
3359,EN26351082,ANAY VINOD CHAUHAN,96.592059,98.6208828,83.67,92.16,0,NORMAL,
3360,EN26174207,SHOUNAK SHRIRAM PIMPARKAR,96.592059,98.6451406,80.33,93.4,0,NORMAL,
3361,EN26255367,ISHWARI MAHENDRA DESHMANE,96.592059,98.4569438,89.33,95.33,0,NORMAL,
3362,EN26285029,ADITYA PRATAP SINGH CHAUHAN,96.592059,99.3986188,89.67,94.83,0,NORMAL,
3363,EN26333806,KAIRAVEE MAKARAND PANDE,96.592059,99.5959207,91.0,97.16,0,NORMAL,
3364,EN26185894,CHAITANYA NANA JADHAV,96.5881298,49.8699585,73.33,85.8,1,LOW,CET_vs_JEE: CET is LOWER than expected by 60 rank pts
3365,EN26193932,VED DINESH MOHOD,96.5881298,98.6607658,81.33,93.8,0,NORMAL,
3366,EN26352452,ARNAV DATTA UPADHYAYA,96.5881298,,91.33,93.83,0,NORMAL,
3367,EN26409261,PRATHMESH GANESH JADHAV,96.5881298,99.0597598,88.33,91.2,0,NORMAL,
3368,EN26180388,PIYA TIBDIWAL,96.5881298,98.5373609,87.67,96.2,0,NORMAL,
3369,EN26158085,SARTHAK MAHADEO DOLE,96.5824131,70.6987601,72.0,89.6,0,NORMAL,
3370,EN26180835,SHREYASH SANTOSH CHINTALWAR,96.5824131,99.185674,87.33,92.8,0,NORMAL,
3371,EN26287460,SARTHAK MADHAV KALE,96.5824131,96.8804098,70.33,93.0,0,NORMAL,
3372,EN26180896,ARYAN MEHULBHAI PATEL,96.5824131,,93.0,93.5,0,NORMAL,
3373,EN26120482,SWAYAM MAHENDRA CHOPDA,96.5824131,96.9174524,77.0,93.2,0,NORMAL,
3374,EN26404291,ARNAV VIJAY KADAM,96.5822547,99.7030717,87.0,92.16,0,NORMAL,
3375,EN26389639,DEVYA YADAV,96.5822547,88.5637068,69.33,92.8,0,NORMAL,
3376,EN26104231,ATHARVA JAYANT MAHAJAN,96.5822547,99.8098391,76.67,93.66,2,MEDIUM,CET_vs_HSC: CET is HIGHER than expected by 55 rank pts; CET_vs_HSC_SSC: CET is HIGHER than expected by 53 rank pts
3377,EN26165692,AARUSH VIJAY RAI,96.5822547,99.2014366,86.0,95.2,0,NORMAL,
3378,EN26143584,ARNAV SAKET SHAH,96.5635793,98.6166496,86.33,93.66,0,NORMAL,
3379,EN26218114,MUKESH KAILAS USHIR,96.5635793,95.0867052,66.0,96.2,0,NORMAL,
3380,EN26105800,JOSHUA RAJESH MATHEW,96.5635793,,84.0,90.33,0,NORMAL,
3381,EN26139315,ISHAN VABHAV GANDHI,96.5635793,98.1178026,72.67,95.66,0,NORMAL,
3382,EN26299291,MRIGANK HIMANSHU PRAJAPATI,96.5635793,99.8021262,92.67,97.6,0,NORMAL,
3383,EN26124451,JIGAR SANJAY SONCHATRA,96.5635793,99.267874,83.67,89.6,0,NORMAL,
3384,EN26342098,ATHARV SAHANI,96.5628501,92.7160749,56.67,79.83,0,NORMAL,
3385,EN26485165,RAVI TEKWANI,96.5628501,,80.0,81.16,0,NORMAL,
3386,EN26224942,PRANAV KASHINATH SALUNKE,96.5628501,97.8729143,75.33,85.8,0,NORMAL,
3387,EN26141195,KRISHA AMOL CHAUDHARI,96.5628501,99.2693873,83.67,91.2,0,NORMAL,
3388,EN26180570,ANUVA SAURABH BHAT,96.5628501,97.9141813,96.67,98.33,0,NORMAL,
3389,EN26134697,NAAVYA PUNEET DHINGRA,96.5628501,98.4641638,86.0,93.83,0,NORMAL,
3390,EN26126265,TANAY JAGDISHBHAI KALATHIYA,96.5628501,99.1107033,77.33,87.4,0,NORMAL,
3391,EN26345957,SHAIKH FURKAN GANI HAIDAR,96.5600921,,46.33,63.4,0,NORMAL,
3392,EN26349869,VARUN DINESH YADAV,96.5600921,99.4434527,84.33,92.4,0,NORMAL,
3393,EN26424776,VIHANG MILIND JAGTAP,96.5600921,98.6313993,87.33,88.16,0,NORMAL,
3394,EN26159879,VED PRASHANT BHAGAT,96.5600921,98.3467382,93.0,96.6,0,NORMAL,
3395,EN26171182,SOUMYA MANOJ RAHATE,96.5600921,99.4488606,84.33,91.2,0,NORMAL,
3396,EN26160005,AAYUSHI SANJAY GROVER,96.5600921,97.5416581,87.33,97.83,0,NORMAL,
3397,EN26414168,PAWAN KUMAR,96.5527724,,84.67,94.6,0,NORMAL,
3398,EN26406046,SHRISH VISHWANATH SHETTY,96.5527724,98.3382471,86.0,94.42,0,NORMAL,
3399,EN26339670,TARUSH MANISH SURWADE,96.5527724,98.1281926,92.0,94.33,0,NORMAL,
3400,EN26410235,SAARANSHA MISHRA,96.5527724,,96.67,95.5,0,NORMAL,
3401,EN26101385,SOHAM SACHIN VARADKAR,96.5527724,99.7894103,88.0,97.6,0,NORMAL,
3402,EN26158996,ANUJ ANANDRAO WADKAR,96.5489126,80.0260591,73.33,84.2,0,NORMAL,
3403,EN26274274,NIPUN JITESH BHAKKAD,96.5489126,98.991977,82.0,92.8,0,NORMAL,
3404,EN26454981,JATIN KHANNA,96.5489126,,88.52,90.8,0,NORMAL,
3405,EN26139572,NIRAJ NAVNATH NEWALE,96.5489126,,57.0,78.2,0,NORMAL,
3406,EN26425067,KARTIK BRIJMOHAN AGRAWAL,96.5489126,99.4500584,81.0,91.6,0,NORMAL,
3407,EN26117850,ISHAAN MANGESH KULKARNI,96.5489126,99.656121,95.0,96.16,0,NORMAL,
3408,EN26392285,GARGI RAJIV GHUTE,96.5489126,95.9544923,91.67,94.2,0,NORMAL,
3409,EN26369407,MD NAYAB AHMAD,96.5489126,,75.33,95.4,0,NORMAL,
3410,EN26332399,UTKARSH SHITALAPRASAD MISHRA,96.5489126,44.3215833,38.67,74.4,1,LOW,CET_vs_JEE: CET is LOWER than expected by 60 rank pts
3411,EN26483541,SHAURYA KHANWALKAR,96.542487,,68.0,88.2,0,NORMAL,
3412,EN26171365,SHIVAM ATUL PATIL,96.542487,99.6502708,82.33,94.83,0,NORMAL,
3413,EN26106239,SUMIT CHANDRAKANT MAHADIK,96.542487,96.5917775,94.33,96.8,1,LOW,CET_vs_HSC_SSC: CET is LOWER than expected by 57 rank pts
3414,EN26448761,JAY GANESH WAKCHAURE,96.542487,96.1774744,73.67,95.6,0,NORMAL,
3415,EN26448384,VANI SINGH,96.5373413,,85.0,95.83,0,NORMAL,
3416,EN26186506,MAYANK AMAR BHOPALE,96.5350827,98.9760049,94.67,97.6,0,NORMAL,
3417,EN26274267,MADHURI VIHANG ASOLKAR,96.5350827,99.2303252,86.33,97.83,0,NORMAL,
3418,EN26281792,HARSH RUPESH KUMBHAR,96.5350827,98.1780538,84.33,96.48,0,NORMAL,
3419,EN26386082,PRERANA VIJAY NIRMALE,96.5213623,99.0639786,69.33,87.6,0,NORMAL,
3420,EN26259126,SHLOK AGARWAL,96.5213623,96.7873551,77.0,92.83,0,NORMAL,
3421,EN26265752,RITANSHU ANIL ANDHALE,96.5213623,88.0315567,55.0,85.0,0,NORMAL,
3422,EN26205817,VEDANTA SANDEEP MANDGE,96.5202644,99.0390182,85.0,94.4,0,NORMAL,
3423,EN26447186,PRIYANSHU KAILAS RAWANKAR,96.5202644,98.3688614,73.0,93.6,0,NORMAL,
3424,EN26113694,OMKAR VIJAY DABHADE,96.5202644,99.1295073,84.0,93.0,0,NORMAL,
3425,EN26440452,ANKIT DINKARRAO SOLANKE,96.5202644,99.5720617,82.0,93.0,0,NORMAL,
3426,EN26231440,ARNAV YOGESH SARDA,96.5202644,,94.95,92.4,0,NORMAL,
3427,EN26244542,OM GORAKHNATH SHINDE,96.5202644,98.6002947,84.33,98.4,0,NORMAL,
3428,EN26174288,ABHINAV SUBHASHIS BOSE,96.5170858,76.468112,66.0,91.6,0,NORMAL,
3429,EN26257680,AAYUSHI KETAN GADA,96.5170858,99.7827268,88.67,95.6,0,NORMAL,
3430,EN26310158,PUSHKAR PANKAJ JANWADKAR,96.5170858,96.94069,89.0,96.2,0,NORMAL,
3431,EN26112605,RUDRAKSHA SINGH RATHORE,96.5170858,97.2067626,79.67,93.33,0,NORMAL,
3432,EN26107397,AKSHARA BABASAHEB PATIL,96.5170858,99.2533719,89.67,92.0,0,NORMAL,
3433,EN26438611,MANAV ARVIND GAJMAL,96.5170858,98.0748364,71.33,94.4,0,NORMAL,
3434,EN26336028,ATHARV SANTOSH ASOLKAR,96.5168277,98.435333,77.67,91.4,0,NORMAL,
3435,EN26102341,HRISHIKESH SHASHIKANT DESHMUKH,96.5168277,98.5836177,91.33,94.2,0,NORMAL,
3436,EN26220488,ADITYA AMIT KARAV,96.5112684,99.4500584,71.0,92.2,0,NORMAL,
3437,EN26202088,AVNI AGRAWAL,96.5112684,99.6501295,87.0,98.6,0,NORMAL,
3438,EN26213864,PAWAR ARYAN VINOD,96.5112684,99.1830123,85.0,95.2,0,NORMAL,
3439,EN26156710,OM PRANAV DAVE,96.5112684,99.2434663,89.0,86.5,0,NORMAL,
3440,EN26173553,MAYUR SANJIV MALI,96.5112684,99.0001766,90.33,95.6,0,NORMAL,
3441,EN26336001,TEJAS RAMDAS BAWISKAR,96.5112684,97.5446034,76.0,96.4,0,NORMAL,
3442,EN26165057,HRIDAY VIJAY PUNJABI,96.5084761,99.4088128,93.0,90.33,0,NORMAL,
3443,EN26121670,SIDDHARTH AMOL PALSODKAR,96.5084761,99.7858756,92.0,94.8,0,NORMAL,
3444,EN26164255,AADI SAGAR POTPHODE,96.5084761,98.0167272,88.0,93.5,0,NORMAL,
3445,EN26174886,AWADHESH SHARMA,96.5084761,97.7449977,92.67,94.2,0,NORMAL,
3446,EN26323245,ADITYA SAMEER GANDHI,96.5084761,99.14615,85.67,92.5,0,NORMAL,
3447,EN26153665,AMAN ANIS SHAIKH,96.5084761,97.0213585,84.33,93.2,0,NORMAL,
3448,EN26171868,AMEYA DATTATRAYA AWACHAT,96.5084761,99.6209366,88.67,95.0,0,NORMAL,
3449,EN26190691,SARVADANAND ARVIND VISHWAKARMA,96.5084761,97.4360937,80.67,94.5,0,NORMAL,
3450,EN26360371,INDRAJEET RANGNATH KADAM,96.5019627,98.1178026,68.33,85.4,0,NORMAL,
3451,EN26138276,HARSHAL SANJAY TIWARI,96.5019627,99.8010103,88.67,95.2,0,NORMAL,
3452,EN26101148,PRACHI PRABHAKAR LABHSHETWAR,96.5019627,,93.33,93.8,0,NORMAL,
3453,EN26288176,CHARCHIT MATHUR,96.5019627,,87.33,95.5,0,NORMAL,
3454,EN26108535,MAANAS ACHARYA,96.5019627,,86.0,94.4,0,NORMAL,
3455,EN26149830,PRATAP ANAND SARLA,96.5019627,99.6807599,78.67,89.0,0,NORMAL,
3456,EN26157370,ARJUN ASHISH JOSHI,96.4985092,99.5915061,84.33,93.8,0,NORMAL,
3457,EN26368219,ASHLESH SUKESH SINGH,96.4985092,99.0804687,81.33,92.0,0,NORMAL,
3458,EN26158778,VISHAAN MEHRA,96.4985092,99.0686935,87.33,96.66,0,NORMAL,
3459,EN26147094,ANAND SHASHIKANT MANDEKAR,96.4985092,94.4912483,80.0,95.0,0,NORMAL,
3460,EN26225417,RADHIKA AMIT RANGADE,96.4985092,97.192403,77.33,99.2,0,NORMAL,
3461,EN26314992,ONKAR KISHOR TIPLE,96.4985092,95.4482415,80.0,87.4,0,NORMAL,
3462,EN26431541,JAGDALE SOHAM SANDEEP,96.4985092,97.6587031,70.67,91.4,0,NORMAL,
3463,EN26406589,AASTHA ASMITA SAHU,96.4985092,,91.33,97.2,0,NORMAL,
3464,EN26218980,ABHILASH ANSHUMAN GAIKWAD,96.4985092,97.7449977,83.0,96.2,0,NORMAL,
3465,EN26102342,ZAID RIZWAN SHAIKH,96.4985092,97.2984447,92.33,95.83,0,NORMAL,
3466,EN26233040,DISHA NAGORAO KHANDAGALE,96.4934397,98.1152875,79.67,94.6,0,NORMAL,
3467,EN26335046,VYOM JIGNESH DAVE,96.4934397,98.6575619,71.67,83.83,0,NORMAL,
3468,EN26445362,NAYAN ATUL KULKARNI,96.4934397,98.8308304,65.0,93.8,0,NORMAL,
3469,EN26203649,RUPESH RAJKUMAR THAKUR,96.4934397,97.9497586,75.67,94.2,0,NORMAL,
3470,EN26154870,SOHAM PRASHANT VYAS,96.4934397,98.7476321,84.67,95.8,0,NORMAL,
3471,EN26114182,SARVARTH SINGH,96.4934397,,85.67,93.66,0,NORMAL,
3472,EN26356303,OM PANDHARINATH WADEKAR,96.4865919,98.60121,89.0,87.2,0,NORMAL,
3473,EN26447334,ATHARVA BICHPURIA,96.4865919,,90.67,92.8,0,NORMAL,
3474,EN26161654,MADHURYA KRISH,96.4865919,97.5899394,93.33,90.6,0,NORMAL,
3475,EN26331616,MANAS DEVENDRA PATIL,96.4865919,93.4940681,91.67,94.5,2,MEDIUM,CET_vs_HSC: CET is LOWER than expected by 62 rank pts; CET_vs_HSC_SSC: CET is LOWER than expected by 60 rank pts
3476,EN26228164,SAMARTH GOEL,96.4865919,94.2967096,78.0,88.85,0,NORMAL,
3477,EN26152294,MAYANK PANDITA,96.4832114,,51.0,60.4,0,NORMAL,
3478,EN26182105,SAHIL PRAMOD JUNJARE,96.4832114,97.5715826,80.0,84.66,0,NORMAL,
3479,EN26279502,NIDHEY VIJAY PATHARE,96.4832114,99.3555657,74.33,88.4,0,NORMAL,
3480,EN26118061,AMAN NAIM PINJARI,96.4832114,99.4436032,83.33,98.0,0,NORMAL,
3481,EN26272085,OMKAR RAJIV MORE,96.4832114,98.4678322,90.0,92.5,0,NORMAL,
3482,EN26360420,SANSKAR BHUJANGRAO BURKUL,96.4832114,97.3681168,93.33,96.8,0,NORMAL,
3483,EN26341976,VRUNDAVAN PRADIP WAGH,96.4832114,95.9447134,81.67,91.5,0,NORMAL,
3484,EN26129998,ISHAN,96.4832114,,92.0,87.66,0,NORMAL,
3485,EN26355998,SRUSHTI SHIVAJI THORE,96.4832114,95.2927669,76.0,93.0,0,NORMAL,
3486,EN26166831,TANMAY JIGNESH SHAH,96.4832114,99.7141998,90.0,92.2,0,NORMAL,
3487,EN26378857,ANSARI AHMED UZAIR HASAN AKHTAR,96.4832114,,81.0,96.0,0,NORMAL,
3488,EN26203835,HARSHAD SATISH NEMADE,96.477651,99.5828869,76.67,97.8,0,NORMAL,
3489,EN26335798,SAISH JAYESH LOKE,96.477651,87.5957229,48.67,91.4,0,NORMAL,
3490,EN26356162,KRUSHNA PINTU PATIL,96.477651,83.6944391,56.67,84.6,0,NORMAL,
3491,EN26203543,GAYATRI GOVINDRAO DESHMUKH,96.477651,99.5268463,86.67,92.4,0,NORMAL,
3492,EN26173500,KUMAVAT MIHIR GHANSHYAMBHAI,96.477651,,79.33,89.0,0,NORMAL,
3493,EN26296090,SHRUTI RAJU TARATE,96.477651,98.4599733,67.67,95.4,0,NORMAL,
3494,EN26165987,SHELKE PREMRAJ PRAVIN,96.477651,97.8998215,78.0,97.2,0,NORMAL,
3495,EN26224847,KANISHK CHETANKUMAR JETHVA,96.477651,,73.0,83.83,0,NORMAL,
3496,EN26156743,VIVEK BALKRUSHNA LAMKANE,96.477651,99.082285,86.0,92.6,0,NORMAL,
3497,EN26119288,AARISHKUMAR LALITKUMAR TATED,96.4635652,98.5058661,85.33,92.0,0,NORMAL,
3498,EN26464383,ISHAN JAIN,96.4635652,,83.33,92.4,0,NORMAL,
3499,EN26206105,RONIT MISHRA,96.4635652,98.0744241,90.0,97.6,0,NORMAL,
3500,EN26363064,THORAT SHREYAS JAYANT,96.4635652,99.4867045,63.33,95.83,1,LOW,CET_vs_HSC: CET is HIGHER than expected by 57 rank pts
3501,EN26253992,MUKTESHWAR SANTOSH WADWALE,96.4635652,99.5864762,77.0,97.2,0,NORMAL,
3502,EN26334251,ARJUN SACHIN JOSHI,96.4635652,98.9658544,83.0,90.2,0,NORMAL,
3503,EN26174747,SUMIT NAMDEV YEVALE,96.4635652,99.2123846,70.67,95.8,0,NORMAL,
3504,EN26195343,YASH PANDIT,96.4635652,98.4599733,75.0,95.2,0,NORMAL,
3505,EN26199290,AKANSH SHRINIVASAN PARAPALLI,96.4635652,98.204189,82.67,94.0,0,NORMAL,
3506,EN26449246,DHRUV RAJNISH GUPTA,96.4635652,99.1944886,86.33,97.1,0,NORMAL,
3507,EN26168903,PALASH PRASHMIN AGRAWAL,96.4572332,99.2765642,86.33,91.2,0,NORMAL,
3508,EN26227727,OMKAR ATTAM AUTE,96.4572332,98.4154992,93.0,96.8,0,NORMAL,
3509,EN26181957,SHREYASH PANDEY,96.4572332,,80.0,81.0,0,NORMAL,
3510,EN26269034,SAPTIKA BANIK,96.4572332,97.7919096,93.67,97.83,0,NORMAL,
3511,EN26105971,ARUNAVA SAHA,96.4572332,99.1344285,88.33,92.83,0,NORMAL,
3512,EN26194837,ABHINAV KIRAN SHIRSE,96.4572332,85.791852,58.67,57.6,0,NORMAL,
3513,EN26123090,SHAARAV SHISHIR NAMJOSHI,96.4546247,99.1839813,84.33,96.16,0,NORMAL,
3514,EN26303023,TUSHAR PRALHADRAO GAIKWAD,96.4546247,49.0487536,55.33,86.4,1,LOW,CET_vs_JEE: CET is LOWER than expected by 59 rank pts
3515,EN26345117,SHREYAS BIPIN PATNI,96.4546247,99.2231747,76.67,87.6,0,NORMAL,
3516,EN26344952,NAKSHTRA DHANAJI MANE,96.4546247,99.3029676,83.67,93.6,0,NORMAL,
3517,EN26334440,ADVAIT RAVINDRA DESHMUKH,96.4546247,99.333359,90.67,95.8,0,NORMAL,
3518,EN26238235,SARTHAK SHASHANK DESHPANDE,96.4546247,99.6691671,90.33,95.83,0,NORMAL,
3519,EN26294884,SUYOG DEVIDAS WADKE,96.4546247,80.7035589,42.33,71.4,0,NORMAL,
3520,EN26201692,PAARTH GURUDATTA KASBEKAR,96.4546247,97.0489761,79.33,97.0,0,NORMAL,
3521,EN26112610,NIHAR SANJAY PANJWANI,96.4546247,99.1944886,82.0,95.0,0,NORMAL,
3522,EN26424109,DION MARIO COLACO,96.4546247,94.9596377,76.0,93.16,0,NORMAL,
3523,EN26131803,ADITYA JAGTAP,96.4521389,96.279915,76.67,96.8,0,NORMAL,
3524,EN26121427,PRAVIN DILIP DOSHI,96.4521389,98.1483638,67.33,94.6,0,NORMAL,
3525,EN26295522,YASH VASANT MOHITE,96.4521389,98.0357905,86.33,94.8,0,NORMAL,
3526,EN26432163,DAKSH RAJENDRA VYAS,96.4521389,99.2148392,69.67,86.8,0,NORMAL,
3527,EN26290528,ADITYA RAHUL BHUJBAL,96.4521389,98.3819921,87.0,94.8,0,NORMAL,
3528,EN26144765,SHIVRAJ TUKARAM SAWANT,96.4521389,98.8923623,71.0,88.2,0,NORMAL,
3529,EN26361398,RUTUJA BALASAHEB PAWAR,96.4521389,95.8883843,75.33,93.0,0,NORMAL,
3530,EN26170811,JOSHUA JOYKUTTY SOJAN,96.4521389,99.3778786,90.67,96.0,0,NORMAL,
3531,EN26102186,HRISHIKESH NITIN HOLMUKHE,96.4521389,99.3264576,64.67,91.0,0,NORMAL,
3532,EN26283765,GANTA LOHIT SAI,96.4521389,94.6011366,77.0,86.16,0,NORMAL,
3533,EN26426765,MANAN NILESH GATTANI,96.4521389,97.9249147,90.33,90.2,0,NORMAL,
3534,EN26279577,ADARSH YADAV,96.4460813,98.4843712,75.0,90.66,0,NORMAL,
3535,EN26430742,YASH VIRABHADRAPPA ROTTE,96.4460813,74.2209832,45.33,92.2,0,NORMAL,
3536,EN26355581,TRIPATHI SAHIL,96.4460813,,85.67,88.0,0,NORMAL,
3537,EN26149195,SHRUTI KAIROLI SHRIVATHSA,96.4460813,98.5213678,82.33,95.0,0,NORMAL,
3538,EN26166032,PULKIT GIRISH MALI,96.4460813,98.4325799,84.33,90.2,0,NORMAL,
3539,EN26375975,SHREYA BHAUSAHEB MANE,96.4460813,98.2126899,76.0,93.33,0,NORMAL,
3540,EN26303265,KANCHAN RAJKUMAR WANGALE,96.4460813,,89.67,96.8,0,NORMAL,
3541,EN26134209,AARYAN ALANKAR BHOGALE,96.4436362,99.5343467,67.33,96.16,1,LOW,CET_vs_HSC: CET is HIGHER than expected by 57 rank pts
3542,EN26233578,DHRUV RAJU SONI,96.4436362,98.8995873,77.0,92.4,0,NORMAL,
3543,EN26447930,DIVYANSH GOYAL,96.4436362,,87.33,90.4,0,NORMAL,
3544,EN26240740,ADINATH VINOD THAKARE,96.4436362,98.0167272,76.67,92.5,0,NORMAL,
3545,EN26177363,NINAD RAVINDRA PATIL,96.4436362,97.4319413,74.0,94.83,0,NORMAL,
3546,EN26411829,HRISHIKESH SHRIDHAR LAKHAPATRI,96.4436362,99.6682782,83.0,93.8,0,NORMAL,
3547,EN26190775,CHOUDHARI VISHAL PRABHURAM,96.4414135,52.0988164,62.67,87.8,1,LOW,CET_vs_JEE: CET is LOWER than expected by 58 rank pts
3548,EN26175298,ADWAIT MANGESH JOSHI,96.4414135,99.057971,86.33,93.4,0,NORMAL,
3549,EN26239222,IRA SHREEKAR PURANDARE,96.4414135,99.9655595,96.33,99.2,0,NORMAL,
3550,EN26334119,PRAKRUTI RASTOGI,96.4414135,97.1696644,81.33,95.8,0,NORMAL,
3551,EN26103267,AAYUSHA ANIL PATIL,96.4362546,99.6680946,85.67,97.4,0,NORMAL,
3552,EN26151913,MRUDUL YASHAWANT GAWADE,96.4362546,96.7098976,68.67,91.2,0,NORMAL,
3553,EN26294051,ATHARV KESHAV,96.4362546,,72.0,86.2,0,NORMAL,
3554,EN26344575,MANTHAN PRA MALPANI,96.4362546,96.8036058,83.0,95.4,0,NORMAL,
3555,EN26298371,BHAVESH RAJERAM BHUSARI,96.4362546,94.2477571,85.33,87.4,0,NORMAL,
3556,EN26247203,ASHMIT ASHISH DESHPANDE,96.4362108,98.2478484,83.33,95.33,0,NORMAL,
3557,EN26407199,MANSI LAXMAN KHATING,96.4362108,98.1370729,76.67,92.6,0,NORMAL,
3558,EN26188096,ATHARV ASHOK AVHAD,96.4362108,99.3554861,87.33,81.4,0,NORMAL,
3559,EN26298818,ATHARV CHANDRAKANT SANGALAGE,96.4362108,99.3667343,88.67,91.8,0,NORMAL,
3560,EN26355554,HARSHIKA TAHILIANI,96.4362108,99.098911,90.67,95.66,0,NORMAL,
3561,EN26446812,PAAVAN GOYAL,96.4362108,98.0848861,88.33,96.33,0,NORMAL,
3562,EN26140420,DEVESH SANJAY GULVE,96.4362108,97.4914261,80.0,89.0,0,NORMAL,
3563,EN26152867,ISHAN PURANIK,96.4362108,99.5448242,78.67,91.33,0,NORMAL,
3564,EN26201601,MAITREYA PRASAD SONI,96.4362108,98.0144531,84.33,95.6,0,NORMAL,
3565,EN26135698,TANMAY BHASKAR KHENDKE,96.4362108,99.3979391,82.67,96.4,0,NORMAL,
3566,EN26258819,SAMKIT PARIKSHIT NAHAR,96.4362108,99.9585921,98.33,94.4,0,NORMAL,
3567,EN26177849,JIYAA RITESH PATEL,96.4362108,99.7591522,86.33,98.0,0,NORMAL,
3568,EN26400429,SARVESH BHAGWAT DHAWALE,96.4362108,97.7341914,74.0,83.5,0,NORMAL,
3569,EN26423719,KARANDE VALLABH BHARAT,96.4260075,99.3520602,80.67,86.4,0,NORMAL,
3570,EN26398429,SWARAJ KULDIP PATIL,96.4260075,99.3979391,87.33,93.0,0,NORMAL,
3571,EN26413015,AVANI KRISHNA DESHMUKH,96.4260075,98.9616221,81.33,95.6,0,NORMAL,
3572,EN26270218,VEDANTIKA PRAMOD PATIL,96.4260075,97.4894207,89.0,94.2,0,NORMAL,
3573,EN26223072,ROHAN SUNIL BHOSALE,96.4260075,98.9619853,82.33,92.8,0,NORMAL,
3574,EN26414793,PRANEET RAMCHAND AHUJA,96.4260075,99.8871841,93.0,91.8,0,NORMAL,
3575,EN26119464,ANVI DARDA,96.4260075,99.4614349,97.67,97.16,0,NORMAL,
3576,EN26158035,ARYAN SUNIL MANTRI,96.4260075,99.8078844,76.0,93.4,2,MEDIUM,CET_vs_HSC: CET is HIGHER than expected by 56 rank pts; CET_vs_HSC_SSC: CET is HIGHER than expected by 55 rank pts
3577,EN26254988,RANJIT RAJ GOENKA,96.4260075,99.1821946,84.0,91.33,0,NORMAL,
3578,EN26110342,AVIKA BANSAL,96.4165006,98.8608813,87.33,96.6,0,NORMAL,
3579,EN26106245,KARTIK UTTAMKUMAR CHOUGULE,96.4165006,98.1066,73.33,91.4,0,NORMAL,
3580,EN26200550,DHANRAJ BHAGWAT UGALE,96.4165006,99.7243552,85.33,98.6,0,NORMAL,
3581,EN26354836,YASHITA KISHOR YEOLEKAR,96.4165006,99.9234215,86.67,97.5,0,NORMAL,
3582,EN26325780,PURVA TUSHAR KARANDE,96.4131844,98.3540373,84.0,95.4,0,NORMAL,
3583,EN26107120,SHREYANSH,96.4131844,66.5942029,60.0,87.83,0,NORMAL,
3584,EN26342706,SAHIL SINGH PANWAR,96.4131844,,78.33,94.6,0,NORMAL,
3585,EN26249375,SHIVAM SANTOSH MISHRA,96.4131844,97.9961504,73.33,90.2,0,NORMAL,
3586,EN26336072,AVANI SANJAY CHOUDHARI,96.4065019,99.7002258,94.33,95.0,0,NORMAL,
3587,EN26152454,ABHISHEK ATMARAM NIRPANE,96.4065019,96.0260116,71.67,92.8,0,NORMAL,
3588,EN26208961,MANAV DEEPAK KUSALKAR,96.4065019,99.2303252,90.0,96.4,0,NORMAL,
3589,EN26250097,RAGHAV GUPTA,96.4065019,99.0024152,91.0,95.5,0,NORMAL,
3590,EN26184591,ADVIKA CHATURVEDI,96.4065019,99.5915061,99.0,98.33,0,NORMAL,
3591,EN26253330,SANKET MAHADEO BHOSALE,96.4065019,99.2844023,88.0,93.83,0,NORMAL,
3592,EN26262325,UDIT JAYESH GHADI,96.4065019,99.6455995,94.0,96.0,0,NORMAL,
3593,EN26393467,DEBABRATA ROY,96.4053854,97.2159208,84.0,91.66,0,NORMAL,
3594,EN26218314,SUPRAJ SWAMI,96.4053854,97.9716801,81.33,95.0,0,NORMAL,
3595,EN26186694,ANSH AJAY GUPTA,96.4053854,96.8345273,65.0,93.5,0,NORMAL,
3596,EN26433843,ADITYA BHIMRAO GAWALI,96.4053854,98.6108985,90.0,97.5,0,NORMAL,
3597,EN26372622,ATHARV NITIN MOULE,96.4053854,99.3226862,77.33,86.2,0,NORMAL,
3598,EN26309254,AMRIT SINGH,96.4053854,99.7806427,91.67,97.0,0,NORMAL,
3599,EN26421270,SWASTIK GHOSH,96.4053854,,83.67,89.66,0,NORMAL,
3600,EN26349480,SANSKRUTI NIRANJAN RATHOD,96.4053854,94.243738,86.67,94.6,0,NORMAL,
3601,EN26253195,ARJUN RAHUL GHONGADE,96.3921501,97.5511952,77.0,95.33,0,NORMAL,
3602,EN26254157,NEEL ASHISH MARU,96.3921501,99.9425991,86.0,95.66,0,NORMAL,
3603,EN26248977,ADITYA SUNIL SASTE,96.3921501,97.9996062,84.0,94.2,0,NORMAL,
3604,EN26218423,NAMAN ASHIT SAPARIA,96.3921501,99.1676621,83.67,87.6,0,NORMAL,
3605,EN26165307,PADGE NILRAJ,96.3906327,53.1999725,91.67,93.0,3,HIGH,CET_vs_JEE: CET is LOWER than expected by 58 rank pts; CET_vs_HSC: CET is LOWER than expected by 72 rank pts; CET_vs_HSC_SSC: CET is LOWER than expected by 66 rank pts
3606,EN26486209,AKSHAT CHATURVEDI,96.3906327,,85.67,91.4,0,NORMAL,
3607,EN26295151,DHEER NIRAV PARIKH,96.3906327,99.098911,86.67,97.16,0,NORMAL,
3608,EN26208045,SARWARI SUKCHARAN THAKRE,96.3906327,98.5140064,86.0,92.0,0,NORMAL,
3609,EN26309339,SHREEDHAN NAVANATH SURYAWANSHI,96.3729131,95.6935818,78.0,95.2,0,NORMAL,
3610,EN26266613,TRUPTI SHANKAR RAJMANE,96.3729131,98.2975444,83.0,97.4,0,NORMAL,
3611,EN26274685,NEEL MANISH NAGORI,96.3729131,97.4460796,73.67,87.8,0,NORMAL,
3612,EN26430556,ARJUN NETI,96.3729131,,95.0,90.5,0,NORMAL,
3613,EN26369601,SHREETAM MISHRA,96.3729131,98.6206102,81.0,92.8,0,NORMAL,
3614,EN26198593,PREKSHA MAYUR CHHEDA,96.3669052,98.5168677,83.33,95.4,0,NORMAL,
3615,EN26155726,ARNAV VERMA,96.3669052,98.4678322,77.0,91.66,0,NORMAL,
3616,EN26412548,ADITYA SHAILESH BHANUSHALI,96.3669052,99.382843,88.33,97.16,0,NORMAL,
3617,EN26364179,ASTHA SUNIL BHAIMARE,96.3669052,98.1392328,88.33,98.4,0,NORMAL,
3618,EN26212546,HARSH MISHRA,96.3669052,98.0182404,86.0,92.33,0,NORMAL,
3619,EN26382686,SHARAYU MANOHAR SHINGADE,96.3665209,97.286596,88.67,97.4,0,NORMAL,
3620,EN26145638,NEEL RITESH JOSHI,96.3665209,58.235114,47.67,80.4,0,NORMAL,
3621,EN26212854,KALYANI BABURAO PATIL,96.3665209,98.991977,72.0,96.0,0,NORMAL,
3622,EN26427182,PRITHVI JAGNANI,96.3665209,99.0724212,81.33,96.8,0,NORMAL,
3623,EN26114538,ADITYA SHUKLA,96.3665209,,73.0,86.33,0,NORMAL,
3624,EN26148421,AYUSH NITIN ENDAIT,96.3665209,83.6944391,62.33,69.83,0,NORMAL,
3625,EN26120981,PRATIKSHA VIJAYANT UTTARADHI,96.3648412,99.2703291,71.33,96.0,0,NORMAL,
3626,EN26342225,PARTH KAPIL SONAWANE,96.3648412,98.3819921,79.0,96.8,0,NORMAL,
3627,EN26129230,PRIYANKA UJJWAL PATIL,96.3648412,98.6682994,84.33,93.4,0,NORMAL,
3628,EN26443182,AAYUSH RAJENDRA YEOLA,96.3648412,99.2197704,88.33,93.0,0,NORMAL,
3629,EN26419712,VEDANT SANDIP PATIL,96.3648412,99.5915061,66.0,96.6,1,LOW,CET_vs_HSC: CET is HIGHER than expected by 60 rank pts
3630,EN26335513,KALANTRI VED SAGAR,96.3648412,96.4185055,62.67,95.5,0,NORMAL,
3631,EN26361730,PARTH KIRAN MUTTEPWAR,96.3648412,96.8070391,72.33,91.83,0,NORMAL,
3632,EN26285967,AARYA AJIT DHAVALE,96.3648412,99.5915379,84.33,100.0,0,NORMAL,
3633,EN26129078,SUBHRASMIT PARIKSHA,96.3648412,98.2258996,85.33,97.0,0,NORMAL,
3634,EN26241170,SAMRUDDHI MANOJ KHANDEL,96.3648412,98.7223398,88.67,97.33,0,NORMAL,
3635,EN26101801,PARAM SHARAD PATIL,96.3648412,84.3183057,69.33,94.4,0,NORMAL,
3636,EN26392058,YAMEEN SAYED,96.3639883,98.3467382,75.0,90.5,0,NORMAL,
3637,EN26353648,PIYUSH GANESH TALE,96.3639883,83.2810347,61.33,89.8,0,NORMAL,
3638,EN26161964,ADWITYA MAHENDRA PAWAR,96.3639883,,94.67,92.8,0,NORMAL,
3639,EN26163857,PRANAV SANJAY BHAPKAR,96.3478728,99.1945392,77.0,93.8,0,NORMAL,
3640,EN26209053,SWARAJ ABHIJIT NAKHWA,96.3478728,98.2717542,80.33,92.66,0,NORMAL,
3641,EN26280238,KULKARNI KOUSTUBH PRAVIN,96.3478728,99.5053877,90.67,95.0,0,NORMAL,
3642,EN26240231,AARUSH SACHINDRA SINGH,96.3478728,97.148562,79.33,92.33,0,NORMAL,
3643,EN26326883,ABHIMANYU SHIVAJI PATIL,96.3478728,96.7090158,65.0,93.6,0,NORMAL,
3644,EN26124529,TANVI ARJUN GAWDE,96.3478728,98.0818957,94.33,96.16,0,NORMAL,
3645,EN26258978,OM DATTATRAY LAMB,96.3478728,99.1389268,65.33,92.2,0,NORMAL,
3646,EN26363159,VISPUTE PIYUSH YOGESH,96.3478728,95.9873991,78.0,92.4,0,NORMAL,
3647,EN26339810,NAMISH NARENDRA KUCHERIYA,96.3467487,99.2629362,86.67,92.0,0,NORMAL,
3648,EN26332594,SMITA PUNDLIK MORE,96.3467487,99.1476881,90.0,93.2,0,NORMAL,
3649,EN26392424,PRAJWAL RAVINDRA JADHAV,96.3467487,99.4371337,77.0,92.33,0,NORMAL,
3650,EN26101406,TAKWALE KRISH ANIL,96.3463612,98.7089833,84.33,95.8,0,NORMAL,
3651,EN26340235,KAVYA JIGNESH HEMANI,96.3463612,98.1313859,78.33,97.4,0,NORMAL,
3652,EN26444276,LAHANE PIYUSH SHIVANAND,96.3463612,97.3155977,87.67,90.0,0,NORMAL,
3653,EN26186331,AMAR VAIJNATH MUNDE,96.3463612,97.5446034,72.33,95.8,0,NORMAL,
3654,EN26431928,CHAVAN JAYRAJ PRADIP,96.3463612,98.3788396,76.67,91.4,0,NORMAL,
3655,EN26489672,SAKSHI,96.3463612,,89.67,96.2,0,NORMAL,
3656,EN26254287,ZANDU JASMEET SINGH GURMEET SINGH,96.3463612,96.1115807,86.33,95.2,0,NORMAL,
3657,EN26402083,TISHA SUNIL THAKARE,96.3463612,93.3688303,86.33,94.6,0,NORMAL,
3658,EN26402798,SOHAN RAJESH RAJPUT,96.3455667,74.7351841,59.0,92.4,0,NORMAL,
3659,EN26175514,PRACHITI PRAVIN ABHALE,96.3455667,98.1734676,95.67,99.0,0,NORMAL,
3660,EN26251303,PURVA PRASHANT KECHE,96.3455667,99.1067363,77.33,95.5,0,NORMAL,
3661,EN26259309,AMEY MAHESHKUMAR INAMDAR,96.3455667,98.9203105,91.33,92.8,0,NORMAL,
3662,EN26444781,SANIYA PRABHAKAR HEDAWOO,96.3455667,99.0970568,87.33,86.66,0,NORMAL,
3663,EN26195374,PRUTHVI PRAMOD KAWALE,96.3408873,99.0382766,72.0,82.8,0,NORMAL,
3664,EN26352041,SHARMA SHASHANK SHAILENDRA,96.3408873,99.1672355,74.67,89.0,0,NORMAL,
3665,EN26245184,AKSHAY NILESH THAKRE,96.3408873,97.1923599,84.0,78.66,0,NORMAL,
3666,EN26398416,HATTARGE KAUSHIK KAMALAKAR,96.3408873,83.7986478,57.33,63.2,0,NORMAL,
3667,EN26114525,VERUSHKA MAMODIA,96.3408873,98.9878776,92.33,97.16,0,NORMAL,
3668,EN26149800,GUPTA NAKUL CHANCHAL,96.3408873,98.0628957,69.67,93.4,0,NORMAL,
3669,EN26249097,PRASHANT BAPURAO VHANMANE,96.3408873,98.2626354,74.0,95.6,0,NORMAL,
3670,EN26280209,JIYA JIGAR GADA,96.3408873,99.7954537,86.67,97.2,0,NORMAL,
3671,EN26206133,APARAJITA DUA,96.3408873,99.3905516,76.0,96.8,0,NORMAL,
3672,EN26105819,SAKET JAYSING PARADE,96.3408873,99.2275145,89.0,95.0,0,NORMAL,
3673,EN26256084,UTKARSH SANJAY GULHANE,96.3408873,98.0121617,78.0,97.6,0,NORMAL,
3674,EN26122952,YUVRAJ SHANTARAM MISAL,96.3408873,98.7035739,79.0,91.6,0,NORMAL,
3675,EN26478135,KARTIK PARASHAR,96.3408873,,91.33,86.83,0,NORMAL,
3676,EN26158875,ATHARWA YOGESH CHAVAN,96.3322396,99.5906412,85.0,89.2,0,NORMAL,
3677,EN26270247,ABHISHEK RAVINDRA THOMBRE,96.3322396,99.1183262,71.0,96.2,0,NORMAL,
3678,EN26272381,JANHVI SURAJ PANDE,96.3322396,98.8650296,91.67,97.4,0,NORMAL,
3679,EN26247493,GAURAV VILAS DHAWADE,96.3322396,95.6935818,73.33,91.4,0,NORMAL,
3680,EN26116173,JAIDEV SANJAY RAI,96.3322396,31.8464164,71.0,55.2,1,LOW,CET_vs_JEE: CET is LOWER than expected by 59 rank pts
3681,EN26134177,RAJAL GANESH CHANDAK,96.3322396,97.8985175,83.33,95.4,0,NORMAL,
3682,EN26409987,DHIRAJ SANJAY PATIL,96.3322396,93.5072524,81.0,91.6,0,NORMAL,
3683,EN26205811,AARUSH GANESH AGARWAL,96.3298202,99.5675391,88.33,95.7,0,NORMAL,
3684,EN26282490,SIDDHI SURENDRA UMAP,96.3298202,98.5373609,88.0,93.16,0,NORMAL,
3685,EN26142146,VARSHIL MUKESH SONI,96.3266754,99.6456097,87.33,95.0,0,NORMAL,
3686,EN26107070,VEDANT BHATT,96.3266754,,90.67,94.6,0,NORMAL,
3687,EN26184036,AMITESH ASHISH,96.3266754,98.8698563,79.67,97.4,0,NORMAL,
3688,EN26102361,PIYUSH SUNIL APUGADE,96.3266754,,63.33,76.66,0,NORMAL,
3689,EN26222882,SHINDE ARYAN PRADEEP,96.3266754,97.7429122,79.67,89.0,0,NORMAL,
3690,EN26273606,SOHAM SURJEET WAGH,96.3266754,97.5899394,70.67,96.66,0,NORMAL,
3691,EN26307015,NAKUL ABHAY MANTRI,96.3266754,,86.33,95.8,0,NORMAL,
3692,EN26375930,ANKIT ARBIND TIWARI,96.3266754,97.3276451,77.67,91.6,0,NORMAL,
3693,EN26100633,BHAKTI GARG,96.3190555,99.1536834,84.67,91.4,0,NORMAL,
3694,EN26339229,SHAURYA GUPTA,96.3190555,98.8800565,87.0,98.4,0,NORMAL,
3695,EN26195729,ADITYA SHRIPAD DESHPANDE,96.3190555,97.8702175,81.0,96.8,0,NORMAL,
3696,EN26366341,YASH SANTOSH PANDE,96.3190555,97.6880169,83.0,93.2,0,NORMAL,
3697,EN26117953,ARNAV SURENDRA TEKADE,96.3190555,99.436897,78.67,93.83,0,NORMAL,
3698,EN26321377,ADITYA ACHYUTRAO CHAPKE,96.3190555,17.9468599,75.0,89.8,1,LOW,CET_vs_JEE: CET is LOWER than expected by 59 rank pts
3699,EN26486030,PRANAY GANESH TAYADE,96.3190555,96.1739609,89.33,96.8,0,NORMAL,
3700,EN26247532,KALYANI RAVINDRA JOSHI,96.3190555,98.3819921,76.67,97.0,0,NORMAL,
3701,EN26434614,VEDANT DALSANIYA,96.3190555,,93.0,93.0,0,NORMAL,
3702,EN26331200,PIYUSH GANESHRAO HARNE,96.3190555,98.3622982,82.0,93.4,0,NORMAL,
3703,EN26363725,RISHIT SINGH,96.3190555,90.9657321,85.67,95.83,1,LOW,CET_vs_HSC_SSC: CET is LOWER than expected by 55 rank pts
3704,EN26414869,ARMAAN THAKUR,96.3190555,,64.67,81.33,0,NORMAL,
3705,EN26270725,HEIYAA CHETAN KOTHARI,96.3104745,99.6249809,75.0,96.66,0,NORMAL,
3706,EN26384327,MANAS NITIN DESHMUKH,96.3104745,95.5511974,61.0,89.4,0,NORMAL,
3707,EN26391499,PARTH PRAMOD PAWAR,96.3104745,98.9010239,73.67,95.0,0,NORMAL,
3708,EN26203851,SHOURYA ASHISH BAGDE,96.3104745,99.0434195,85.0,96.2,0,NORMAL,
3709,EN26297556,AAYUSH SANTOSH ZENDE,96.3104745,71.4142775,69.33,91.0,0,NORMAL,
3710,EN26365622,YUGANSH SANTOSH RATHOD,96.3097573,99.2267861,86.33,94.0,0,NORMAL,
3711,EN26159558,SHRAVANI SANDIP SATONKAR,96.3097573,99.7936726,85.33,96.6,0,NORMAL,
3712,EN26346777,AAYUSHI U PANARIA,96.3097573,98.4446702,87.0,96.6,0,NORMAL,
3713,EN26225767,SHRUTI NARAYAN SHINDE,96.3097573,98.6607658,84.33,95.2,0,NORMAL,
3714,EN26107086,PALLABI MAL,96.3097573,97.7594015,94.67,97.0,0,NORMAL,
3715,EN26270000,SAIE PRAVIN MULEY,96.3073057,98.9413135,86.33,95.83,0,NORMAL,
3716,EN26148937,KADAM SUDHANSHU RAVINDRA,96.3073057,99.7669265,83.67,87.8,0,NORMAL,
3717,EN26123290,DEVAYANI SURAJ KADAKANE,96.3073057,99.2510157,91.0,96.6,0,NORMAL,
3718,EN26245798,HARSH HEMANT BHOSALE,96.3073057,98.9413135,83.0,96.0,0,NORMAL,
3719,EN26151200,JONATHAN JOSHUA PACHECO,96.3018209,99.2014366,84.33,95.33,0,NORMAL,
3720,EN26151288,YASH MARUTI NAIKWADE,96.3018209,99.14615,73.67,95.2,0,NORMAL,
3721,EN26490835,MEHSHID AHMED WASIM ULLAH KHAN,96.3018209,98.4163823,72.67,93.4,0,NORMAL,
3722,EN26216503,SAANVI MILIND KAPLE,96.3018209,98.797718,91.67,97.2,0,NORMAL,
3723,EN26175855,RAJ VYANKET PATIL,96.3018209,95.8890489,70.0,91.0,0,NORMAL,
3724,EN26415792,TANISHKA MAHESH LATAKE,96.3018209,96.8737201,81.67,94.4,0,NORMAL,
3725,EN26157226,VEDANT VIKRAM JHUNJHUNWALA,96.3018209,99.5111353,82.67,95.5,0,NORMAL,
3726,EN26210481,SHELKE KARTIK RAJENDRA,96.3018209,95.1740567,63.67,94.8,0,NORMAL,
3727,EN26150222,SANSKAR SANJAY PATIL,96.3018209,99.4005994,81.33,94.0,0,NORMAL,
3728,EN26113096,NIKHIL BALAJI GUME,96.3018209,99.2306878,82.0,97.6,0,NORMAL,
3729,EN26168799,VEDANT SUNIL BHABALE,96.3018209,96.0954149,89.67,91.5,0,NORMAL,
3730,EN26207615,ADITYA RAJENDRA NAGARE,96.3018209,55.319298,43.67,80.2,0,NORMAL,
3731,EN26178757,PREESHA PRASHANT JHA,96.3018209,99.382843,84.33,96.2,0,NORMAL,
3732,EN26175260,NIKUNJ JAMBHEKAR,96.2855781,85.1996728,50.0,78.0,0,NORMAL,
3733,EN26145779,KUNAL HARIDAS KUNJALKAR,96.2855781,97.2886818,79.0,90.6,0,NORMAL,
3734,EN26171287,ATHARVA ROHIT DHIDE,96.2855781,97.5899394,88.0,91.6,0,NORMAL,
3735,EN26370937,MANTHAN YOGESH LALWANI,96.2855781,98.6477445,90.0,96.6,0,NORMAL,
3736,EN26130626,LAKSHYA BHATT,96.2696167,99.09598,86.67,95.6,0,NORMAL,
3737,EN26340156,TULIKA,96.2696167,,80.0,92.5,0,NORMAL,
3738,EN26478093,TRISHA PRAKASH,96.2696167,98.0182404,89.0,96.16,0,NORMAL,
3739,EN26393039,DEV PRASAD,96.2696167,,86.0,94.16,0,NORMAL,
3740,EN26168382,BHAVESH AMOL KUVARE,96.2696167,97.7594015,72.67,95.2,0,NORMAL,
3741,EN26327715,KARAD SARTHAK NARAYAN,96.2696167,98.1313859,66.67,94.0,0,NORMAL,
3742,EN26109325,TANISHQ GUPTA,96.2670201,98.7857913,91.0,90.33,0,NORMAL,
3743,EN26430751,OJHA ADARSH RAMJI,96.2670201,98.2659628,87.0,91.0,0,NORMAL,
3744,EN26244177,YASH UPADHYAY,96.2670201,96.363568,73.33,83.4,0,NORMAL,
3745,EN26431349,PRAYAG NAGPAL,96.2670201,,80.67,91.4,0,NORMAL,
3746,EN26161089,KUSHAL DINESHKUMAR THAKUR,96.2670201,97.624379,75.0,84.4,0,NORMAL,
3747,EN26425843,ANANYA SUDHIR CHOPADE,96.2670201,,98.67,97.0,0,NORMAL,
3748,EN26170641,ANTARA SANTOSH APRAJ,96.2670201,98.8995873,87.67,95.4,0,NORMAL,
3749,EN26195547,DHRUV DHANANJAY DUBERKAR,96.2670201,99.1583618,71.33,91.6,0,NORMAL,
3750,EN26165522,KHAN SUFIYAN ALTAF,96.2670201,97.5707384,72.0,90.0,0,NORMAL,
3751,EN26287158,ADITYA AJAY MISHRA,96.2645524,,85.0,94.66,0,NORMAL,
3752,EN26105509,SOHAM GANESH CHAND,96.2645524,82.4999118,37.67,65.8,0,NORMAL,
3753,EN26113781,SARTHAK DATTATRAYA KANKRALE,96.2645524,99.6884735,99.78,95.0,0,NORMAL,
3754,EN26127481,MEGHNA CHATTERJEE,96.2645524,99.6118163,97.0,96.16,0,NORMAL,
3755,EN26225179,SAIF AYYUB SHEIKH,96.2645524,97.0287935,93.0,93.6,0,NORMAL,
3756,EN26105061,AMEYA CHATURVEDI,96.2611731,98.84049,97.0,92.0,0,NORMAL,
3757,EN26438810,KRISHNA SANJAY BETIWAR,96.2611731,99.4960569,75.33,90.0,0,NORMAL,
3758,EN26140961,SHUBHAM HARISHCHANDRA KOKATE,96.2611731,80.7403032,76.67,78.0,0,NORMAL,
3759,EN26278897,ADVAIITH YOGESH SINGNURKAR,96.2611731,97.3781998,79.33,88.16,0,NORMAL,
3760,EN26184831,ISHANK CHATURVEDI,96.2611731,,88.67,89.4,0,NORMAL,
3761,EN26275408,PUSHKAR MHASKE,96.2611731,99.3943022,76.67,94.8,0,NORMAL,
3762,EN26293766,SOHAM MAHESHKUMAR MANE,96.2611731,98.953411,83.33,94.2,0,NORMAL,
3763,EN26286298,NATHAN PINTO,96.258338,99.9089221,86.67,95.4,0,NORMAL,
3764,EN26364948,HARSH PRADIP CHASKAR,96.258338,60.9157012,49.33,90.2,0,NORMAL,
3765,EN26241545,THAKARE PARTH,96.2471285,97.406218,78.33,93.5,0,NORMAL,
3766,EN26217951,ATHARVA NILESH MEHARE,96.2471285,98.781718,85.0,92.4,0,NORMAL,
3767,EN26308733,PAHAL NARESH DAULATANI,96.2471285,98.1453042,87.0,98.33,0,NORMAL,
3768,EN26308879,JAYANT JAIN,96.2471285,,91.33,89.6,0,NORMAL,
3769,EN26140600,HARSH RAJENDRA WARKARI,96.2471285,95.9365257,82.0,86.4,0,NORMAL,
3770,EN26175836,MIHIR NITIN DHARMADHIKARI,96.2460969,99.9036646,90.0,96.8,0,NORMAL,
3771,EN26362458,SAMARTH MAHESH NAMDE,96.2460969,95.881079,80.0,94.8,0,NORMAL,
3772,EN26150273,OM MANOJKUMAR PATIL,96.2460969,98.7772214,94.67,97.2,0,NORMAL,
3773,EN26306326,AVANI SUNIL BACHHAV,96.2460969,99.2298181,74.67,96.33,0,NORMAL,
3774,EN26266045,ADITYA SAMEER KHANZODE,96.2460969,99.3168292,84.67,94.2,0,NORMAL,
3775,EN26246040,AAQIL AHMAD,96.2460969,,84.0,96.6,0,NORMAL,
3776,EN26255274,PALA K VASANT KADAM,96.2460969,99.1264191,86.0,94.0,0,NORMAL,
3777,EN26118893,PAVANI SINGH,96.2460969,99.1853991,93.0,95.0,0,NORMAL,
3778,EN26233980,SOHAM DEEPAK JAMKAR,96.2460724,99.0686935,78.33,91.2,0,NORMAL,
3779,EN26267487,BHAVIK HARSHAD RAUT,96.2460724,70.9482593,44.0,86.0,0,NORMAL,
3780,EN26460484,PRANAV SONI,96.2460724,,82.0,90.83,0,NORMAL,
3781,EN26170407,MANAV VINOD AWTANI,96.2460724,99.5153584,85.0,92.83,0,NORMAL,
3782,EN26280432,DEVASHRUTI SAMEER MOHRIR,96.2460724,97.6531257,83.33,93.6,0,NORMAL,
3783,EN26390158,GANESH SANTOSH KOLI,96.2460724,,77.67,88.4,0,NORMAL,
3784,EN26379673,ATHARV DIPAK KUMBHAR,96.2460724,98.0103906,87.67,95.6,0,NORMAL,
3785,EN26393508,DAIVAM RAKESH MEHTA,96.2460724,98.2953551,79.0,93.4,0,NORMAL,
3786,EN26365150,AARNA CHATURVEDI,96.2453573,,86.89,95.4,0,NORMAL,
3787,EN26281878,REHAN IRSHAD MUJAWAR,96.2453573,99.7010986,82.0,94.8,0,NORMAL,
3788,EN26284393,SHAUNAK MANDAR CHIKHALE,96.2453573,99.6943298,82.0,95.2,0,NORMAL,
3789,EN26382591,KRISHNA SHARADCHANDRA SHIRSATH,96.2415401,99.800896,81.67,86.66,0,NORMAL,
3790,EN26305534,YADNYESH DIPAK VISPUTE,96.2415401,98.2786369,83.33,80.2,0,NORMAL,
3791,EN26430396,PRARABDH UPADHYAY,96.2415401,,84.33,88.6,0,NORMAL,
3792,EN26144085,PRATHMESH SUNIL KALEKAR,96.2415401,96.2409787,72.33,96.2,0,NORMAL,
3793,EN26317216,GANPATI GIRISH TELALWAR,96.2415401,97.1170545,61.67,84.16,0,NORMAL,
3794,EN26224960,ADWAIT SANJAY SHENDE,96.2415401,96.9836134,95.0,94.16,0,NORMAL,
3795,EN26426323,SHIVAM KUMAR JHA,96.2319216,,71.0,84.4,0,NORMAL,
3796,EN26414273,VARAD VEERPAL DHAKOLIYA,96.2319216,99.4434527,90.0,98.0,0,NORMAL,
3797,EN26110423,OMKAR VIJAY DAREKAR,96.2319216,99.4684566,74.0,96.4,0,NORMAL,
3798,EN26206793,KAUSHAL SUNIL PATIL,96.2319216,98.8626758,84.0,92.8,0,NORMAL,
3799,EN26313473,CHAITANYA RAJARAM KARE,96.223574,73.9021728,42.33,79.2,0,NORMAL,
3800,EN26242442,SYED ATEEB AMAN SYED ATIQUE,96.223574,97.6811594,75.67,86.4,0,NORMAL,
3801,EN26164891,YASH AMOL PATIL,96.223574,98.6857446,83.33,97.0,0,NORMAL,
3802,EN26117705,GAIKWAD ANSHUMAN BHOJRAJ,96.223574,97.0532519,91.33,93.8,0,NORMAL,
3803,EN26234363,RHEA DALESH DHARAMSHI,96.223574,99.8775448,91.33,95.0,0,NORMAL,
3804,EN26378619,SUSHMA SANDIP SURWASE,96.223574,96.0715243,85.67,93.0,0,NORMAL,
3805,EN26176004,VISHWAJEET VIJAY MAHADIK,96.223574,99.4434527,84.33,96.0,0,NORMAL,
3806,EN26269446,SHRIYA SHRIKANT DAS,96.223574,97.6807275,83.67,95.0,0,NORMAL,
3807,EN26129365,HEET BHATT,96.2191126,,77.67,91.0,0,NORMAL,
3808,EN26174687,SAUMYA ANIL KARWA,96.2191126,99.0135423,78.67,97.8,0,NORMAL,
3809,EN26127258,MANTHAN KIRAN NIMBALKAR,96.2191126,87.5957229,66.67,91.6,0,NORMAL,
3810,EN26129044,MAITHILI AJAY PATIL,96.2191126,99.5460666,82.0,86.0,0,NORMAL,
3811,EN26283917,ADWAIY HARSHAD KANDALKAR,96.2191126,99.7187006,91.33,77.0,0,NORMAL,
3812,EN26154762,GHOGARE PRANAV JAGDISH,96.2191126,99.6943298,83.33,89.4,0,NORMAL,
3813,EN26264419,SHIVPRASAD SONAJI RAJEGORE,96.2075308,94.4750524,58.33,93.0,0,NORMAL,
3814,EN26246479,HARSH VINAY BAJAJ,96.2075308,98.8203997,68.33,96.4,0,NORMAL,
3815,EN26392540,PARTH DEVENDRAKUMAR PIPAREWAR,96.2075308,99.3225882,88.0,97.2,0,NORMAL,
3816,EN26111986,SANSKAR SATISH DHEPE,96.2075308,98.2122465,82.33,92.4,0,NORMAL,
3817,EN26346270,NIKITA SHRIKANT PATIL,96.2075308,97.1637483,82.33,94.6,0,NORMAL,
3818,EN26288945,SOUMIL BHAGWAN PANSARE,96.2075308,98.6313993,71.0,94.6,0,NORMAL,
3819,EN26362348,JENIL RAKESH SONI,96.2075308,98.8923623,72.0,86.0,0,NORMAL,
3820,EN26155655,PARTHA PANCHANAN KARMAKAR,96.2075308,99.1853991,82.0,88.4,0,NORMAL,
3821,EN26216518,AAKASH VISWANATH,96.2059104,99.4416984,81.0,96.83,0,NORMAL,
3822,EN26487076,SACHI TUSHAR UNDE,96.2059104,,88.33,94.83,0,NORMAL,
3823,EN26142295,AACHINTYA ASHISH SHARMA,96.202656,99.6443286,90.0,94.66,0,NORMAL,
3824,EN26120969,ADITYA KAKAPURI,96.202656,98.700763,80.33,94.8,0,NORMAL,
3825,EN26336417,GAIKWAD ABHISHEK GORAKSHA,96.202656,98.8167764,72.33,88.8,0,NORMAL,
3826,EN26428666,HARSH KUMAR,96.202656,98.9795918,89.33,89.83,0,NORMAL,
3827,EN26354914,MOHIT SANJAY NASHIKKAR,96.202656,95.0655625,84.67,95.8,0,NORMAL,
3828,EN26248172,VIVEK MAHESHRAO INGLE,96.202656,99.3275256,91.0,99.6,0,NORMAL,
3829,EN26325456,SHIVAM SACHIN SHINDE,96.202656,98.3371048,80.0,91.0,0,NORMAL,
3830,EN26160491,CHAITANYA ANKUSH GHOLAP,96.1983958,99.5767918,80.67,87.8,0,NORMAL,
3831,EN26388197,MEHTA YASH VIVEK KUMAR,96.1983958,99.2975956,87.0,93.6,0,NORMAL,
3832,EN26291470,ABHRANEEL GUHA THAKURTA,96.1983958,99.3943022,83.67,93.0,0,NORMAL,
3833,EN26235891,PRATHAMESH HARSHAWARDHAN PETKAR,96.1983958,99.0597598,88.0,94.2,0,NORMAL,
3834,EN26332543,SHIVAM ASHOK SALUNKHE,96.1983958,95.881079,83.0,87.0,0,NORMAL,
3835,EN26153996,ANUSHRAV ROY,96.1983958,98.5669073,81.67,92.4,0,NORMAL,
3836,EN26486800,MITRA DASRHANBHAI SORATHIYA,96.1983958,,85.67,95.66,0,NORMAL,
3837,EN26100925,HOOR MOMIN,96.1983958,97.5899394,98.67,97.0,0,NORMAL,
3838,EN26135752,SHUBHAM SANTOSH LOHAR,96.1983958,98.3371048,69.67,97.2,0,NORMAL,
3839,EN26330980,ANISH AVINASH MHASKE,96.1868041,9.0217275,44.0,75.8,1,LOW,CET_vs_JEE: CET is LOWER than expected by 58 rank pts
3840,EN26144781,RANVEER VITHAL DUREPATIL,96.1868041,99.7499736,86.0,94.66,0,NORMAL,
3841,EN26262353,ANUJ GUPTA,96.1868041,,77.0,92.66,0,NORMAL,
3842,EN26366018,RITIKA VINAYAK PUSDEKAR,96.1868041,99.1839813,91.0,93.2,0,NORMAL,
3843,EN26257991,ARNAV DEVEN KENE,96.1859938,96.9750684,80.33,93.0,0,NORMAL,
3844,EN26262045,ADITYA PRAMOD WALUKKAR,96.1859938,98.3131595,92.0,92.6,0,NORMAL,
3845,EN26279531,FAHAMA ANSAB SAJID ANWAR,96.1859938,,84.0,85.8,0,NORMAL,
3846,EN26321484,AMAN RAJESH VISHWAKARMA,96.1859938,98.3139932,85.33,90.4,0,NORMAL,
3847,EN26113089,SAHIL JITENDRA GHODAKE,96.1778767,39.4647165,79.33,79.4,0,NORMAL,
3848,EN26409338,KRIYANS MAYANKBHAI PATEL,96.1778767,,68.33,83.66,0,NORMAL,
3849,EN26242723,PRANAV DHOKALE PATIL,96.1778767,98.612814,90.0,94.4,0,NORMAL,
3850,EN26168783,KAKDE HARSH KESHAV,96.1778767,99.4960569,72.67,83.0,1,LOW,CET_vs_HSC_SSC: CET is HIGHER than expected by 57 rank pts
3851,EN26261896,SATPUTE ANURAG MILIND,96.1778767,97.1835994,68.33,95.6,0,NORMAL,
3852,EN26151001,ANAMIKA CHOUDHARY,96.1730361,98.1588435,90.67,93.83,0,NORMAL,
3853,EN26413892,MAHI AVINASH PATIL,96.1730361,99.4219653,90.33,98.0,0,NORMAL,
3854,EN26163203,AAHIL MOHAMMED ASHRAF,96.1730361,99.3429647,85.67,94.2,0,NORMAL,
3855,EN26250930,DIVYANSHU PURAN GIRI,96.1730361,71.9146758,49.67,77.16,0,NORMAL,
3856,EN26389324,ARJUN KRUSHNAKANT INGOLE,96.1730361,98.3798345,88.33,89.6,0,NORMAL,
3857,EN26175382,SPANDAN SOURABH NEGE,96.1730361,99.1546915,88.33,95.4,0,NORMAL,
3858,EN26316819,SARTHAK SITARAM KHARAD,96.1730361,99.2190806,64.0,93.6,0,NORMAL,
3859,EN26271238,RIHAN ADAM MULANI,96.1598491,99.2799835,73.33,86.8,0,NORMAL,
3860,EN26465431,KUNAL YADAV,96.1598491,,59.67,71.0,0,NORMAL,
3861,EN26287718,AARADHYA RAHUL KECHE,96.1598491,99.6887728,83.67,97.16,0,NORMAL,
3862,EN26299307,SANVI JAIN,96.1598491,97.2756467,85.0,96.2,0,NORMAL,
3863,EN26179574,NIKUNJ GUPTA,96.1598491,98.3131595,74.0,83.87,0,NORMAL,
3864,EN26362538,SAI DNYANESHWAR KSHIRSAGAR,96.1598491,98.7486606,83.0,90.83,0,NORMAL,
3865,EN26319443,NISH RAMRAO DESHMUKH,96.1598491,96.1461976,75.33,90.6,0,NORMAL,
3866,EN26240579,DEWANG SHIVAJI MHETRE,96.1598491,98.1898548,87.0,94.66,0,NORMAL,
3867,EN26270748,PREM SHARAD CHAVAN,96.1598491,95.2933057,82.33,93.2,0,NORMAL,
3868,EN26296818,SHIVAM SANTOSH SONTAKKE,96.1598491,98.3467382,83.33,85.8,0,NORMAL,
3869,EN26258397,KAVYANJALI TUPEKAR,96.1514559,99.3757521,74.0,94.8,0,NORMAL,
3870,EN26231439,SAMIKSHA SURESH TAMBE,96.1514559,99.453012,82.0,96.6,0,NORMAL,
3871,EN26172978,RAJ AMOL JADHAV,96.1514559,98.8650296,85.67,91.8,0,NORMAL,
3872,EN26299864,SURAJ BABASAHEB KHADE,96.1514559,28.7105475,70.0,84.2,0,NORMAL,
3873,EN26297631,SIDDHESH SAMBHAJI PATIL,96.1514559,97.0049392,77.0,87.8,0,NORMAL,
3874,EN26391810,MADHUR CHANDRASHEKHAR BARAPATRE,96.1514559,94.5074586,70.0,96.0,0,NORMAL,
3875,EN26150524,SOHAM SUBHASH CHANDIVADE,96.1514559,97.9129061,72.67,98.16,0,NORMAL,
3876,EN26427152,VARAD SUMIT DORLE,96.1471651,98.7055937,82.33,92.4,0,NORMAL,
3877,EN26171783,SURWASE AVINASH SANJEEV,96.1471651,98.6108985,80.0,86.8,0,NORMAL,
3878,EN26391649,EKADE SARTHAK ANANTA,96.1457622,99.1536834,84.67,90.8,0,NORMAL,
3879,EN26164061,DEEP KUMAR,96.1457622,99.2589431,90.33,87.14,0,NORMAL,
3880,EN26300028,HRIDAY AMITRAJ SANCHETI,96.1457622,99.3569495,84.33,95.0,0,NORMAL,
3881,EN26419398,SARTHAK SUNIL CHAVAN,96.1433127,99.7809882,82.67,81.33,0,NORMAL,
3882,EN26212048,AJINKYA VILAS NIWATE,96.1433127,93.5072524,67.33,92.8,0,NORMAL,
3883,EN26107080,PIYUSH UMESH MORE,96.1433127,99.7809882,89.33,82.33,0,NORMAL,
3884,EN26391481,ARDHAN RAJIT SETHI,96.1390163,96.9644681,74.67,95.3,0,NORMAL,
3885,EN26168058,SHUBHAM SANTOSH RANSUBE,96.1390163,99.1512886,81.67,92.4,0,NORMAL,
3886,EN26265731,PRABHGUN KAUR SANDHU,96.1390163,97.7035859,87.67,98.2,0,NORMAL,
3887,EN26221439,VARAD GIRISH MANDLIK,96.1390163,99.1627842,91.0,94.66,0,NORMAL,
3888,EN26377385,VIBHAVARI RAMESH BHAKARE,96.1390163,99.0737525,86.33,97.8,0,NORMAL,
3889,EN26277603,VARUN SANTOSH VAISHALI KALBAG,96.1390163,98.7883959,83.67,91.66,0,NORMAL,
3890,EN26249043,SARA SHARMA,96.1390163,,92.33,97.16,0,NORMAL,
3891,EN26459637,CHAVAN POOJA DNYANOBA,96.1363315,94.6595693,71.0,93.2,0,NORMAL,
3892,EN26210332,PRATHAMESH LAXMAN SAWANT,96.1363315,85.9891185,53.67,77.0,0,NORMAL,
3893,EN26365726,SAEE SIDDHESHWAR SHIVGUNDE,96.1363315,97.4167804,85.33,93.0,0,NORMAL,
3894,EN26426815,SWARAJ BABURAO RATHOD,96.1363315,97.225256,88.67,92.8,0,NORMAL,
3895,EN26128010,SANIKA NITIN BANDRE,96.1363315,95.343223,84.67,95.4,0,NORMAL,
3896,EN26117150,AYUSH MAHENDRA PATIL,96.1363315,98.8193489,92.0,93.4,0,NORMAL,
3897,EN26198683,ADITYA JAYDEEP SHIROLKAR,96.1363315,98.174902,67.67,96.0,0,NORMAL,
3898,EN26237068,ANSH MILIND GOHANE,96.1363315,96.8737201,71.33,90.4,0,NORMAL,
3899,EN26107315,PRERIT SACHIN AGRAWAL,96.1363315,96.6966757,80.0,92.4,0,NORMAL,
3900,EN26277523,VARAD VIJAY PAITHANKAR,96.1363315,99.1743055,82.0,93.8,0,NORMAL,
3901,EN26102045,DHILAAN RASESH KAPADIA,96.1346127,99.3034408,78.33,95.8,0,NORMAL,
3902,EN26376803,ANSHUMAN GAJANAN SHINDE,96.1346127,95.5358718,76.33,97.8,0,NORMAL,
3903,EN26297782,MANAN JITEN MASALIA,96.1346127,99.2439457,81.0,97.0,0,NORMAL,
3904,EN26307038,ADITYA RAJGONDA PATIL,96.1346127,97.6811594,70.33,96.0,0,NORMAL,
3905,EN26153727,SAKSHI TANAJI SHENDAGE,96.1346127,99.1394332,83.33,96.8,0,NORMAL,
3906,EN26287159,LIZA SIRWANI,96.1346127,98.8308304,86.0,91.6,0,NORMAL,
3907,EN26249033,AADITYA AMIT KULKARNI,96.1346127,98.3966019,80.33,95.4,0,NORMAL,
3908,EN26361019,SHUBH DEWANGAN,96.1314295,98.1898548,91.0,88.8,0,NORMAL,
3909,EN26355040,KAGDE SHREYAS GANESHKUMAR,96.1314295,61.7346759,87.0,85.8,1,LOW,CET_vs_HSC: CET is LOWER than expected by 61 rank pts
3910,EN26331179,HARDIK RAVIPRAKASH SHARMA,96.1314295,44.1521083,52.67,80.66,0,NORMAL,
3911,EN26258698,KUNAL KRISHNA DANGRE,96.1314295,98.9210775,87.33,94.8,0,NORMAL,
3912,EN26123806,SOHA KEDAR PARANJAPE,96.1314295,,86.0,98.16,0,NORMAL,
3913,EN26360968,PREM VIVEK SAPKAL,96.1206699,98.2505176,73.33,92.16,0,NORMAL,
3914,EN26235834,ARNAV SANDEEP MHATRE,96.1206699,99.6528494,90.33,98.33,0,NORMAL,
3915,EN26265123,HRUDYA WALIVADEKAR,96.1206699,99.1627842,91.67,96.0,0,NORMAL,
3916,EN26222999,DIYA KUNAL MEHTA,96.1206699,99.1536834,86.33,97.83,0,NORMAL,
3917,EN26189358,SAISH SWAPNIL SARDA,96.1206699,95.3610436,75.0,94.66,0,NORMAL,
3918,EN26123315,SWAMI MAHESH SHELAR,96.1206699,98.7472209,67.0,91.8,0,NORMAL,
3919,EN26224173,SHARAYU RAJU PACHBHAI,96.1206699,99.3429647,88.0,95.6,0,NORMAL,
3920,EN26118168,KRISHNA SHYAMSUNDAR KAKANI,96.1206699,97.3781998,63.33,92.66,0,NORMAL,
3921,EN26402274,DARADE SHIVAM VIJAY,96.1206699,98.9224553,76.33,92.6,0,NORMAL,
3922,EN26344498,MUNDHE MADHURA GOVIND,96.1206699,96.2707087,75.0,93.8,0,NORMAL,
3923,EN26114098,IPSHIT CHETAN GHANGREKAR,96.1119476,98.0547198,85.33,97.2,0,NORMAL,
3924,EN26231593,HIMANEE PRAMOD KAREMORE,96.1119476,96.5458686,81.0,95.33,0,NORMAL,
3925,EN26234258,HEMISH SOLANKI,96.1119476,,92.33,86.6,0,NORMAL,
3926,EN26409676,PRINCE SANTOSH SINGH,96.1119476,,67.67,86.0,0,NORMAL,
3927,EN26270395,RIYAAN SATISH KOTIAN,96.1119476,98.9540325,80.0,94.2,0,NORMAL,
3928,EN26272084,ANSHU KUMAR,96.0980358,,54.0,75.8,0,NORMAL,
3929,EN26368551,ALIASGAR MOHAMMED FAIZI,96.0980358,97.2937644,79.67,92.33,0,NORMAL,
3930,EN26411795,AMAN SHABBIR SHAIKH,96.0980358,96.5336351,81.33,97.4,0,NORMAL,
3931,EN26239243,PREET ANIL NILE,96.0980358,99.0203625,75.0,85.8,0,NORMAL,
3932,EN26392078,SIDDHARTH MUKESH SONDAGAR,96.0980358,95.7279024,80.0,94.0,0,NORMAL,
3933,EN26290904,TANISH ATUL DESHMUKH,96.0980358,98.7476321,84.33,96.5,0,NORMAL,
3934,EN26416344,KHAN MAAZ MUNSIF ALI,96.0980358,99.0374182,74.0,91.4,0,NORMAL,
3935,EN26214925,RASHI SIDDHARTH AHATE,96.0980358,98.0167272,92.67,96.5,0,NORMAL,
3936,EN26246466,RUDRAKSH RAJSEKHAR BANERJEE,96.0980358,98.4193724,85.0,95.16,0,NORMAL,
3937,EN26174677,VED SURESH SHELKE,96.0980358,99.5568572,79.67,81.4,0,NORMAL,
3938,EN26443691,PAVAN DINKAR SAKHARE,96.0980358,94.7610231,79.67,94.6,0,NORMAL,
3939,EN26139049,ANSHU VIJAY DARADE,96.0968383,98.5213678,67.0,95.0,0,NORMAL,
3940,EN26176088,SHARVARI RAJESH KHAJONE,96.0968383,98.9254847,82.67,94.6,0,NORMAL,
3941,EN26369660,ARYAN NAIR,96.0968383,97.0949449,77.0,96.5,0,NORMAL,
3942,EN26143904,ANUJ BHUTRA,96.0968383,,74.67,82.5,0,NORMAL,
3943,EN26335580,BHANDARE SHIVPRASANNA NILESH,96.0968383,98.847481,74.33,94.0,0,NORMAL,
3944,EN26114908,ANUSHA TYAGI,96.0968383,99.4283995,84.67,96.8,0,NORMAL,
3945,EN26157779,RUDRA PANKHRAJ,96.0968383,98.8353329,92.0,95.0,0,NORMAL,
3946,EN26100444,AARSH SATISH SINGH,96.0923733,98.3382471,73.33,93.2,0,NORMAL,
3947,EN26182747,JINAAY BHAUMIK SHAH,96.0923733,99.1326609,81.33,96.5,0,NORMAL,
3948,EN26293782,AMEYA OMPRAKASH YADAV,96.0923733,98.8016073,77.33,95.4,0,NORMAL,
3949,EN26410298,ABHISHEK NAGPAL,96.0923733,,72.67,91.2,0,NORMAL,
3950,EN26224669,AYUSHI SINGH,96.0923733,,92.0,97.16,0,NORMAL,
3951,EN26248945,KADAM SANKET TULSHIRAM,96.0923733,95.7690393,74.33,95.2,0,NORMAL,
3952,EN26297827,KARAN ANIL THAKARE,96.0897825,97.9996062,63.67,89.6,0,NORMAL,
3953,EN26336377,NIRANJAN RUSHIKESH ARUDE,96.0897825,85.2824124,41.67,81.8,0,NORMAL,
3954,EN26216287,ANUJ YADAV,96.0897825,97.7896101,92.33,97.9,0,NORMAL,
3955,EN26199757,SIDDHIRAJ SANDIP WADGAONKAR,96.0897825,92.2738405,82.67,86.28,0,NORMAL,
3956,EN26298163,INGLE HARSHVARDHAN ISHWARSING,96.0897825,94.7283486,81.33,88.2,0,NORMAL,
3957,EN26259957,KEHAN JAIN,96.0897825,97.9249147,83.0,88.4,0,NORMAL,
3958,EN26300629,CHINMAY CHANDRASHEKHAR KULKARNI,96.0897825,98.5484356,84.67,93.2,0,NORMAL,
3959,EN26353466,OM SACHIN KUMBHAR,96.0863666,99.6467055,89.67,91.6,0,NORMAL,
3960,EN26114169,AARNA CHAUHAN,96.0863666,,91.0,95.6,0,NORMAL,
3961,EN26361324,NIKUNJ AJAY TIWARI,96.0863666,99.6517679,87.0,82.8,0,NORMAL,
3962,EN26141806,YASH GHUNAVAT,96.0863666,79.2630446,68.67,72.0,0,NORMAL,
3963,EN26249278,GAURAV SANTOSH KADAM,96.0863666,98.0593407,90.33,95.83,0,NORMAL,
3964,EN26460759,PRATHAMESH SRIVASTAVA,96.0863666,,84.67,94.0,0,NORMAL,
3965,EN26312168,BILSE TARAN NITIN,96.0863666,98.3571807,63.67,91.4,0,NORMAL,
3966,EN26203252,DEVASHREE YOGESH JOSHI,96.0863666,98.2452519,79.67,97.0,0,NORMAL,
3967,EN26238778,SHREY RAJENDRA PUROHIT,96.0863666,63.4876968,55.67,78.83,0,NORMAL,
3968,EN26276388,KASHISH DHARIWAL,96.0854308,,87.0,94.6,0,NORMAL,
3969,EN26121465,ARNAV HEMANT TALMALE,96.0854308,98.03989,82.0,94.2,0,NORMAL,
3970,EN26288699,AADITYA VISHWAMBHAR PANDEY,96.0727202,97.8054608,67.0,91.83,0,NORMAL,
3971,EN26221111,SRUSHTI SANJAY KALE,96.0727202,99.7768802,88.0,97.0,0,NORMAL,
3972,EN26333547,PIYUSH ABHIJEET GADGUL,96.0727202,99.2967602,82.33,95.8,0,NORMAL,
3973,EN26106890,CHINMAY SANDIP PIMPLE,96.0727202,88.5637068,60.0,81.8,0,NORMAL,
3974,EN26121862,VEDANT SHRIDHAR BHOR,96.0727202,99.5915061,79.0,88.33,0,NORMAL,
3975,EN26238841,ANSHULA DILIP LAHOLE,96.0727202,98.4497019,86.0,97.2,0,NORMAL,
3976,EN26174951,KUSHAL AMOL PATIL,96.0727202,82.6245527,63.67,93.0,0,NORMAL,
3977,EN26148448,KRITI SINGH,96.0727202,98.1734676,87.33,91.4,0,NORMAL,
3978,EN26142039,SAGAR DINESH SHROFF,96.0657167,97.4319413,75.0,92.83,0,NORMAL,
3979,EN26254850,SAMIR PRAVIN SONAWANE,96.0657167,94.4673823,74.0,88.8,0,NORMAL,
3980,EN26295629,SONAL DATTATRAY KANUKALE,96.0657167,99.6976887,89.33,97.2,0,NORMAL,
3981,EN26394267,DIVEN JIGGAR SAVLA,96.0657167,99.9029541,82.67,95.5,0,NORMAL,
3982,EN26335929,TATVAJ SANJAY BHANGE,96.0657167,98.4154992,84.33,92.14,0,NORMAL,
3983,EN26121309,ADITYA AJIT PAWAR,96.053363,99.389234,79.0,93.0,0,NORMAL,
3984,EN26343188,DHAWAL JAGTAP,96.053363,98.7089833,80.67,96.0,0,NORMAL,
3985,EN26103490,AVANI RAKESH KOTHARI,96.053363,,89.0,87.83,0,NORMAL,
3986,EN26229966,ARNAV AMOL THAKARE,96.053363,99.1344285,95.33,98.8,0,NORMAL,
3987,EN26204461,ASHISH BHAT,96.053363,,73.67,92.0,0,NORMAL,
3988,EN26392590,RIYA NITESH GUPTA,96.0478766,99.6484642,90.67,94.1,0,NORMAL,
3989,EN26272545,RUDRA SACHIN CHOREY,96.0478766,99.1062802,86.33,93.0,0,NORMAL,
3990,EN26246914,PRIYANKA GOSWAMI,96.0478766,,84.0,95.6,0,NORMAL,
3991,EN26434837,AARYAN SANTOSH GARADE,96.0478766,33.9583652,39.0,71.8,0,NORMAL,
3992,EN26454395,NAYAN KHEMANI,96.0478766,96.882885,85.0,91.2,0,NORMAL,
3993,EN26101548,SHAIKH MOHAMMADAHEMAD MUJIB,96.0471573,98.7429314,72.33,98.8,0,NORMAL,
3994,EN26145383,VANI LAKSHMINARAYANAN,96.0471573,99.5311735,89.0,96.9,0,NORMAL,
3995,EN26216363,PIYUSH SHITAL DHOOT,96.0471573,98.0683302,75.0,96.6,0,NORMAL,
3996,EN26183798,BHAIRAVI AVINASH DHAVALE,96.0471573,98.7857913,86.0,95.5,0,NORMAL,
3997,EN26115153,SHUBHAM ARUN HARISHCHANDRE,96.0471573,76.468112,61.33,92.4,0,NORMAL,
3998,EN26342485,ANUSHKA DILIP SANGLE,96.0471573,96.1046695,78.33,94.8,0,NORMAL,
3999,EN26269929,ADITI SANDEEP GHAWALI,96.0450197,97.6103268,89.0,98.2,0,NORMAL,
4000,EN26369206,DEVDATTA PRADEEP CHECHARE,96.0450197,98.3467382,82.67,87.0,0,NORMAL,
4001,EN26126460,SUBODH MANISH DEOGHARE,96.0450197,97.8188113,84.33,92.5,0,NORMAL,
4002,EN26182046,ISHAAN MOLOY MANNA,96.0450197,99.6064496,92.67,95.6,0,NORMAL,
4003,EN26410411,ATHARVA BHAGWAN SATHE,96.0397935,99.1326609,77.0,93.4,0,NORMAL,
4004,EN26182301,AASHI VINIT PODDAR,96.0397935,99.4772864,95.33,96.83,0,NORMAL,
4005,EN26222161,YASH KANHAIYA LALWANI,96.0397935,98.8698563,78.0,91.8,0,NORMAL,
4006,EN26105896,JAY HARSH SAHASRABUDHE,96.0397935,98.6898385,85.0,92.2,0,NORMAL,
4007,EN26350875,RAJ YOGESH PATIL,96.0329303,94.772118,74.67,88.8,0,NORMAL,
4008,EN26141650,SANIA DHANANJAY RAUT,96.0329303,99.2975956,90.33,97.66,0,NORMAL,
4009,EN26100753,NISHANT OMPRAKASH YADAV,96.0329303,99.5344145,81.67,89.83,0,NORMAL,
4010,EN26267705,SWARAJ HANSRAJ BIRADAR,96.0329303,98.7772214,84.33,94.33,0,NORMAL,
4011,EN26372804,NAMAN AGRAWAL,96.0329303,,88.67,94.0,0,NORMAL,
4012,EN26296771,ATHARVA SANTOSH GIRI,96.0329303,99.75112,89.0,92.8,0,NORMAL,
4013,EN26395030,SOHAM RAMCHANDRA CHOPADE,96.0329303,98.1066,83.0,89.83,0,NORMAL,
4014,EN26275829,ADITYA AJAY CHAUDHARI,96.0232715,99.7768802,90.0,94.8,0,NORMAL,
4015,EN26313461,VIRKAPALE VAISHNAVI MAHADEV,96.0232715,98.9208633,98.11,99.6,0,NORMAL,
4016,EN26244272,ARNAV AARYA,96.0232715,,75.67,89.0,0,NORMAL,
4017,EN26171730,PREET AMITKUMAR SAPARIYA,96.0232715,99.654192,76.0,96.0,0,NORMAL,
4018,EN26178409,ISHANT AJAY DAMBALE,96.0232715,99.530649,85.67,88.0,0,NORMAL,
4019,EN26325358,YUSUF JAVED AHMAD SHAIKH,96.0232715,97.3971254,77.67,79.2,0,NORMAL,
4020,EN26409687,TEJAS SUNIL MAHAMULKAR,96.0232715,96.8936433,89.33,95.8,0,NORMAL,
4021,EN26326795,PARAS RAJESH BHISIKAR,96.0232715,99.1952467,91.67,95.0,0,NORMAL,
4022,EN26285415,GANESH SANTOSH KENDRE,96.0220547,97.9141813,75.67,91.4,0,NORMAL,
4023,EN26207645,TAHA RAMPURAWALA,96.0220547,98.003413,85.0,89.66,0,NORMAL,
4024,EN26292438,ATHARVA MAHESH PADWAL,96.0220547,95.4397519,76.67,95.2,0,NORMAL,
4025,EN26343930,SARVADNYA GOPAL PATIL,96.0220547,99.6293749,85.67,88.8,0,NORMAL,
4026,EN26147482,VEDANT PRAVIN SHINDE,96.0220547,87.8605935,55.0,84.16,0,NORMAL,
4027,EN26250673,SHARDUL SANJAY JANGAM,96.0220547,98.7789518,75.33,92.0,0,NORMAL,
4028,EN26288881,SOHAM SHAILENDRA SHIRBHATE,96.0220547,98.1483638,79.67,92.4,0,NORMAL,
4029,EN26375086,YASH MAHADEV SANSARE,96.0220547,92.1611438,78.33,95.6,0,NORMAL,
4030,EN26448685,PRANAV KISHAN BHANGE,96.0220547,96.6963838,76.0,93.83,0,NORMAL,
4031,EN26389981,SHREYA SINGH,96.0181901,98.797718,91.67,95.6,0,NORMAL,
4032,EN26391886,AAKASH VERMA,96.0181901,,90.67,93.66,0,NORMAL,
4033,EN26176686,ISHAN KAMAL PURSNANI,96.0181901,99.0185018,81.67,94.33,0,NORMAL,
4034,EN26111686,SHIVAM GURUDATTA TELANGE,96.0181901,98.7035739,85.33,94.6,0,NORMAL,
4035,EN26432764,AMAR ASHOK AHER,96.0181901,97.4167804,95.33,94.6,0,NORMAL,
4036,EN26364595,HARSH NAGNATH BHADANGE,96.0181901,98.7301256,83.0,95.4,0,NORMAL,
4037,EN26397657,POLAS ANUSHKA SUNIL,96.0181901,,64.33,96.4,0,NORMAL,
4038,EN26374693,SARVESH SANJAY UNDE,96.0181901,98.1021539,77.67,93.6,0,NORMAL,
4039,EN26183638,THEJAS KRISHNA DAVID VILLADARES VALSALA,96.0181901,97.1170545,84.0,85.0,0,NORMAL,
4040,EN26147553,ASMITA PRAKASH SHINDE,96.0181901,99.2629362,76.0,91.8,0,NORMAL,
4041,EN26230464,ARYA PRASHANT PIMPALE,96.0063703,99.4582733,82.33,95.33,0,NORMAL,
4042,EN26138825,ARCHIT JHA,96.0063703,94.3667284,76.33,93.0,0,NORMAL,
4043,EN26168583,SHIVKUMAR KAPIL KAREWAD,96.0063703,98.4599733,71.33,88.0,0,NORMAL,
4044,EN26109744,JITENDRA BUDHARAM CHOUDHARY,96.0063703,96.3008972,66.33,83.4,0,NORMAL,
4045,EN26336021,ARYAN MEHUL SHAH,96.0063703,98.5213678,86.0,95.16,0,NORMAL,
4046,EN26180395,KAIRAV DEEPAK JAIN,96.0063703,97.8063117,67.0,94.0,0,NORMAL,
4047,EN26465325,RAJIV NARENDRA MANKANI,96.0063703,98.4154992,83.33,92.6,0,NORMAL,
4048,EN26415397,MAITHILI SEWAKRAM PATLE,96.0063703,97.3413057,75.67,94.33,0,NORMAL,
4049,EN26364106,JINTURKAR ANAND SANJAY,96.0063703,,61.33,89.0,0,NORMAL,
4050,EN26142985,PIYUSH DIPAK BHAGADE,96.0063703,94.2691204,78.67,83.4,0,NORMAL,
4051,EN26237185,SHUBH SANDEEP KAMBLE,95.9902648,98.0357905,92.33,90.2,0,NORMAL,
4052,EN26192782,SAKSHI MANIK CHORMALE,95.9902648,97.6882405,81.67,95.2,0,NORMAL,
4053,EN26104427,ADITYA GANESH SONAR,95.9902648,52.9701068,56.67,71.8,0,NORMAL,
4054,EN26218797,SHARVAREE BHALCHANDRA SALUNKHE,95.9902648,98.6704553,82.0,95.2,0,NORMAL,
4055,EN26339665,RAGHWANI BHARGAV KAUSHIKBHAI,95.9872631,,81.0,90.0,0,NORMAL,
4056,EN26109236,SHRAVAN SURESH KALINGAN,95.9872631,98.6218173,81.0,97.8,0,NORMAL,
4057,EN26177828,ATHARVA AGARWALLA,95.9872631,98.9608845,87.33,96.16,0,NORMAL,
4058,EN26281182,SIDDHARTH DATTATRAY BHAPKAR,95.9872631,99.7282705,84.67,92.4,0,NORMAL,
4059,EN26482991,AMAN RAJ,95.9872631,,85.67,89.66,0,NORMAL,
4060,EN26186963,ATHARVA SUDHAKAR TINGRE,95.9872631,94.775364,91.0,96.2,2,MEDIUM,CET_vs_HSC: CET is LOWER than expected by 58 rank pts; CET_vs_HSC_SSC: CET is LOWER than expected by 60 rank pts
4061,EN26129462,ATHARVA PRAMOD SALUNKE,95.9872631,97.7777778,77.67,86.2,0,NORMAL,
4062,EN26296207,DHWIJ MONTU SURATI,95.9872631,99.4403921,84.33,96.83,0,NORMAL,
4063,EN26123089,MAKHIJA KANISHQ PANKAJ,95.9870693,69.3900327,43.67,72.2,0,NORMAL,
4064,EN26277356,KARTIKEY JITENDRA PATIL,95.9870693,98.9760049,76.67,94.0,0,NORMAL,
4065,EN26108517,SAMYAK DHIRAJ SURANA,95.9870693,99.1394332,86.33,93.0,0,NORMAL,
4066,EN26331678,HARDIK GULATI,95.9870693,88.4226013,81.33,95.0,0,NORMAL,
4067,EN26295795,ADITYA DATTATRAY SAPATE,95.9870693,98.8054787,89.0,97.2,0,NORMAL,
4068,EN26182646,JASNEH SINGH BHATIA,95.9846011,98.8869054,82.33,95.8,0,NORMAL,
4069,EN26227836,AASHUTOSH PATHAK,95.9846011,,83.0,92.0,0,NORMAL,
4070,EN26484139,DIVYA GOYAL,95.9846011,,81.67,92.6,0,NORMAL,
4071,EN26166596,SANVEE SHIRISH GHEWARE,95.9846011,96.9836582,79.0,97.2,0,NORMAL,
4072,EN26245248,SANSKAR SATISH PATIL,95.9846011,99.5302977,89.33,96.0,0,NORMAL,
4073,EN26100023,KRISHNA KANT SINGH,95.9846011,,70.67,95.6,0,NORMAL,
4074,EN26274130,ARYAN PRADEEP TARATE,95.9846011,99.2177086,92.0,95.2,0,NORMAL,
4075,EN26150856,NEERAJ SUJIT PAWAR,95.9846011,98.2171021,86.0,94.33,0,NORMAL,
4076,EN26252010,VAIBHAV DHANANJAY MANE,95.9803204,99.7935764,77.0,93.4,0,NORMAL,
4077,EN26176635,VEDANT GOPIKRISHNA DABI,95.9803204,98.8869054,79.0,89.2,0,NORMAL,
4078,EN26133893,ISHANT AJAY MOREY,95.9803204,99.5239595,82.33,94.2,0,NORMAL,
4079,EN26110453,AMRITANSH YADAV,95.9803204,,70.33,79.33,0,NORMAL,
4080,EN26124820,SOHAM ARUN PAWAR,95.9803204,96.4449717,87.0,92.8,0,NORMAL,
4081,EN26203537,AARUSH MAHESHWARI,95.9803204,98.3688614,74.33,94.4,0,NORMAL,
4082,EN26248914,NAMIT RAVINDRA PATIL,95.9803204,96.6879243,70.33,92.4,0,NORMAL,
4083,EN26143721,BHAVESH NANHELAL GUPTA,95.9803204,98.6218173,81.0,86.2,0,NORMAL,
4084,EN26100682,VARAD RAJAN PARAB,95.9803204,99.9119853,95.0,96.8,0,NORMAL,
4085,EN26369044,VANSH JATIN SHAH,95.9803204,99.5460666,88.67,96.5,0,NORMAL,
4086,EN26235580,KHUSHAL MALI,95.9779877,58.235114,49.33,83.4,0,NORMAL,
4087,EN26150041,OM MANOJ PATEL,95.9779877,98.847481,82.33,95.0,0,NORMAL,
4088,EN26192123,HARI LAXMIKANT MOGARKAR,95.9779877,99.4160243,80.0,95.0,0,NORMAL,
4089,EN26180304,ARYAN KIRANKUMAR HETKAR,95.9779877,99.3520602,92.33,91.66,0,NORMAL,
4090,EN26338259,SATYAM RAJ,95.9779877,,72.67,89.33,0,NORMAL,
4091,EN26334957,PRANJAL SHAHI,95.9779877,92.8590573,74.0,93.2,0,NORMAL,
4092,EN26108133,ANWESHA SINHA,95.9779877,99.6884016,94.33,97.4,0,NORMAL,
4093,EN26128537,YAMANTAK RAJESH KARODPATI,95.9779877,98.5426548,90.33,87.83,0,NORMAL,
4094,EN26370650,ARATI GURUPRASAD JADHAV,95.9681004,97.3163545,76.0,94.4,0,NORMAL,
4095,EN26101163,ABHEEK TAPASKUMAR SANTRA,95.9681004,,71.67,93.0,0,NORMAL,
4096,EN26171506,ADEEP AMIT MODI,95.9681004,98.7422717,81.67,93.0,0,NORMAL,
4097,EN26264300,SHRAVAN ANANT RODE,95.9681004,98.775117,74.33,96.0,0,NORMAL,
4098,EN26177294,RAI MUKUND ANIL,95.9681004,98.03989,65.0,91.8,0,NORMAL,
4099,EN26159467,YASH DILIP BAGANE,95.9675952,98.0105894,79.33,88.6,0,NORMAL,
4100,EN26228609,ATHARVA ARVIND JANJAL,95.9675952,49.8699585,73.0,80.6,0,NORMAL,
4101,EN26100286,OM YOGESH ABHANG,95.9653646,99.4643752,79.33,95.8,0,NORMAL,
4102,EN26128511,SHRAWAN KRISHNA PATHADE,95.9653646,98.7645051,78.0,88.83,0,NORMAL,
4103,EN26340344,CHOTMURADA BHAVYAM MANISH,95.9653646,98.626659,64.67,92.16,0,NORMAL,
4104,EN26321405,NIKIT YADAV,95.9653646,,91.67,78.6,0,NORMAL,
4105,EN26400950,KRISHNA SINGH,95.9653646,99.2589431,97.0,91.0,0,NORMAL,
4106,EN26171902,PRATYUSH TUSHAR BOROLE,95.9653646,98.6704553,94.67,95.83,0,NORMAL,
4107,EN26244515,MANTHAN DAXESHKUMAR MAHAJAN,95.9482699,,74.78,85.16,0,NORMAL,
4108,EN26107273,AYUSH BRAMHADEO KAKAD,95.9482699,98.2111945,83.67,95.8,0,NORMAL,
4109,EN26254230,DHRUV VISHAL DOSHI,95.9482699,99.9043319,89.0,92.8,0,NORMAL,
4110,EN26245783,GAURAV HANJOORA,95.9482699,,90.33,92.4,0,NORMAL,
4111,EN26108642,VIDHISH PRAVIN MANTRI,95.9482699,99.3471433,85.0,94.0,0,NORMAL,
4112,EN26446915,VAIBHAV JIGARBHAI PATEL,95.9482699,96.8875086,79.0,90.8,0,NORMAL,
4113,EN26144007,MEDH RAJESHIRKE,95.9482699,98.644371,86.0,79.0,0,NORMAL,
4114,EN26371857,OM ANIL PAWAR,95.9482699,96.7828418,89.0,90.4,0,NORMAL,
4115,EN26295767,SAHIL BHIVAJI PAWAR,95.9482699,98.4399761,78.0,90.8,0,NORMAL,
4116,EN26121356,RASHESH AGARWAL,95.9482699,98.6166496,95.0,92.83,0,NORMAL,
4117,EN26281809,SURAJKUMAR NITIN SALGUDE,95.9482699,99.8966191,82.67,94.0,0,NORMAL,
4118,EN26264336,SHRADDHA PANDURANG BHOLE,95.9444757,99.0524224,75.33,92.8,0,NORMAL,
4119,EN26335248,SHIVRAJ SUMEET SHITOLE,95.9444757,99.2474239,75.33,93.4,0,NORMAL,
4120,EN26462679,VIBHURAJ PURUSHOTTAM DESHMUKH,95.9444757,97.9285523,79.0,89.83,0,NORMAL,
4121,EN26356962,ARSH HARUN KORBU,95.9444757,97.5014998,78.0,93.2,0,NORMAL,
4122,EN26344873,RASHI MADHURIMA BASKIYAR,95.9444757,,88.67,94.33,0,NORMAL,
4123,EN26155498,HASHIR AHMAD SALEH REHAN ANSARI,95.9416329,99.2014366,78.33,92.0,0,NORMAL,
4124,EN26275047,DARSH HEMANTKUMAR RAUT,95.9416329,98.174902,77.67,96.6,0,NORMAL,
4125,EN26365590,AMAN ANWAR BANDUKIYA,95.9416329,96.1362324,83.0,89.8,0,NORMAL,
4126,EN26271381,NINAD SHASHIKANT AGHAO,95.9370893,98.6186186,65.0,92.0,0,NORMAL,
4127,EN26247446,ANUSHKA SOMNATH POL,95.9370893,99.9857758,96.0,97.6,0,NORMAL,
4128,EN26184437,RISHIK SACHIN CHAUDHARI,95.9370893,99.1591592,91.33,94.33,0,NORMAL,
4129,EN26132268,HARSH RAVINDRA TEKADE,95.9370893,99.8016908,79.0,94.4,0,NORMAL,
4130,EN26155373,SWARNIL NILESH INGLE,95.9370893,95.6991467,82.33,92.2,0,NORMAL,
4131,EN26124818,MASNE PRATHMESH RAJESH,95.9366249,99.0471821,70.33,83.6,0,NORMAL,
4132,EN26329492,JAY JAGDISH PATEL,95.9366249,98.204189,86.67,91.4,0,NORMAL,
4133,EN26140730,KAUSTUBH LILADHAR TARARE,95.9366249,98.5168677,85.0,92.66,0,NORMAL,
4134,EN26153532,PULKIT VIJAY FULWANI,95.9366249,99.0273676,68.33,93.6,0,NORMAL,
4135,EN26146926,AADRIKA SINGH GOUR,95.9366249,99.2474239,91.67,97.16,0,NORMAL,
4136,EN26141317,SHANAIA DSOUZA,95.9366249,98.4599733,92.33,97.2,0,NORMAL,
4137,EN26209888,HARSHVARDHAN BALAJI KENDRE,95.9366249,50.5512969,58.67,97.4,0,NORMAL,
4138,EN26425037,GIRISH RAJU BHAGAT,95.9366249,98.8167764,72.0,94.33,0,NORMAL,
4139,EN26333284,ADWAIT AVINASH GANJARE,95.9366249,88.9445493,71.33,86.4,0,NORMAL,
4140,EN26352420,SNEHAL ABASAHEB GHUGE,95.9366249,96.5544399,84.67,99.6,0,NORMAL,
4141,EN26186708,NEEV JITESH JAIN,95.9275523,99.0444765,78.0,94.6,0,NORMAL,
4142,EN26262886,RUTURAJ SANDIP DESHMUKH,95.9275523,98.5404249,76.33,94.6,0,NORMAL,
4143,EN26113134,TANMAY DEEPAK KHOBARE,95.9275523,99.7173644,73.33,90.4,2,MEDIUM,CET_vs_HSC: CET is HIGHER than expected by 57 rank pts; CET_vs_HSC_SSC: CET is HIGHER than expected by 60 rank pts
4144,EN26102735,NILAY JAISWAL,95.9275523,99.3667343,95.67,90.8,0,NORMAL,
4145,EN26361490,VEDANT CHANDRAKANT CHAVAN,95.9275523,97.1835994,68.0,89.0,0,NORMAL,
4146,EN26385788,DEOGHARE CHAITANYA YOGESH,95.9275523,93.9346395,76.33,88.83,0,NORMAL,
4147,EN26281234,SWAROOP NILESH YEOLE,95.9275523,97.0949449,75.0,95.2,0,NORMAL,
4148,EN26391515,SAACHI SAKET TIWARI,95.9275523,99.2439457,87.33,94.8,0,NORMAL,
4149,EN26242965,VAISHNAVI YUVRAJ KATKURE,95.9275523,98.1066,72.67,96.8,0,NORMAL,
4150,EN26368520,MOIN MOHAMMED SHAHNAWAZ JHOJA,95.9275523,97.2886818,82.67,94.2,0,NORMAL,
4151,EN26154462,SUMEDHA SUHAS MAGDUM,95.9275523,99.2231747,86.33,96.8,0,NORMAL,
4152,EN26440531,JIGYASA RATHORE,95.9275523,,75.67,96.0,0,NORMAL,
4153,EN26183401,HARSHVARDHAN DATTATRAY WAYAL,95.9275523,95.9054033,73.33,100.0,0,NORMAL,
4154,EN26162080,ABHRANIL PAUL,95.9275523,,89.67,94.83,0,NORMAL,
4155,EN26430737,LAWANDE PRANAV SHAHAJI,95.9275523,97.7948817,79.33,96.8,0,NORMAL,
4156,EN26209088,KRUPA RAMKRISHNA PARADKAR,95.9216697,99.9769186,96.0,98.8,0,NORMAL,
4157,EN26122970,ARYAN KETAN ASHRA,95.9216697,99.3685902,76.33,92.6,0,NORMAL,
4158,EN26431650,AARUSH VIJAY JAIN,95.9216697,99.6047295,84.33,94.0,0,NORMAL,
4159,EN26173704,HIMANSHU HEMANT SABAT,95.9216697,99.389234,91.67,94.0,0,NORMAL,
4160,EN26396746,AMAN AMIT GUPTA,95.9216697,,83.33,89.2,0,NORMAL,
4161,EN26159724,CHRIS EDMOND DIAS,95.9216697,97.7035859,81.0,91.8,0,NORMAL,
4162,EN26105090,ADITYA NARAYAN DEB,95.9216697,97.5899394,85.0,90.0,0,NORMAL,
4163,EN26209399,GAURAV TAYDE,95.9216697,86.564971,64.67,76.33,0,NORMAL,
4164,EN26443574,AYUSH KUMAR,95.9216697,99.2854994,87.0,93.5,0,NORMAL,
4165,EN26405436,SHREEKRUSHNA SANJAY CHITALE,95.9216697,99.2374051,92.67,94.2,0,NORMAL,
4166,EN26412292,VIVAANSH SHARMA,95.9031453,97.5497917,79.67,90.16,0,NORMAL,
4167,EN26270531,JANVI SANJAY RAJANI,95.9031453,99.2374051,65.67,93.6,0,NORMAL,
4168,EN26366610,SARA PRAVINCHANDRA TANTARPALE,95.9031453,98.612814,86.67,96.6,0,NORMAL,
4169,EN26467481,YUVRAJ RAJESH PANDEY,95.9031453,98.7883959,84.0,97.66,0,NORMAL,
4170,EN26203807,CHOUDHARI HARSH PRASHANT,95.9031453,99.1264191,79.0,93.0,0,NORMAL,
4171,EN26449047,SHRIRAJ SAGAR SALUNKHE,95.9031453,70.9390112,53.0,72.0,0,NORMAL,
4172,EN26245292,CHIRANJEEVI MUKESH SOMANE,95.9031453,99.8509858,87.67,96.66,0,NORMAL,
4173,EN26361426,SHINKAR SHREYASH PANDURANG,95.9031453,98.976603,87.0,91.4,0,NORMAL,
4174,EN26359045,KRUNAL ANIL CHAUDHARI,95.8837149,98.3419888,83.0,93.4,0,NORMAL,
4175,EN26232026,DALVI SAHIL VISHWAS,95.8837149,99.1415633,79.33,93.6,0,NORMAL,
4176,EN26124258,SARTH CHETAK MAHAJAN,95.8837149,99.4684566,77.0,96.8,0,NORMAL,
4177,EN26243531,TUNAV BIPINCHANDRA CHAUDHARI,95.8837149,99.889579,92.67,93.0,0,NORMAL,
4178,EN26485713,SAKSHI BARNWAL,95.8837149,,86.0,93.0,0,NORMAL,
4179,EN26337915,PANDEY ANSHIKA GAGAN,95.8837149,96.1559696,73.33,88.8,0,NORMAL,
4180,EN26467686,PRATIKSHA UPADHYAY,95.8837149,,93.33,98.33,0,NORMAL,
4181,EN26251321,NIDHI PARAG BHAMARE,95.8837149,95.9271498,86.0,95.66,0,NORMAL,
4182,EN26430987,SARVESH DATTATRAY NAKHATE,95.8776445,74.6516923,43.67,92.0,0,NORMAL,
4183,EN26236622,SARTHAK SANJAY TAYSHETE,95.8776445,97.9285523,69.0,97.4,0,NORMAL,
4184,EN26206863,JADHAV HRISHIKESH ASHOK,95.8776445,97.9285034,71.0,92.4,0,NORMAL,
4185,EN26398489,SHIVAM SANTOSH SURANA,95.8776445,95.7279024,61.33,88.6,0,NORMAL,
4186,EN26404057,OMKAR PURUSHOTTAM DHARMADHIKARI,95.8776445,99.3685902,89.0,93.2,0,NORMAL,
4187,EN26158041,KHUSHI ASHISH SHARMA,95.8776445,98.9153784,88.67,98.4,0,NORMAL,
4188,EN26100495,SHRUTI PRAVIN CHAVAN,95.8776445,98.2986841,85.0,94.0,0,NORMAL,
4189,EN26165973,RISHIRAJ SINGH DASHMESH SINGH SETHI,95.8776445,53.7903103,57.67,91.0,0,NORMAL,
4190,EN26329674,ANIRUDDH DATTATRAYA KHUPSE,95.8776445,99.5915061,71.33,86.2,2,MEDIUM,CET_vs_HSC: CET is HIGHER than expected by 55 rank pts; CET_vs_HSC_SSC: CET is HIGHER than expected by 61 rank pts
4191,EN26153835,ATHARVA BAKALE,95.8776445,98.8016073,90.33,94.0,0,NORMAL,
4192,EN26116387,SARTHAK VISHWAS PHADTARE,95.8776445,99.0135423,85.33,89.66,0,NORMAL,
4193,EN26270888,SYED KASHIF SYED MUJEEB AHMED,95.8776445,98.3688614,68.33,93.2,0,NORMAL,
4194,EN26120428,ADITYA SANDIP JAGTAP,95.8776445,97.2950127,76.67,94.8,0,NORMAL,
4195,EN26221190,VEDANT SUKHDEO RATHOD,95.8753067,95.7888266,93.33,92.2,1,LOW,CET_vs_HSC: CET is LOWER than expected by 58 rank pts
4196,EN26436775,YASH RAVINDRA JADHAV,95.8753067,78.5981492,39.67,82.8,0,NORMAL,
4197,EN26408357,TANMAY NARENDRA CHIKHALE,95.8753067,98.4223551,81.67,93.2,0,NORMAL,
4198,EN26130250,YOHAAN JYOTIL MANKAD,95.8753067,99.3268652,64.0,89.6,1,LOW,CET_vs_HSC_SSC: CET is HIGHER than expected by 53 rank pts
4199,EN26106554,ANANYA DUTTA,95.8753067,99.2629362,91.33,97.6,0,NORMAL,
4200,EN26371044,SHREYASH NILESH PATIL,95.8753067,99.2799835,81.67,93.0,0,NORMAL,
4201,EN26192060,PRATHAMESH PARMESHWAR SURYAWANSHI,95.8753067,91.2329425,78.33,85.8,0,NORMAL,
4202,EN26430293,CHINMAY VISHWAS JOSHI,95.873369,99.0597598,86.33,96.5,0,NORMAL,
4203,EN26276363,AJINKYA DIPAK PATIL,95.873369,99.4643752,88.0,90.6,0,NORMAL,
4204,EN26165718,ARKA ARUN NANDI,95.873369,99.844726,92.33,96.4,0,NORMAL,
4205,EN26414028,MEDHANSH SRIVASTAVA,95.873369,,71.67,84.8,0,NORMAL,
4206,EN26333528,OM RAJU DHAWALI,95.873369,96.8036058,68.33,88.4,0,NORMAL,
4207,EN26278121,VED RAJESH MAHADIK,95.873369,96.4812287,73.33,90.16,0,NORMAL,
4208,EN26285035,SHABDALI SUBHASH KOLI,95.873369,98.1734808,74.67,95.8,0,NORMAL,
4209,EN26294698,AGRAWAL VAISHNAVI DINESH,95.873369,96.9819768,83.67,96.4,0,NORMAL,
4210,EN26170045,MADHUR KUMAR SINGH,95.873369,97.6720144,93.0,98.33,0,NORMAL,
4211,EN26251747,VYANKATESH VIJAYKUMAR TARE,95.873369,99.29068,81.0,93.0,0,NORMAL,
4212,EN26204284,MADDEWAD PRATHMESH HARISHCHANDRA,95.873369,18.2784396,61.67,85.8,0,NORMAL,
4213,EN26201243,ANKURPURI SHANKARPURI GOSAVI,95.873369,99.4434527,87.33,97.6,0,NORMAL,
4214,EN26136769,SIDDHANT KUMAR SINGH,95.873369,96.4373935,90.0,86.0,0,NORMAL,
4215,EN26447711,SHANTANU HARISH BRAHMANKAR,95.873369,94.4673823,94.33,93.0,2,MEDIUM,CET_vs_HSC: CET is LOWER than expected by 64 rank pts; CET_vs_HSC_SSC: CET is LOWER than expected by 58 rank pts
4216,EN26128917,YATHARTH MITTAL,95.873369,99.6976887,90.0,98.2,0,NORMAL,
4217,EN26275054,TANNMAY MANJUNATHA POOJARI,95.873369,99.3988671,83.67,94.4,0,NORMAL,
4218,EN26280180,SARTHAK SANDIP BOBADE,95.873369,98.8328486,75.0,87.6,0,NORMAL,
4219,EN26195193,TANDALE NIHAR SUNIL,95.873369,99.365046,82.67,93.0,0,NORMAL,
4220,EN26437939,NAKSHATRA ARORA,95.8687928,99.365046,84.33,95.33,0,NORMAL,
4221,EN26250666,AVISHKAR GOVINDA HAGE,95.8687928,98.6607658,69.33,87.83,0,NORMAL,
4222,EN26203824,ARPIT MRIDUL RAI,95.8687928,,50.0,69.16,0,NORMAL,
4223,EN26248081,AJINKYA SANJAY BASAIYE,95.8687928,98.5373609,87.67,95.8,0,NORMAL,
4224,EN26293327,MANDLIK SAMRAJ SURAJ,95.8687928,94.8431909,79.33,95.2,0,NORMAL,
4225,EN26430528,JAYDEEP GANESH GUNJAL,95.8687928,,66.0,93.8,0,NORMAL,
4226,EN26154989,DEVESH BENIWAL,95.8682413,99.8591401,87.33,91.8,0,NORMAL,
4227,EN26199555,SHAAN SHRAVAN JADHAV,95.8682413,96.9012685,65.67,85.2,0,NORMAL,
4228,EN26235076,VIIDVAIDSINGH MADANSINGH SHEKHAWAT,95.8682413,98.953411,78.67,93.2,0,NORMAL,
4229,EN26125290,AYUSH DIPAK CHAUDHARI,95.8682413,96.8804098,81.33,78.5,0,NORMAL,
4230,EN26318628,SAMIKSHA HARISH BARVE,95.8682413,99.7464074,88.67,91.5,0,NORMAL,
4231,EN26131895,ABHYUDAY MADHAVRAO PATIL,95.8682413,99.1888167,83.33,95.16,0,NORMAL,
4232,EN26291993,SWARA SANJAY DESAI,95.8682413,98.6208828,82.33,94.6,0,NORMAL,
4233,EN26405913,KAVYA BIPEEN PATIL,95.8682413,97.5124204,76.67,92.6,0,NORMAL,
4234,EN26283681,KALPIT BALU TILEKAR,95.8682413,99.2967602,78.33,83.2,0,NORMAL,
4235,EN26154283,PARAM MUKESH GIND,95.8648481,99.3943022,62.67,84.0,1,LOW,CET_vs_HSC_SSC: CET is HIGHER than expected by 59 rank pts
4236,EN26490296,CHARUDHI DHARAMPURIA,95.8648481,,85.67,87.0,0,NORMAL,
4237,EN26222206,MUHAMMED RAYAN MUHAMMED SHAKEEL SHAIKH,95.8648481,97.8881988,81.33,92.33,0,NORMAL,
4238,EN26340127,GATTU SHASHIKANTH,95.8606489,,97.67,92.16,0,NORMAL,
4239,EN26368148,HIMANSHU ASHOK PANDAGALE,95.8606489,98.570253,78.0,83.6,0,NORMAL,
4240,EN26141210,ISHAAN KIRAN AROTE,95.8606489,99.0212323,90.33,96.6,0,NORMAL,
4241,EN26119311,KEYA MANOCHA,95.8606489,99.5198831,91.67,95.9,0,NORMAL,
4242,EN26128878,DHVANI DIVYESH KATHROTIYA,95.8606489,98.3798345,80.33,92.5,0,NORMAL,
4243,EN26162309,GHODKE OMKAR YUVRAJ,95.8606489,99.5885253,69.67,93.4,2,MEDIUM,CET_vs_HSC: CET is HIGHER than expected by 57 rank pts; CET_vs_HSC_SSC: CET is HIGHER than expected by 54 rank pts
4244,EN26304290,SUHAN FIROJ TAMBOLI,95.8603412,96.6966757,85.33,95.2,0,NORMAL,
4245,EN26162776,ARCHI JAIN,95.8603412,,74.0,95.2,0,NORMAL,
4246,EN26465419,HARSHWARDHAN SHERAWAT,95.8603412,,82.67,91.83,0,NORMAL,
4247,EN26270761,YASHSHRI SANDIP KHOKLE,95.8603412,98.9722983,94.33,97.6,0,NORMAL,
4248,EN26203153,SARVADNYA PRADEEP PATIL,95.8603412,98.7923974,85.33,93.83,0,NORMAL,
4249,EN26293633,ARYA ANAND TAWDE,95.8603412,97.3781998,76.33,96.0,0,NORMAL,
4250,EN26180142,ATHARV GUPTA,95.8556674,98.7819872,88.67,91.16,0,NORMAL,
4251,EN26193033,PRANJAL JAYPRAKASH MOJAD,95.8556674,95.9544923,71.33,96.4,0,NORMAL,
4252,EN26106003,SRUJANI SACHIN SWAMI,95.8556674,97.8978979,82.33,98.6,0,NORMAL,
4253,EN26142005,SAGAR SHRAVAN MAGDUM,95.8556674,98.2452519,72.67,90.0,0,NORMAL,
4254,EN26442407,CHIRAYU PARIMAL AGRAWAL,95.8556674,76.3324995,71.0,90.2,0,NORMAL,
4255,EN26168171,UTKARSH NILESH ASAWAR,95.8556674,99.6982788,89.33,94.66,0,NORMAL,
4256,EN26421262,DNYANESHWARI VIJAY NIKAM,95.8556674,92.4132948,88.0,93.5,1,LOW,CET_vs_HSC: CET is LOWER than expected by 56 rank pts
4257,EN26280462,SHAUNAK SHYAM KULKARNI,95.8540918,93.757466,79.67,94.16,0,NORMAL,
4258,EN26432234,ADITI MAKARAND VIKHE,95.8540918,96.3722342,71.33,98.6,0,NORMAL,
4259,EN26300578,ROHIT REWANI,95.8540918,,92.0,96.83,0,NORMAL,
4260,EN26203568,ATHARVA NILESH PATIL,95.8540918,98.6704553,74.0,91.6,0,NORMAL,
4261,EN26397386,SAURABH KESHAODAS KOTRANGE,95.8540918,97.4288016,67.33,95.8,0,NORMAL,
4262,EN26410879,ARNAV VINAY SANGHAVI,95.8454324,97.5478847,72.67,93.4,0,NORMAL,
4263,EN26153318,SIDDHESH DIPAK THORAT,95.8454324,98.7089833,71.33,91.2,0,NORMAL,
4264,EN26119868,DAKSH TUSHAR VAIDYA,95.8454324,99.7809882,83.67,97.0,0,NORMAL,
4265,EN26158704,AARAV VIRAL GANDHI,95.8454324,99.2434663,88.33,97.83,0,NORMAL,
4266,EN26351663,DHAKNE ADITYA SUSHIL,95.8454324,98.4666744,90.67,93.4,0,NORMAL,
4267,EN26279574,JORVEKAR ATHARV NAVNATH,95.8454324,95.9065146,68.0,95.6,0,NORMAL,
4268,EN26296269,SAKSHI AJAY MHETAR,95.8454324,97.9285034,75.33,96.2,0,NORMAL,
4269,EN26409300,ADVAY PANKAJ DESHMUKH,95.8454324,97.545444,81.67,94.0,0,NORMAL,
4270,EN26200705,AYUSH PRAKASH VIBHUTE,95.8454324,98.1552237,78.33,90.8,0,NORMAL,
4271,EN26414221,SHRAVANI AMAR THALE,95.8397026,95.7868519,77.67,98.8,0,NORMAL,
4272,EN26440397,DIVA LADDHA,95.8397026,97.4319413,94.33,95.33,0,NORMAL,
4273,EN26174877,VEDIKA TIWARI,95.8397026,98.7223398,94.67,97.5,0,NORMAL,
4274,EN26424181,PRIYANSHU SINHA,95.8397026,,80.33,94.0,0,NORMAL,
4275,EN26149388,VEDANT PRAVIN RISHI,95.8378383,57.0070614,49.33,79.6,0,NORMAL,
4276,EN26360649,PARTH RAJESH BHAGWAT,95.8378383,98.9695496,87.33,97.0,0,NORMAL,
4277,EN26218409,KABIR SIDDHARTH TATED,95.8378383,99.2069983,84.0,94.0,0,NORMAL,
4278,EN26114533,MAULIK GUPTA,95.8378383,99.0772294,92.0,96.6,0,NORMAL,
4279,EN26117123,MOHIT DEEPAK PATIL,95.8378383,98.8353329,80.67,85.0,0,NORMAL,
4280,EN26393588,BHAD SHRIKANT MACHINDRA,95.8378383,,77.67,56.33,0,NORMAL,
4281,EN26158349,SHREYAS BARIK,95.8378383,97.624379,80.0,91.0,0,NORMAL,
4282,EN26315118,ANVIKSHA BHAGWANSING RAJPUT,95.8292093,98.4569438,82.0,94.6,0,NORMAL,
4283,EN26246850,TANISH MANGESH PATHARE,95.8292093,98.4842236,65.0,93.66,0,NORMAL,
4284,EN26365745,SHUBHAM PUNITBHAI DOSHI,95.8292093,,89.22,94.66,0,NORMAL,
4285,EN26353549,SAKSHI ANANDRAO PAWAR,95.8292093,98.9695496,68.67,92.2,0,NORMAL,
4286,EN26189990,PRATIK SANTOSH DAPHAL,95.8292093,99.0686935,90.0,94.6,0,NORMAL,
4287,EN26447793,PIYUSH PRADIP KAWANE,95.8292093,99.5929444,80.0,95.33,0,NORMAL,
4288,EN26309913,ANANYA PARAG KULKARNI,95.8292093,99.1510977,78.0,94.0,0,NORMAL,
4289,EN26100423,PRAMOD GOPAL BOBLADE,95.8292093,97.3009495,88.33,89.0,0,NORMAL,
4290,EN26293358,ATHARVA SUNIL PAWAR,95.8165992,74.5525612,50.33,86.6,0,NORMAL,
4291,EN26402573,ASIF KHAJAKABIR INAMADAR,95.8165992,97.6794304,77.33,90.6,0,NORMAL,
4292,EN26386415,RADHA ANAND DHOOT,95.8165992,98.3591071,90.33,99.2,0,NORMAL,
4293,EN26232694,MADHAV KULKARNI,95.8165992,98.5213678,80.33,95.0,0,NORMAL,
4294,EN26239093,APOORVA SACHIT VITANKAR,95.8165992,98.5690295,77.0,91.6,0,NORMAL,
4295,EN26284960,JANHAVI ABHAY OHOL,95.8165992,99.1536834,80.0,96.0,0,NORMAL,
4296,EN26408373,SHINDE AVISHKAR ABHAY,95.8165992,98.4223551,69.33,95.8,0,NORMAL,
4297,EN26333298,HARSHAL POPAT GADADE,95.8025561,90.3271341,59.0,74.6,0,NORMAL,
4298,EN26154633,HARSH KUMAR,95.8025561,,56.67,93.4,0,NORMAL,
4299,EN26451299,VEDANT VARSHNEY,95.8025561,,91.0,95.83,0,NORMAL,
4300,EN26130734,KISHOR KALYANRAO MANE,95.8025561,98.1764569,64.0,95.4,0,NORMAL,
4301,EN26266215,SHREYA SANTOSHKUMAR LOYA,95.8025561,97.3163545,69.33,98.4,0,NORMAL,
4302,EN26162693,SOHAM VILAS MIRGE,95.8025561,98.5144209,84.33,93.4,0,NORMAL,
4303,EN26168991,SARTHAK TEJAS FARKADE,95.8025561,99.271977,82.33,85.8,0,NORMAL,
4304,EN26225056,DEV SAMRIYA,95.8025561,,82.0,88.66,0,NORMAL,
4305,EN26337112,SHRIDHAR NIVAS GURAV,95.8025561,98.0103906,67.0,91.0,0,NORMAL,
4306,EN26213790,SAI JAYANT RAUT,95.8025561,97.5609756,77.33,79.66,0,NORMAL,
4307,EN26184067,MANISH RAOSAHEB DESALE,95.8025561,97.189844,83.33,89.8,0,NORMAL,
4308,EN26445800,HAVISH NAGPAL,95.8025561,99.2589431,92.0,96.5,0,NORMAL,
4309,EN26175482,ADITYA DILIP ARDALKAR,95.7979367,99.398859,88.33,98.0,0,NORMAL,
4310,EN26111417,MANAS SAMEER DUMBRE,95.7979367,99.9923582,79.0,99.2,1,LOW,CET_vs_HSC: CET is HIGHER than expected by 56 rank pts
4311,EN26183778,SARTHAK DEEPAK SALUNKE,95.7979367,99.0131125,80.33,93.6,0,NORMAL,
4312,EN26101818,MOHAMMAD BILAL UBAIDULLAH KHAN,95.7979367,99.8591401,77.0,94.4,2,MEDIUM,CET_vs_HSC: CET is HIGHER than expected by 56 rank pts; CET_vs_HSC_SSC: CET is HIGHER than expected by 53 rank pts
4313,EN26342547,SARTHAK SHRIKANT PATANKAR,95.7979367,97.7035859,71.67,94.2,0,NORMAL,
4314,EN26138585,VEDANT PANKAJ BHAMARE,95.7979367,99.0737525,69.33,92.2,0,NORMAL,
4315,EN26388538,SUJAL KRUSHNA DESHMUKH,95.7979367,92.8241551,54.0,89.0,0,NORMAL,
4316,EN26272490,SHOURYA ANIL PARDESHI,95.7979367,98.5690295,69.0,91.4,0,NORMAL,
4317,EN26430825,SAMARTH MANOJ KOLAGE,95.7979367,98.4431408,71.0,92.0,0,NORMAL,
4318,EN26464708,AARYA KEDAR DEODHAR,95.7739512,99.3737606,87.33,96.8,0,NORMAL,
4319,EN26160495,SHRINIDHI NAMDEV KENDRE,95.7739512,98.545009,77.33,93.33,0,NORMAL,
4320,EN26459942,GIRIDHAR SHANKARRAO MORE,95.7739512,96.6659792,82.33,91.2,0,NORMAL,
4321,EN26284548,NACHIKET TRIVEDI,95.7739512,97.7688908,78.67,87.6,0,NORMAL,
4322,EN26100214,KIRAN AJINATH DHAYATADAK,95.7739512,98.4223551,75.33,98.0,0,NORMAL,
4323,EN26291977,AMMAR BURHANPURWALA,95.7739512,98.2717542,75.0,90.0,0,NORMAL,
4324,EN26243328,SARTHIL HEMANT WANDE,95.7739512,96.0041408,69.33,89.8,0,NORMAL,
4325,EN26349498,ARYAN JEETENDRA PANDEY,95.7739512,99.1425468,77.33,89.4,0,NORMAL,
4326,EN26446487,SAPKAL ARTI SUBHASH,95.7739512,,82.0,94.2,0,NORMAL,
4327,EN26406013,ATHARV VITTHAL SHINDE,95.7696595,,63.0,97.4,0,NORMAL,
4328,EN26112342,BHUMIKA YOGESH AGRAWAL,95.7696595,99.2014366,82.33,90.16,0,NORMAL,
4329,EN26316624,NIHAR PRASAD JOSHI,95.7696595,99.3685902,81.67,97.0,0,NORMAL,
4330,EN26101903,NIYATI NITIN BHAT,95.7696595,99.2803541,78.67,94.0,0,NORMAL,
4331,EN26202359,SUJIT BALAJI DHEPE,95.7638528,99.0686935,74.0,95.6,0,NORMAL,
4332,EN26245269,ARUSHI PRAFUL BARAPATRE,95.7638528,99.2474239,98.0,98.4,0,NORMAL,
4333,EN26280877,ADITYA ARUN JADHAV,95.7638528,88.8600683,53.67,70.83,0,NORMAL,
4334,EN26154001,RUGVED VIJAY GAWANDE,95.7638528,98.5973225,79.0,89.8,0,NORMAL,
4335,EN26177905,RIDIMA RAJU DALWANKAR,95.7638528,99.1029078,93.0,96.2,0,NORMAL,
4336,EN26315358,NAMAN MESHRAM,95.7638528,97.4288016,83.67,93.5,0,NORMAL,
4337,EN26119001,AMAN RAVIPRAKASH TIWARI,95.7638528,99.2007992,85.33,96.6,0,NORMAL,
4338,EN26276928,MEET NEMISH DAFTARY,95.7587211,99.3168292,70.67,98.0,0,NORMAL,
4339,EN26276927,SUYASH VIKAS JAWANDHIYA,95.7587211,98.7857913,84.67,94.33,0,NORMAL,
4340,EN26317999,PRANAV KAPOOR,95.7587211,,88.0,94.2,0,NORMAL,
4341,EN26242672,RITVIK VINAYAK WAGH,95.7587211,98.7923974,89.33,96.66,0,NORMAL,
4342,EN26173318,TEJAS AJAY PANDEY,95.7587211,97.624379,91.67,94.6,0,NORMAL,
4343,EN26413409,KATTAYAN SUR,95.7587211,,83.0,88.8,0,NORMAL,
4344,EN26202447,SHOURYA AVINASH KAMBLE,95.7587211,94.5878726,69.33,90.4,0,NORMAL,
4345,EN26154146,DNYANESHWARI HEMANT NEMADE,95.7587211,99.4371337,94.0,96.6,0,NORMAL,
4346,EN26189810,ATHARV SHARMA,95.7587211,96.8036058,86.0,94.2,0,NORMAL,
4347,EN26237772,JIANA MEHUL SHAH,95.7550261,99.6714046,82.67,97.16,0,NORMAL,
4348,EN26206632,SUMIT RAVINDRA MALI,95.7550261,84.9389417,79.33,91.0,0,NORMAL,
4349,EN26109424,PARNAVI VIJAY HATWAR,95.7550261,99.1627842,81.33,94.0,0,NORMAL,
4350,EN26120530,RAM KAKASAHEB AMBHORE,95.7550261,97.3781998,75.67,90.2,0,NORMAL,
4351,EN26163202,ARNAV PANKAJ KUNCHAMWAR,95.7550261,99.5153584,82.0,98.0,0,NORMAL,
4352,EN26100166,SNEHIL GUPTA,95.7550261,97.4286115,84.67,93.4,0,NORMAL,
4353,EN26116294,VIGHNESH DIGAMBAR SHETE,95.7550261,99.582595,80.33,87.33,0,NORMAL,
4354,EN26283592,PRATHAM VIJAY TOTANI,95.7550261,67.9621973,68.67,87.8,0,NORMAL,
4355,EN26338804,KAUSTUBH MANIK DIVE,95.7550261,,74.67,89.6,0,NORMAL,
4356,EN26320175,CHATE SAURABH ASHOK,95.7550261,,73.67,90.6,0,NORMAL,
4357,EN26112977,NAMAN KHANDELWAL,95.7544425,,72.0,77.83,0,NORMAL,
4358,EN26396929,CHATURTHI SATYENDRA LAKHE,95.7544425,99.0382766,79.67,97.2,0,NORMAL,
4359,EN26340943,NIHAR UMESHCHANDRA KARVEKAR,95.7544425,92.119419,84.0,93.6,0,NORMAL,
4360,EN26253165,CHETAN SURESH THAKARE,95.7544425,93.9724337,68.33,83.6,0,NORMAL,
4361,EN26337880,SHIVAM SUBHASH NALE,95.7544425,97.5707384,76.0,92.2,0,NORMAL,
4362,EN26489723,VEER VIPUL BHANSALI,95.7544425,96.8070391,77.33,85.83,0,NORMAL,
4363,EN26249426,SAKSHI MALHARI SARAK,95.7544425,99.6691671,80.33,95.6,0,NORMAL,
4364,EN26194387,RITU RANJIT SALOKHE,95.7544425,98.9713132,84.33,93.6,0,NORMAL,
4365,EN26123755,SIDDHANT SHREEPAL PARKAR,95.7544425,,79.67,95.4,0,NORMAL,
4366,EN26251573,SHLOK MOHINIRAJ SHINDE,95.7544425,98.3752566,79.33,91.2,0,NORMAL,
4367,EN26444309,PADMANABH ARJUN DHENGALE,95.7544425,95.3795495,70.67,93.6,0,NORMAL,
4368,EN26276128,ARHANT NITIN DEKATE,95.7543981,98.9722983,81.33,91.83,0,NORMAL,
4369,EN26206286,UDAY PRADIP TALEKAR,95.7543981,97.9647599,97.0,86.0,0,NORMAL,
4370,EN26382563,SARTHAK SANJAY GUBRE,95.7543981,88.1060139,56.33,83.6,0,NORMAL,
4371,EN26312100,FAIZ MOHAMMAD SHAIKH,95.7543981,97.4894207,78.0,94.2,0,NORMAL,
4372,EN26113515,MANMOHAN NILKANTH INGLE,95.7543981,97.8729143,90.33,84.8,0,NORMAL,
4373,EN26226619,MANAS SANDEEP PALKAR,95.7543981,97.5890264,91.0,97.4,0,NORMAL,
4374,EN26351526,SAMIR SANJAY MASKE,95.7495148,99.389234,77.0,92.8,0,NORMAL,
4375,EN26124049,ANSHUL JAIN,95.7495148,99.4920502,91.0,95.0,0,NORMAL,
4376,EN26321717,FAIZ AHMED ABDUL LAIQUE,95.7495148,98.700763,75.67,93.8,0,NORMAL,
4377,EN26146127,PIYUSH KAKASAHEB PATARE,95.7495148,99.3226862,99.45,94.68,0,NORMAL,
4378,EN26179130,VEDANT PRAKASH PATIL,95.7495148,98.5205065,89.0,93.0,0,NORMAL,
4379,EN26141350,HITESH MANGALSING PAWAR,95.7495148,99.116041,86.33,94.83,0,NORMAL,
4380,EN26364033,PUSHKAR JAYWANT PATIL,95.7495148,73.3487346,40.33,83.0,0,NORMAL,
4381,EN26325687,PRESHA RAJEEV RAVAL,95.7441381,97.4280163,85.67,97.33,0,NORMAL,
4382,EN26234005,SHASHWAT DINESH RAVANKAR,95.7441381,97.7248066,71.67,94.0,0,NORMAL,
4383,EN26103191,VARAD SACHIN CHAUDHARI,95.7441381,99.2921716,88.33,95.2,0,NORMAL,
4384,EN26290506,FAROOQUI MOHAMMED USAID,95.7441381,99.0273676,81.67,96.0,0,NORMAL,
4385,EN26247504,SARTHAK UNIYAL,95.7441381,,88.33,95.5,0,NORMAL,
4386,EN26255415,SHIVAM DATTATRAY CHATE,95.7441381,98.2505176,76.33,97.8,0,NORMAL,
4387,EN26406328,BORADE VIGHNESH SANTOSH,95.7441381,,81.0,87.4,0,NORMAL,
4388,EN26158463,NIRBHAY TEJRAO JADHAO,95.7375036,98.7488829,80.0,89.4,0,NORMAL,
4389,EN26245770,SUSHANT JOTIRAM MANE,95.7375036,99.295478,88.33,95.4,0,NORMAL,
4390,EN26205607,MISHRA YASH AKHILESH,95.7375036,99.3657344,74.67,96.8,0,NORMAL,
4391,EN26171220,PATIL KUNAL ARUN,95.7375036,99.6691671,84.0,89.4,0,NORMAL,
4392,EN26446219,SARANE SAMARTH BHIMASHANKAR,95.7375036,98.1761432,79.67,97.8,0,NORMAL,
4393,EN26278920,VAMIKA SACHIN CHERAYERUMAL,95.7335708,99.5404476,86.33,96.16,0,NORMAL,
4394,EN26446114,GAIKAR KAVYA BABULNATH,95.7335708,,76.0,94.2,0,NORMAL,
4395,EN26238575,KRUSHNAL SANJAY SHRIRAO,95.7335708,96.2623043,90.0,93.83,0,NORMAL,
4396,EN26369740,VANSH BHADRESH VORA,95.7335708,99.75686,84.33,94.8,0,NORMAL,
4397,EN26467047,PUSHPAK THANSING KATRE,95.7335708,93.9889579,69.33,88.2,0,NORMAL,
4398,EN26427167,SAKSHAM SANJAYKUMAR BHOSALE,95.7335708,98.6729671,86.67,95.8,0,NORMAL,
4399,EN26361041,BUSHARA ABDUL MUNAF WAIKAR,95.7335708,99.6680946,88.67,97.8,0,NORMAL,
4400,EN26260427,KETAKI GAJENDRA SARNAIK,95.7335708,98.3761272,84.33,90.2,0,NORMAL,
4401,EN26103552,PRATHMESH HARIBA IRAKAR,95.7335708,79.5076004,49.33,78.0,0,NORMAL,
4402,EN26335399,SAHIL ASHOK MORE,95.7335708,97.9996062,92.33,96.16,0,NORMAL,
4403,EN26339789,OM SHIVRAJ TALEKAR,95.7335708,96.5873016,79.0,94.4,0,NORMAL,
4404,EN26292828,BHAVIK BHAT,95.7325512,,84.0,96.66,0,NORMAL,
4405,EN26111117,SHRAVANI PRASHANT LAWANKAR,95.7325512,98.8167764,66.67,94.4,0,NORMAL,
4406,EN26240144,ARIHANT VIJAYKUMAR GANDHI,95.7325512,55.6712077,47.0,54.33,0,NORMAL,
4407,EN26101093,PAVAN DHARMARAYAGOUDA PATIL,95.7325512,98.4299517,72.33,96.4,0,NORMAL,
4408,EN26331315,DHARA HITESH SHAH,95.7325512,52.1191375,51.67,79.0,0,NORMAL,
4409,EN26408845,BHUSHAN GORAKH LAHITKAR,95.7325512,,90.0,90.4,0,NORMAL,
4410,EN26478884,VIVEK MANGESH JAGTAP,95.7325512,99.3660169,83.0,89.0,0,NORMAL,
4411,EN26390576,JITESH H. MANUJA,95.7325512,98.6206102,90.33,93.83,0,NORMAL,
4412,EN26258429,TRINYAN PRAKASH TEMBHARE,95.7293983,95.4990284,74.67,92.0,0,NORMAL,
4413,EN26125181,ARNAV HRISHIKESH KOLGAONKAR,95.7293983,98.3540373,85.0,90.4,0,NORMAL,
4414,EN26110491,HARSHVARDHAN BAREGAMA,95.7293983,,81.0,93.16,0,NORMAL,
4415,EN26145324,ADITYA AVADESH PANDEY,95.7293983,97.4167804,77.33,90.6,0,NORMAL,
4416,EN26242667,VEDANT RAVIRAJ PARAB,95.7293983,99.4683993,90.67,89.25,0,NORMAL,
4417,EN26444384,SANCHIT SANTOSH KHANSOLE,95.7293983,98.0748364,67.33,92.4,0,NORMAL,
4418,EN26217813,NAKUL NITIN AHIRE,95.7293983,98.7920754,79.33,97.0,0,NORMAL,
4419,EN26318736,MORABIA VEDANT BRIJESH,95.7293983,99.382843,88.33,94.0,0,NORMAL,
4420,EN26199875,RIYAN SATYEN SANGANI,95.7292892,99.6006826,77.0,91.8,0,NORMAL,
4421,EN26225220,MANASVI KAMLESH BHUT,95.7292892,99.8884401,95.67,95.2,0,NORMAL,
4422,EN26111814,TANISHQ TUKARAM AWAGHADE,95.7292892,97.2756467,78.67,92.0,0,NORMAL,
4423,EN26339294,TANISHKA VIJAY KATKAR,95.7292892,99.09598,80.33,86.8,0,NORMAL,
4424,EN26102498,ANUSHRI SANJAY BACHE,95.7292892,99.2298181,85.67,97.0,0,NORMAL,
4425,EN26229224,ARNAV YOGESH PANDAV,95.7292892,99.1510977,81.33,91.8,0,NORMAL,
4426,EN26116474,THORAT DHANRAJ RAVINDRA,95.7292892,98.1161695,69.0,89.83,0,NORMAL,
4427,EN26370226,TEJASH MANJABAPU GUNJAL,95.7292892,98.6108985,67.0,91.4,0,NORMAL,
4428,EN26383503,TEJASH MANJABAPU GUNJAL,95.7292892,98.6108985,67.0,91.4,0,NORMAL,
4429,EN26485762,DEEKSHA,95.7292892,,83.33,88.0,0,NORMAL,
4430,EN26136701,RIDDHIMAA DINESH SANGHRAJKA,95.7267253,99.8563772,83.67,96.0,0,NORMAL,
4431,EN26318745,VEDANT KISHOR BIRAJDAR,95.7267253,98.0166175,91.0,92.6,0,NORMAL,
4432,EN26114645,KRUNAL HARSHAL SHAHANE,95.7267253,99.0001766,83.0,90.4,0,NORMAL,
4433,EN26360682,MORE PRATIK DATTATRAYA,95.7267253,99.5616324,75.67,90.2,0,NORMAL,
4434,EN26437672,SUHANI JAIN,95.7267253,,77.67,89.6,0,NORMAL,
4435,EN26289797,VIDHI MAHESH ENAGANDULA,95.7267253,97.9153809,94.67,96.83,0,NORMAL,
4436,EN26142345,ADIRAJ RAJESH KALE,95.7267253,98.9203105,68.33,86.66,0,NORMAL,
4437,EN26166676,ADITI AGRAWAL,95.7126783,99.4020758,91.67,98.0,0,NORMAL,
4438,EN26373638,AAYAN SHAKIRHUSEN PENSIONER,95.7126783,98.4278063,68.67,93.8,0,NORMAL,
4439,EN26273033,OM YOGESH PAWAR,95.7126783,94.9430074,83.33,95.4,0,NORMAL,
4440,EN26305048,SAUJANY BHAGWAN CHAVAN,95.7126783,97.624379,69.33,93.8,0,NORMAL,
4441,EN26183516,YASH GANESH PADWAL,95.7126783,97.7989985,75.0,89.8,0,NORMAL,
4442,EN26145813,TISHYA BISWAL,95.7126783,99.2014366,89.33,96.16,0,NORMAL,
4443,EN26181966,AAYAN BARKAT QUADRI,95.7126783,85.2987504,44.33,57.6,0,NORMAL,
4444,EN26102492,SARVJEET GANESH PALASE,95.7126783,94.0080367,74.33,95.42,0,NORMAL,
4445,EN26431825,PARTH SHAILESH BHOIR,95.7126783,98.0182404,82.0,94.6,0,NORMAL,
4446,EN26483431,ADITYA KASHINATH SOLANKAR,95.7126783,,92.67,96.83,0,NORMAL,
4447,EN26124921,RIYA DATTU WAJE,95.7126783,97.7035859,85.33,96.4,0,NORMAL,
4448,EN26429184,SAMAKSH RAVINDRA JAIN,95.7126783,98.2894535,87.0,94.4,0,NORMAL,
4449,EN26307835,RUSHI MANOJ PATIL,95.7126783,98.4842236,78.67,94.6,0,NORMAL,
4450,EN26308999,SHREYA SACHIN RAYKAR,95.7125868,96.8345273,91.33,92.0,0,NORMAL,
4451,EN26342591,SHIVAM DATTATRAY SHINGARE,95.7125868,98.9224519,78.33,92.6,0,NORMAL,
4452,EN26160500,OM NANDKISHOR GAYKI,95.7125868,97.4499655,69.0,91.8,0,NORMAL,
4453,EN26235044,MAYURESH DIVAKAR PEDNEKAR,95.7125868,98.1281926,78.67,93.8,0,NORMAL,
4454,EN26177192,MAHAJAN AAYUSH MITHILESH,95.7125868,98.5373609,75.67,86.8,0,NORMAL,
4455,EN26255728,TANISHK BHARAT KHATRI,95.7125868,98.1483638,73.0,91.0,0,NORMAL,
4456,EN26434899,KAHAN RONAK SHAH,95.7125868,99.7499736,81.67,94.2,0,NORMAL,
4457,EN26343544,CHAITANYA TARACHAND DIVE,95.7125868,97.8054608,81.33,90.6,0,NORMAL,
4458,EN26444500,SHREYASH BHAGINATH GAIKWAD,95.7125868,96.9883668,80.67,93.0,0,NORMAL,
4459,EN26158878,JAS RAJEN SHAH,95.7125868,99.8468431,89.0,98.2,0,NORMAL,
4460,EN26101902,SAANVI SAINATH PAI,95.7125868,97.3908024,89.0,97.33,0,NORMAL,
4461,EN26236140,HEDDE ABHIJEET RACHAPPA,95.7125868,96.4812287,72.0,91.6,0,NORMAL,
4462,EN26220695,SUSHANT SHIVSHANKAR ZUNJE,95.7125868,27.2730752,57.33,93.6,0,NORMAL,
4463,EN26133239,SHAMBHAVI BHIMAJI PADWAL,95.6999236,97.6103268,89.33,95.0,0,NORMAL,
4464,EN26167343,MANASI DHARMENDRA BHANGALE,95.6999236,96.8345273,84.0,97.66,0,NORMAL,
4465,EN26246427,SHAIKH QAVEE MANSUR AHEMAD,95.6999236,95.101416,74.0,87.6,0,NORMAL,
4466,EN26183282,SOHAM SANTOSH BACHAL,95.6999236,98.6108985,93.33,97.4,0,NORMAL,
4467,EN26285166,AARUSH AMEY PATIL,95.6999236,98.4154992,86.33,94.0,0,NORMAL,
4468,EN26317690,CHAITANYA BAPU BHISE,95.6999236,98.7553466,76.67,99.2,0,NORMAL,
4469,EN26394173,PRIYESH KUMAR PAL,95.6999236,,73.33,92.8,0,NORMAL,
4470,EN26289943,KHETE TANVI ATUL,95.6999236,98.5205065,77.67,93.8,0,NORMAL,
4471,EN26432200,AYUSH KUMAR SINGH,95.6999236,,83.0,88.33,0,NORMAL,
4472,EN26460244,ANUSHKA SANDEEP GADHAVE,95.6999236,92.7467219,49.67,96.0,0,NORMAL,
4473,EN26110109,SAMMARTH SINGH RANA,95.6999236,99.6272958,85.67,95.0,0,NORMAL,
4474,EN26291465,SHRIYASH DIGAMBAR KHANDARE,95.6999236,98.1734808,69.67,92.0,0,NORMAL,
4475,EN26355310,ARYA NITIN MATHKAR,95.6833064,98.570253,72.33,94.33,0,NORMAL,
4476,EN26219504,PARTH DHANRAJ HARSHE,95.6833064,98.2414965,80.67,88.8,0,NORMAL,
4477,EN26330559,JADHAV RAHUL TEJRAJ,95.6833064,99.3275256,79.33,93.2,0,NORMAL,
4478,EN26250210,TEJAS SATISH DEOCHE,95.6833064,96.4033308,71.0,86.0,0,NORMAL,
4479,EN26297279,OM MANOJ GUJAR,95.6833064,98.6956522,89.0,93.8,0,NORMAL,
4480,EN26338997,ANANYA MANOHAR WAGH,95.6833064,96.9477536,73.67,93.33,0,NORMAL,
4481,EN26330146,ADITYA MANDAR SAMANT,95.6833064,98.9153784,88.0,96.6,0,NORMAL,
4482,EN26454483,ATIF AMJADKHAN PATHAN,95.6657495,98.2258996,85.33,89.4,0,NORMAL,
4483,EN26388535,HARSHITA SANJAY AHER,95.6657495,,82.0,92.2,0,NORMAL,
4484,EN26270341,DEVANSH SRIVASTAVA,95.6657495,99.8144842,86.33,92.0,0,NORMAL,
4485,EN26489817,PUSHKAR CHANDRASHEKHAR KHAPEKAR,95.6657495,98.1898548,92.0,97.0,0,NORMAL,
4486,EN26412114,DNYANESHWAR GANESH GANGARDE,95.6657495,97.7312329,69.33,91.8,0,NORMAL,
4487,EN26168630,SAKET AMIT BHAVE,95.6657495,98.0182404,86.0,97.33,0,NORMAL,
4488,EN26300182,HARSHVARDHAN ANIL JAGTAP,95.6657495,98.6605434,85.33,94.2,0,NORMAL,
4489,EN26250414,SHUBHRA AJAY ALLURWAR,95.6657495,94.7585145,77.67,95.33,0,NORMAL,
4490,EN26100593,ANVI NARENDRA DHANDE,95.6538695,99.3285322,83.33,96.83,0,NORMAL,
4491,EN26299503,LILHARE NITIN LOKCHAND,95.6538695,94.9146711,73.0,90.6,0,NORMAL,
4492,EN26347684,MOHIT AJAY AGRAWAL,95.6538695,99.3030124,93.67,92.8,0,NORMAL,
4493,EN26109856,YUG BRIJESH AGRAWAL,95.6478689,96.8016647,70.0,91.2,0,NORMAL,
4494,EN26222769,AARON LEO,95.6478689,98.1313859,71.67,92.5,0,NORMAL,
4495,EN26168248,ADEEB AYAZ UL HAQUE ANSARI,95.6478689,99.2799835,85.33,94.2,0,NORMAL,
4496,EN26262263,RAJAN MITHILESH SINGH,95.6478689,98.5404249,76.67,93.0,0,NORMAL,
4497,EN26146057,AAROHI YADAV,95.6478689,,78.0,96.33,0,NORMAL,
4498,EN26200156,ASMITA APPASAHEB KAPSE,95.6478689,95.6991467,81.0,94.2,0,NORMAL,
4499,EN26106778,TANAY SHUKLA,95.6478689,96.3335144,66.0,91.0,0,NORMAL,
4500,EN26152026,DEVANSH GIRISH TOSHNIWAL,95.6478689,99.7298445,89.33,94.4,0,NORMAL,
4501,EN26336162,RASHI RAJENDRA DHAKANE,95.6478689,97.8587922,91.33,94.0,0,NORMAL,
4502,EN26140494,BHARGAV ALPESH SUTHAR,95.6478689,97.2913667,80.0,95.0,0,NORMAL,
4503,EN26285944,PRADYOT GAUTAM SURYAVANSHI,95.6478689,97.6863753,85.33,94.16,0,NORMAL,
4504,EN26119306,NEEV BHAVIN DEDHIA,95.6432978,99.478315,90.33,89.6,0,NORMAL,
4505,EN26387686,RAM VIKRAM KULKARNI,95.6432978,99.1542936,76.67,95.6,0,NORMAL,
4506,EN26170734,SARTHAK TUSHAR FADNAVIS,95.6432978,98.7089833,87.67,87.2,0,NORMAL,
4507,EN26174518,AARYA HEMANT MURUDKAR,95.6432978,96.6966757,59.0,94.0,0,NORMAL,
4508,EN26322644,VEDANT AJIT DESHPANDE,95.6432978,98.570253,76.33,99.0,0,NORMAL,
4509,EN26292291,ANIRUDDHA NITIN WADAGAVE,95.6432978,98.3540373,72.33,93.4,0,NORMAL,
4510,EN26338919,ARCHIT MISHRA,95.6432978,96.3586613,90.67,91.83,0,NORMAL,
4511,EN26136985,CHINMAY BALASUBRAMANIAN,95.6418832,99.5661605,89.67,98.28,0,NORMAL,
4512,EN26203733,AVISH BHAT,95.6418832,,89.33,96.5,0,NORMAL,
4513,EN26119802,SPARSH SHARATH SHETTY,95.6418832,98.6765412,90.67,90.5,0,NORMAL,
4514,EN26348276,BHUMIKA UMESH INGOLE,95.6418832,99.5561785,90.33,94.6,0,NORMAL,
4515,EN26243325,RIDDHI YOGESH SAHUJI,95.6398494,97.7383653,69.0,95.2,0,NORMAL,
4516,EN26152692,BHARGAVI GOPAL PARAB,95.6398494,93.3688303,82.0,96.2,0,NORMAL,
4517,EN26134269,ANSHUL BHUSHAN TAMBAT,95.6398494,95.9558175,75.0,94.0,0,NORMAL,
4518,EN26133812,DARSH JAIN,95.6398494,98.9010239,80.0,92.0,0,NORMAL,
4519,EN26254806,MISHRA VATSALA BRIJESH KUMAR,95.6398494,96.9234547,77.33,93.4,0,NORMAL,
4520,EN26294898,PRACHI ARUN PATIL,95.6398494,,76.33,90.0,0,NORMAL,
4521,EN26113299,RISHI SURESH SURANGE,95.6398494,98.3371048,72.0,92.4,0,NORMAL,
4522,EN26320604,SHASHWAT PRAKASH TARALE,95.6398494,99.515364,78.0,96.2,0,NORMAL,
4523,EN26388876,DEVANSH TEJRAO RAUT,95.6398494,98.0182404,91.0,93.4,0,NORMAL,
4524,EN26144651,ALVIN MAJU,95.6398494,98.5125814,76.33,84.4,0,NORMAL,
4525,EN26348474,NYASA NITINKUMAR KALE,95.6398494,95.721604,93.67,95.0,2,MEDIUM,CET_vs_HSC: CET is LOWER than expected by 59 rank pts; CET_vs_HSC_SSC: CET is LOWER than expected by 57 rank pts
4526,EN26185920,YASH GORAKSHA TAKALKAR,95.6398494,90.4666273,84.67,92.66,0,NORMAL,
4527,EN26198414,KABIR SINGH NAGPAL,95.6398494,95.5792202,71.33,92.0,0,NORMAL,
4528,EN26244254,DESHPANDE GAURI DHANANJAY,95.6398494,99.2275145,86.33,100.0,0,NORMAL,
4529,EN26131152,PRITHVI SADANAND PRAJAPATI,95.6319717,99.0639786,87.33,97.2,0,NORMAL,
4530,EN26277833,PARSHV NITIN TATHED,95.6319717,98.2635235,77.0,86.5,0,NORMAL,
4531,EN26233290,PRATHAMESH NITIN PISE,95.6319717,95.0784112,83.0,91.8,0,NORMAL,
4532,EN26293754,AASTHA SUJIT SINHA,95.6319717,94.4638756,75.33,89.8,0,NORMAL,
4533,EN26405880,TRUPTI ANANTRAO DAHIPHALE,95.6319717,96.0852595,81.33,99.2,0,NORMAL,
4534,EN26224964,SAURAO SANJAY SAWALE,95.6248359,98.3243876,91.0,93.6,0,NORMAL,
4535,EN26385882,VEDANT PARMAR,95.6248359,,94.33,92.2,0,NORMAL,
4536,EN26407414,VIRENDRA ANIL PAWAR,95.6248359,99.873718,76.67,90.6,2,MEDIUM,CET_vs_HSC: CET is HIGHER than expected by 57 rank pts; CET_vs_HSC_SSC: CET is HIGHER than expected by 61 rank pts
4537,EN26264527,PAWAR OM ARUN,95.6248359,97.4286115,89.0,94.6,0,NORMAL,
4538,EN26188478,ADARSH DASH,95.6248359,98.8353329,82.67,96.4,0,NORMAL,
4539,EN26431954,PUSHKARAJ DIPAK DEORE,95.6248359,96.1567238,75.33,94.2,0,NORMAL,
4540,EN26290105,NEELANJALI VIJAYKUMAR KARERA,95.6248359,98.3477163,89.33,97.8,0,NORMAL,
4541,EN26269432,PAVANI YADAV,95.6248359,95.8890489,80.33,96.66,0,NORMAL,
4542,EN26240066,VED RAHUL BHOKARE,95.6248359,98.9897444,90.67,96.6,0,NORMAL,
4543,EN26293333,KOLHE KAUSTUBH UMESH,95.6202728,99.4157162,82.33,97.2,0,NORMAL,
4544,EN26128395,SUBHASH RAJESHWAR MAMIDWAR,95.6202728,98.9695496,62.67,91.0,0,NORMAL,
4545,EN26280177,VEDANT SANDEEP BORASE,95.6202728,34.8863278,52.0,83.83,0,NORMAL,
4546,EN26205246,MAYURA ABHAY UDAS,95.6202728,99.1676621,91.0,98.6,0,NORMAL,
4547,EN26190658,TAKSHEEL RAJESH SHENDE,95.6184205,97.0532519,78.33,87.0,0,NORMAL,
4548,EN26119187,MAYANK SACHIN PANDEY,95.6184205,76.5995199,66.33,63.33,0,NORMAL,
4549,EN26131886,ANUJ SANJAY KADU,95.6184205,70.9390112,52.33,85.6,0,NORMAL,
4550,EN26109514,ANANYA ARORA,95.6184205,96.9103584,88.67,98.0,0,NORMAL,
4551,EN26154476,SHARMA GITESH MANISH,95.6184205,98.4641638,73.0,90.8,0,NORMAL,
4552,EN26393274,RAGHVENDRA PRATAP,95.6184205,,77.33,93.33,0,NORMAL,
4553,EN26366198,HARSH NIMESH THACKER,95.6184205,99.5691316,78.0,97.6,0,NORMAL,
4554,EN26254675,DEVYANI SACHIN NAVGHARE,95.6184205,99.5328194,93.0,93.33,0,NORMAL,
4555,EN26158438,ANSHUMAN SAHOO,95.6184205,99.09598,94.67,91.8,0,NORMAL,
4556,EN26444824,PATIL PRANJAL SUNIL,95.6184205,98.3467382,80.33,91.4,0,NORMAL,
4557,EN26337607,SAMARTH DATTATRAY CHINCHOLE,95.6182254,97.5716591,87.33,86.0,0,NORMAL,
4558,EN26192870,ARYAN VASANT CHOPADE,95.6182254,98.4990553,89.67,92.5,0,NORMAL,
4559,EN26387747,SAMRUDDHI AJIT NALAWADE,95.6182254,98.4914374,88.67,96.2,0,NORMAL,
4560,EN26148593,PRADEEP RAGHUNATH PANCHAL,95.6182254,65.9070599,49.33,74.66,0,NORMAL,
4561,EN26270844,SACHI SURENDRA JAISWAL,95.6182254,99.2267861,91.33,95.4,0,NORMAL,
4562,EN26278661,RAUNAK ATISHKUMAR AJMERA,95.6182254,99.3905516,84.67,93.16,0,NORMAL,
4563,EN26269541,TEJAS SAMBHAJI BONDKULE,95.6182254,98.5817805,81.67,96.6,0,NORMAL,
4564,EN26198762,SHREYASH GOYAL,95.6182254,99.2844023,96.33,92.2,0,NORMAL,
4565,EN26149043,RAJWARDHAN SATISH DARADE,95.6182254,82.9428736,86.33,95.2,2,MEDIUM,CET_vs_HSC: CET is LOWER than expected by 56 rank pts; CET_vs_HSC_SSC: CET is LOWER than expected by 58 rank pts
4566,EN26104939,SAI ANANT MANJREKAR,95.6151008,97.4371782,78.67,90.9,0,NORMAL,
4567,EN26332182,SHARVARI BHIMRAJ GHUMARE,95.6151008,97.2756467,83.0,94.6,0,NORMAL,
4568,EN26311797,SAHIL KIRAN KHALKAR,95.6151008,97.192403,76.67,94.4,0,NORMAL,
4569,EN26447926,DEEVANSHI,95.6151008,,82.67,95.8,0,NORMAL,
4570,EN26282812,NEHA ISHWAR SHISODE,95.6151008,98.2148483,92.33,92.0,0,NORMAL,
4571,EN26148163,RIDDHISH RAVINDRA MATAL,95.6151008,99.4539249,77.67,94.6,0,NORMAL,
4572,EN26143938,PRATIK ROHIT YADAV,95.6151008,99.1029078,75.0,89.83,0,NORMAL,
4573,EN26334878,AJINKYA BHAGWAT TANGDE,95.6151008,97.3877775,83.33,84.8,0,NORMAL,
4574,EN26274241,ASMITA VINOD DASIME,95.6151008,97.98376,71.0,92.8,0,NORMAL,
4575,EN26343925,AKSHAT KUMAR PATNAIK,95.6151008,,78.33,94.66,0,NORMAL,
4576,EN26237023,ALINA SANJEEVKUMAR JADHAV,95.6150917,99.2474239,85.33,97.4,0,NORMAL,
4577,EN26231099,RUGVED SANJAY PARATE,95.6150917,99.1791202,84.67,92.8,0,NORMAL,
4578,EN26175158,RIDIMA BHATNAGAR,95.6150917,98.5350565,94.33,95.4,0,NORMAL,
4579,EN26219604,MEHUL DIPAK PATIL,95.6150917,99.8621587,79.0,94.6,0,NORMAL,
4580,EN26101972,AVANISH KESHARWANI,95.6150917,,81.0,93.4,0,NORMAL,
4581,EN26141302,VARDHAN SHREYAS BHATEVARA,95.6129501,70.8903389,51.67,84.2,0,NORMAL,
4582,EN26414737,VALLURI RISHI RATNARAO,95.6129501,98.935393,75.0,93.0,0,NORMAL,
4583,EN26206761,YOGESH SHRIRAM BIYANI,95.6129501,99.0524224,81.33,97.8,0,NORMAL,
4584,EN26455163,SWARA ANKUSH DODAL,95.6129501,95.9065146,75.33,92.33,0,NORMAL,
4585,EN26370143,SAI ANIL PATIL,95.6129501,99.3168292,94.0,89.8,0,NORMAL,
4586,EN26338450,ARYAN DNYANESHWAR NAIK,95.6129501,98.2171021,78.33,91.2,0,NORMAL,
4587,EN26315076,SWANAND MANOJKUMAR GAWANDE,95.6129501,99.2177086,86.67,94.5,0,NORMAL,
4588,EN26361338,DURGA SHIVAJI SAKHARE,95.6129501,97.5890264,81.0,93.8,0,NORMAL,
4589,EN26433862,MRUNMAYEE PRADIP TAMHANKAR,95.6129501,98.3371048,77.33,99.0,0,NORMAL,
4590,EN26271125,PRATHAMESH DHANANJAY INGOLE,95.6029111,99.2363471,82.67,92.8,0,NORMAL,
4591,EN26260229,UTSAV KUMAR,95.6029111,,51.67,74.2,0,NORMAL,
4592,EN26363880,DAGADE AMRAPALI CHANDRAKANT,95.6029111,43.7064846,69.33,88.8,0,NORMAL,
4593,EN26350366,THOMBRE VARAD UPENDRA,95.6029111,99.1546915,85.67,93.2,0,NORMAL,
4594,EN26142410,PRABHANJAN MANOJ WAGH,95.6029111,42.4145111,65.33,89.6,0,NORMAL,
4595,EN26241926,SONAWANE HRUTUJA MAHESH,95.6029111,94.963529,82.33,89.2,0,NORMAL,
4596,EN26120837,RATHOD AASHUTOSH KANTILAL,95.6029111,98.0447413,78.33,97.0,0,NORMAL,
4597,EN26362258,SUJAL SIKANDAR DHAMAL,95.586098,99.559727,61.67,89.4,2,MEDIUM,CET_vs_HSC: CET is HIGHER than expected by 61 rank pts; CET_vs_HSC_SSC: CET is HIGHER than expected by 63 rank pts
4598,EN26245395,HARSH NILESH KUBER,95.586098,98.8353329,84.67,98.5,0,NORMAL,
4599,EN26281956,ADITYA JHA,95.586098,96.996587,77.33,89.8,0,NORMAL,
4600,EN26286031,JONATHAN DANTE,95.586098,99.6391713,86.33,94.6,0,NORMAL,
4601,EN26136924,ATHARV ANURATH JOGDAND,95.586098,99.5268463,73.33,88.8,1,LOW,CET_vs_HSC_SSC: CET is HIGHER than expected by 55 rank pts
4602,EN26414908,JUEE JAYWANTKUMAR MAHALE,95.586098,98.1351709,73.33,95.0,0,NORMAL,
4603,EN26348665,DRISHA YOGESH JAIN,95.586098,99.0867404,79.67,98.66,0,NORMAL,
4604,EN26369142,YUVRAJ PRATAPRAO SHINGNE,95.586098,97.5427973,88.67,97.6,0,NORMAL,
4605,EN26115355,MAHEBOOB JAVED PATWEKAR,95.586098,98.644371,74.0,96.2,0,NORMAL,
4606,EN26233434,YASH SANTOSH VAIDYA,95.586098,98.2452519,73.33,89.4,0,NORMAL,
4607,EN26206025,KRISHNA PRAKASHRAO INGOLE,95.586098,97.624379,80.0,91.6,0,NORMAL,
4608,EN26310119,AYUSH SAO,95.586098,96.5565559,81.33,97.2,0,NORMAL,
4609,EN26281682,OM DHARMIN SONI,95.586098,98.2779955,85.67,95.66,0,NORMAL,
4610,EN26334277,DEVDUTT SAHANI,95.586098,,90.67,93.6,0,NORMAL,
4611,EN26295124,SHIVANI MADHAV BOKARE,95.586098,98.4914374,64.33,95.6,0,NORMAL,
4612,EN26143442,SPANCER POLLY DSOUZA,95.5844554,85.9891185,85.67,86.2,0,NORMAL,
4613,EN26439613,UJJWAL KUMAR,95.5844554,,68.33,82.2,0,NORMAL,
4614,EN26430375,ARNAV MANISH BAHETI,95.5844554,97.6829141,68.67,94.0,0,NORMAL,
4615,EN26171524,SOHAM RAJ SHAH,95.5844554,99.4283995,94.0,94.6,0,NORMAL,
4616,EN26131404,ANGAD CHANDRASHEKHAR THAWALE,95.5844554,96.6480662,78.33,93.0,0,NORMAL,
4617,EN26384213,YADAV SAHARSH DINESH,95.5844554,99.0240529,76.67,85.6,0,NORMAL,
4618,EN26251989,AASTHA BABASAHEB SHINDE,95.5844554,99.4672441,84.67,94.16,0,NORMAL,
4619,EN26207025,MANYA NITESH RAMCHANDANI,95.5844554,97.9733277,94.67,97.16,0,NORMAL,
4620,EN26389241,SOHAM DEVANAND DESHMUKH,95.5844554,96.5179923,67.0,91.6,0,NORMAL,
4621,EN26238092,SINGHI BHAVESH PAWAN,95.5844554,98.4993421,77.0,94.6,0,NORMAL,
4622,EN26150421,SUMEDH MAHESH PIMPARWAR,95.5770643,99.5828869,74.0,95.66,0,NORMAL,
4623,EN26184581,CHRIS PHILIP DIAS,95.5770643,98.4990553,71.0,85.83,0,NORMAL,
4624,EN26233313,RAZA SALAM QURESHI,95.5770643,99.3305769,79.0,89.4,0,NORMAL,
4625,EN26283185,PRANAV SHRIDHAR PATIL,95.5770643,97.9285523,70.33,90.2,0,NORMAL,
4626,EN26117932,KRISHNA RAJENDRA CHAURAGADE,95.5770643,99.0178953,91.67,98.4,0,NORMAL,
4627,EN26262300,DAKSH DIPAL ROKADIA,95.5770643,98.7920188,79.33,97.83,0,NORMAL,
4628,EN26146160,SHLOK SANJAYSINGH DHAMANE,95.5770643,98.3463375,87.0,93.6,0,NORMAL,
4629,EN26194226,SHUBHAM MURARI NAIK,95.5770643,97.5904437,76.0,92.8,0,NORMAL,
4630,EN26286718,SAMARTH TUKARAM GITE,95.5770643,98.5473765,78.67,98.4,0,NORMAL,
4631,EN26393409,VRUSHTI BHARAT GAMI,95.5621851,98.5565976,80.0,88.3,0,NORMAL,
4632,EN26259810,SAHIL NIKHARE,95.5621851,97.9996062,94.33,91.42,0,NORMAL,
4633,EN26255610,ALOK RAKESH KHAPEKAR,95.5621851,99.4005994,87.67,94.2,0,NORMAL,
4634,EN26149672,SHAIKH MD MUSADDIQUE UR RAHEMAN QURAISHI,95.5545436,97.4286115,79.67,94.8,0,NORMAL,
4635,EN26372480,SARTHAK RAHUL SHETE,95.5545436,97.6531257,77.33,89.2,0,NORMAL,
4636,EN26128054,ANEESH ANUP ACHALERE,95.5545436,99.112515,71.67,89.8,0,NORMAL,
4637,EN26297773,MOHAMMAD SADIQ SHAIKH,95.5545436,97.4288016,80.0,92.2,0,NORMAL,
4638,EN26190767,SHASHWAT ARVIND MISHRA,95.5545436,96.94069,85.33,93.4,0,NORMAL,
4639,EN26195567,OJAS PRAVIN JADHAV,95.5545436,97.321565,68.0,93.8,0,NORMAL,
4640,EN26195373,MAYANK TEJPAL KUMATH,95.5545436,99.3275256,85.33,94.33,0,NORMAL,
4641,EN26342102,ANAND BHAGWAT BADGUJAR,95.5545436,98.6612515,89.0,97.4,0,NORMAL,
4642,EN26368116,SALUNKE HARIOM JAYASING,95.5545436,97.5556558,77.0,94.6,0,NORMAL,
4643,EN26463021,MUHAMMADUSMAN ABDULRAJAK MULLA,95.5545436,36.6711564,74.0,74.6,0,NORMAL,
4644,EN26287041,DHAIRYA SANCHETI,95.5377021,97.1576493,82.0,95.0,0,NORMAL,
4645,EN26172443,SIDDHI SHANTISHWAR PATIL,95.5377021,99.1394332,88.0,94.4,0,NORMAL,
4646,EN26341127,DOLLCY JAIN,95.5377021,,89.33,96.16,0,NORMAL,
4647,EN26112611,JAY SHARAD KUMAR KIKANI,95.5377021,99.0750853,78.67,91.4,0,NORMAL,
4648,EN26113233,SARTHAK DIPAK BADHE,95.5377021,65.9070599,38.0,78.2,0,NORMAL,
4649,EN26278302,DAKKSH THAKURIA,95.5316752,99.3264576,82.0,89.5,0,NORMAL,
4650,EN26432274,AAYUSH SANTOSH VAIRAGADE,95.5316752,98.6605434,90.33,95.66,0,NORMAL,
4651,EN26339767,SHIVOM RAKESH SHETTY,95.5316752,99.7053252,90.0,96.16,0,NORMAL,
4652,EN26387460,SHUBHAM PRASHANT SONJE,95.5316752,87.6469672,92.33,91.2,2,MEDIUM,CET_vs_HSC: CET is LOWER than expected by 68 rank pts; CET_vs_HSC_SSC: CET is LOWER than expected by 59 rank pts
4653,EN26243319,NAMAN GULATI,95.5292019,98.7488829,81.67,94.66,0,NORMAL,
4654,EN26293045,ARNAV AGARWAL,95.5292019,98.0780781,92.67,95.66,0,NORMAL,
4655,EN26246347,OJSVI SACHIN TIKLE,95.5292019,98.9702605,82.67,93.8,0,NORMAL,
4656,EN26262094,ADITYARAJ ANIL NADRE,95.5292019,98.8193489,84.0,95.33,0,NORMAL,
4657,EN26291047,SANCHITA SHIRISH VITONDE,95.5292019,94.6756384,69.0,91.0,0,NORMAL,
4658,EN26109832,VEDANT NILESH NEHARKAR,95.5292019,99.5887328,92.33,92.28,0,NORMAL,
4659,EN26405384,BOTHE PRAPTI SUNIL,95.514087,97.3781998,89.67,96.33,0,NORMAL,
4660,EN26158129,SWARALI DILIP WASU,95.514087,99.6249809,93.67,98.0,0,NORMAL,
4661,EN26337593,SANKET SAMBHAJI HAWADE,95.514087,97.2984447,71.67,88.83,0,NORMAL,
4662,EN26424918,ESHAN SINGH NEGI,95.514087,,81.33,95.66,0,NORMAL,
4663,EN26432321,PRANAV MANOJ BARASKAR,95.514087,98.7794007,82.0,95.8,0,NORMAL,
4664,EN26329970,SHRADDHA JAYPRAKASH VISHWANATHE,95.5077847,98.0848861,77.67,96.4,0,NORMAL,
4665,EN26283995,MOHIT ASHISH SHARMA,95.5077847,97.8702175,78.0,90.8,0,NORMAL,
4666,EN26378234,LAXMAN HARIBHAU DHAKARGE,95.5077847,99.2650104,78.33,99.2,0,NORMAL,
4667,EN26104679,ADITYA RAJU KENE,95.5077847,98.5973225,67.33,90.2,0,NORMAL,
4668,EN26181805,HARSHIT BHATIA,95.5077847,99.2190806,86.33,91.0,0,NORMAL,
4669,EN26233316,APOORV SINGH,95.5077847,,84.0,92.83,0,NORMAL,
4670,EN26143337,FAHIM NAZIR DAULATABAD,95.5077847,93.6831704,69.67,93.6,0,NORMAL,
4671,EN26184810,NIDHI NILESH LIKHITE,95.5072464,99.4246825,90.67,98.16,0,NORMAL,
4672,EN26459711,SHRIJEET DIGAMBARRAO MANJRAMKAR,95.5072464,96.2409787,79.0,95.6,0,NORMAL,
4673,EN26174434,MISHRA SHIVAM SANJAY,95.5072464,98.2533366,68.0,90.6,0,NORMAL,
4674,EN26346317,PRATHMESH MAHADEV TAUR,95.5072464,99.098911,74.33,90.66,0,NORMAL,
4675,EN26247197,SHAURYA VIMAL SAVLA,95.5072464,99.5239595,85.33,89.83,0,NORMAL,
4676,EN26165083,DHRUV RAJENDRA AHIRE,95.5072464,78.2850242,77.0,79.8,0,NORMAL,
4677,EN26201598,MADHUMITHAA,95.5072464,97.9968203,89.67,95.83,0,NORMAL,
4678,EN26358048,PUSHKAR DHANANJAY INGALE,95.5072464,97.8090928,88.0,99.4,0,NORMAL,
4679,EN26207540,WAGHMARE SHARWARI RAVINDRA,95.5072464,89.621821,65.0,98.0,0,NORMAL,
4680,EN26107934,SHRAWANI ASHUTOSH JOSHI,95.504384,95.5945285,82.33,93.6,0,NORMAL,
4681,EN26122363,VISHESH BHAT,95.504384,,68.33,83.6,0,NORMAL,
4682,EN26347852,YADNESH YASHAWANT SAWANT,95.504384,99.4960569,87.33,98.0,0,NORMAL,
4683,EN26224629,PURVESH KAMLESH BORA,95.504384,96.3494357,76.0,95.2,0,NORMAL,
4684,EN26290985,HENOSH ANIL MARIYAPNOOR,95.504384,98.84049,87.0,92.2,0,NORMAL,
4685,EN26122898,KUNAL DHANARAJ SAGALE,95.504384,98.8923623,81.0,94.4,0,NORMAL,
4686,EN26180813,HAIDER HUSAIN TINWALA,95.504384,99.712889,96.0,95.66,0,NORMAL,
4687,EN26256301,ARYAN MANISH VATYANI,95.504384,99.4920657,94.67,93.8,0,NORMAL,
4688,EN26235055,MUNDE VARAD DILIP,95.504384,95.1577916,69.0,93.16,0,NORMAL,
4689,EN26337473,JAY SATYANARAYAN KAPOORIYA,95.5033843,99.2123846,71.33,91.2,0,NORMAL,
4690,EN26336516,GANDHAR NILESH DHOPAVKAR,95.5033843,99.3669144,76.67,90.51,0,NORMAL,
4691,EN26327993,RAJAS NITIN BHENDE,95.5033843,96.1741748,69.67,89.4,0,NORMAL,
4692,EN26157180,VEDANTI NARENDRA PRACHAND,95.5033843,99.271977,83.33,97.8,0,NORMAL,
4693,EN26156950,ANSH MACHINDRANATH BHOSALE,95.5033843,98.1066,82.33,91.0,0,NORMAL,
4694,EN26251469,VAIBHAV KUMAR TIWARI,95.5033843,97.5511952,91.0,97.2,0,NORMAL,
4695,EN26280107,PRATIK ASHOK PAWAR,95.5033843,98.174902,73.67,91.6,0,NORMAL,
4696,EN26394315,AASHI KHANDELWAL,95.5033843,99.1536834,84.0,98.4,0,NORMAL,
4697,EN26290865,OM PRAMOD PAWAR,95.5033843,98.9878776,89.0,86.5,0,NORMAL,
4698,EN26339863,ARADHYA CHAUDHARY,95.5033843,,85.0,97.0,0,NORMAL,
4699,EN26289032,AARRAV RAVIRAJ KAKADE,95.5011583,83.1950716,43.33,73.8,0,NORMAL,
4700,EN26278740,HARSHITA RAKESH CHUDASAMA,95.5011583,98.7839138,76.33,98.2,0,NORMAL,
4701,EN26117014,HOMESH KAMLAKAR PATIL,95.5011583,99.6583984,87.33,96.0,0,NORMAL,
4702,EN26103527,HUZAIFA HASNAIN POONAWALA,95.5011583,99.6887728,91.0,97.16,0,NORMAL,
4703,EN26388794,PATWARDHAN TEJAS SANTOSH,95.5011583,,71.33,95.6,0,NORMAL,
4704,EN26107117,BHARGAVRAM GAJANAN CHINCHOLKAR,95.5011583,99.082285,88.0,99.4,0,NORMAL,
4705,EN26485438,SAURAV SURESH WANANJE,95.5011583,94.2477571,89.0,97.2,2,MEDIUM,CET_vs_HSC: CET is LOWER than expected by 55 rank pts; CET_vs_HSC_SSC: CET is LOWER than expected by 60 rank pts
4706,EN26294808,AMITAV JHA,95.5011583,98.8243967,86.33,89.5,0,NORMAL,
4707,EN26341687,VEDANT SANDEEP PAWAR,95.5011583,98.5058661,83.0,95.3,0,NORMAL,
4708,EN26257417,VANSH RAJESH CHANDAK,95.5011583,97.6882405,82.67,95.4,0,NORMAL,
4709,EN26434449,SUBHODEEP GHOSH,95.5011583,,83.67,94.8,0,NORMAL,
4710,EN26203280,VANDAN SHIVRAM RATHOD,95.5005848,55.4914407,67.0,71.0,0,NORMAL,
4711,EN26303013,MALWADE KRISHNA VIDDYASAGAR,95.5005848,99.4189527,78.0,94.6,0,NORMAL,
4712,EN26161537,S NEKHIL,95.5005848,98.2126899,84.67,97.0,0,NORMAL,
4713,EN26335409,LAVANAYA VERMA,95.5005848,,90.0,92.33,0,NORMAL,
4714,EN26437323,SHARDUL VIJAY KEMPWADKAR,95.5005848,99.2710498,87.0,88.0,0,NORMAL,
4715,EN26176066,DESHPANDE FARHAN ALTAF,95.5005848,98.8869054,78.67,95.2,0,NORMAL,
4716,EN26170496,ATHARVA UJWAL DANGARE,95.5005848,98.2779955,66.33,93.6,0,NORMAL,
4717,EN26341148,SUMEDH AJIT PARANJAPE,95.5005848,98.9540325,86.67,94.2,0,NORMAL,
4718,EN26152844,SAKSHI LALIT HEDAU,95.5005848,98.2953551,81.67,94.4,0,NORMAL,
4719,EN26253114,AMOGH JOSHI,95.5005848,98.976603,90.0,95.6,0,NORMAL,
4720,EN26229225,AMAN ABDULRASHID PATEL,95.5005848,99.2231747,88.0,95.66,0,NORMAL,
4721,EN26246268,AYUSH SANJAY YADAV,95.5005848,95.3963666,81.33,91.8,0,NORMAL,
4722,EN26444230,SURAJ KUMAR GUPTA,95.5005848,,86.0,89.33,0,NORMAL,
4723,EN26257978,UDAY SHANKARRAO PIMPALKAR,95.5001042,97.5715826,75.33,89.6,0,NORMAL,
4724,EN26142582,SHREESH SAMIR OAK,95.5001042,98.4843712,78.33,84.4,0,NORMAL,
4725,EN26120268,SOHAM TARUNKUMAR PATEL,95.5001042,99.5651337,85.67,92.8,0,NORMAL,
4726,EN26204436,GEETAI PRASHANT NANDANWAR,95.5001042,99.4371482,96.0,98.6,0,NORMAL,
4727,EN26481487,HARSHIT RAJ,95.5001042,,85.0,93.66,0,NORMAL,
4728,EN26189465,AGASTYA THAKUR,95.5001042,98.8193489,88.67,81.4,0,NORMAL,
4729,EN26123747,YUKTI HARSHAL PATIL,95.5001042,94.7100963,73.33,96.4,0,NORMAL,
4730,EN26420032,SATHE PAWAN SATISH,95.5001042,98.1582562,83.67,94.4,0,NORMAL,
4731,EN26374186,SUDHIR LAXMAN HAKKE,95.4866879,54.7674174,61.67,71.6,0,NORMAL,
4732,EN26337111,YASHASHRI FEGADE,95.4866879,97.4328274,90.0,96.6,0,NORMAL,
4733,EN26419394,DARSHANA DHONDIRAM GURAV,95.4866879,99.582595,87.0,95.2,0,NORMAL,
4734,EN26280843,ROSHANI RAJENDRA PATIL,95.4866879,98.5404249,77.67,98.2,0,NORMAL,
4735,EN26141098,JIVITESH ARUN PAWAR,95.4866879,81.2187812,39.33,83.6,0,NORMAL,
4736,EN26455517,SWAPNIL VITTHAL NARALE,95.4866879,26.6925382,41.67,72.4,0,NORMAL,
4737,EN26116494,ANVAY DESHPANDE,95.4866879,98.3419888,85.33,98.0,0,NORMAL,
4738,EN26176561,MUKUND DUBEY,95.4866879,,82.0,94.33,0,NORMAL,
4739,EN26418010,ANISH RAJKUMAR BIRADAR,95.4866879,,85.33,91.8,0,NORMAL,
4740,EN26211763,SARGAR SIDDHARTH DHONDIRAM,95.4866879,99.7440441,77.33,89.0,1,LOW,CET_vs_HSC_SSC: CET is HIGHER than expected by 57 rank pts
4741,EN26168747,AADITYA SINGH,95.4866879,,66.33,93.4,0,NORMAL,
4742,EN26253930,SARTHAK SAGAR PENKAR,95.4866879,95.9897611,79.0,91.42,0,NORMAL,
4743,EN26366526,RUTUJA SACHIN MUJUMDAR,95.4866879,98.0978932,87.0,96.0,0,NORMAL,
4744,EN26352721,TANYA PANKAJ SODHANI,95.4866879,76.5995199,49.0,83.2,0,NORMAL,
4745,EN26196282,DOYEL DIPAK CHAUDHARI,95.4866879,98.4842236,92.33,98.33,0,NORMAL,
4746,EN26423780,SABE PRASAD VIJAY,95.4849368,99.5527697,86.0,92.8,0,NORMAL,
4747,EN26234431,ARYAN BHUMESHWAR PARSHIONIKAR,95.4849368,98.7857913,87.33,86.8,0,NORMAL,
4748,EN26180526,SHWETANK SHEO,95.4849368,,77.67,95.66,0,NORMAL,
4749,EN26292137,UTKARSH RAMESHCHANDRA PANDEY,95.4849368,99.143221,83.0,94.6,0,NORMAL,
4750,EN26484224,SANDEEP K,95.4849368,,95.0,97.5,0,NORMAL,
4751,EN26149900,SHRIRAJ BHARAT SHENDAGE,95.4849368,98.5669073,67.0,87.0,0,NORMAL,
4752,EN26297322,YASH SUHAS NAGNE,95.4849368,99.14615,82.0,88.4,0,NORMAL,
4753,EN26273653,KIRAN RAMKISHAN DIGHE,95.4849368,97.1687299,71.67,96.2,0,NORMAL,
4754,EN26235281,SHREYASH SANDIP PATIL,95.4849368,98.9878776,86.33,96.0,0,NORMAL,
4755,EN26192413,ASHWIN CHOUDHARY,95.4849368,92.1628997,53.0,76.5,0,NORMAL,
4756,EN26455836,PRAPTI VINOD LADKAT,95.472175,,44.33,88.0,0,NORMAL,
4757,EN26446715,AARYAN CHATURVEDI,95.472175,,92.67,94.4,0,NORMAL,
4758,EN26274824,PRAGYAN KUMAR,95.472175,98.7089833,90.33,95.0,0,NORMAL,
4759,EN26124498,NAYAN SHAILESH JHA,95.4676895,97.8438084,73.67,94.2,0,NORMAL,
4760,EN26207831,RUDRA BHARAT GOPANI,95.4676895,99.7007285,93.67,95.83,0,NORMAL,
4761,EN26372645,AMEY MAHESH HALDANKAR,95.4676895,93.3927676,68.33,95.6,0,NORMAL,
4762,EN26324603,YASHPAL LILADHAR DHOBLE,95.4676895,96.7550691,72.33,90.8,0,NORMAL,
4763,EN26259368,ROHAN SUHAS SAWANT,95.4676895,94.8609201,71.33,92.6,0,NORMAL,
4764,EN26465450,MUSKAN SANGEETA NAPHADE,95.4642059,98.781718,71.33,94.83,0,NORMAL,
4765,EN26338989,SAMARTH VASUDEV SONAWANE,95.4642059,97.9611464,76.33,95.2,0,NORMAL,
4766,EN26145868,CHINMAY SANJIWAN BHOITE,95.4642059,99.5720617,86.0,93.16,0,NORMAL,
4767,EN26105245,KAMAKSHI CHANDRASEKHAR SINHA,95.4642059,99.6691671,97.33,96.4,0,NORMAL,
4768,EN26311930,ALIYA NAJIRAHAMAD PIRJADE,95.4642059,94.7254335,71.67,94.4,0,NORMAL,
4769,EN26110084,AASTHA KAILAS DHULIYA,95.4642059,97.7920203,83.67,92.4,0,NORMAL,
4770,EN26448575,ANISHK MAHAVIR GANDHI,95.4642059,,76.0,97.4,0,NORMAL,
4771,EN26105820,RAJKUMAR YUVRAJ GAIKWAD,95.4642059,97.7942456,79.67,94.0,0,NORMAL,
4772,EN26322156,VAISHNAV VINOD KHADSE,95.4642059,,68.33,94.8,0,NORMAL,
4773,EN26346565,SAYYED NIHAL SAYYED NASEER,95.4555568,99.5350803,87.0,80.4,0,NORMAL,
4774,EN26348804,GAURANG GANESH MAMDYAL,95.4555568,99.6583984,81.33,93.4,0,NORMAL,
4775,EN26416148,SHAURYA MAHESHWARI,95.4555568,,84.67,92.8,0,NORMAL,
4776,EN26115256,SHASWAT AMBASTHA,95.4555568,97.8699465,91.67,94.7,0,NORMAL,
4777,EN26221674,SHARVIL PRADIP CHANDGADKAR,95.4555568,96.113225,82.33,97.6,0,NORMAL,
4778,EN26386167,MAHIM ABHIJIT VEKHANDE,95.4555568,97.305038,67.33,80.4,0,NORMAL,
4779,EN26316009,SAMRUDDHI GIRISH JOSHI,95.4555568,98.4296784,91.67,96.2,0,NORMAL,
4780,EN26243256,VIHAAN ANKIT SHAH,95.4555568,98.8613195,80.33,96.6,0,NORMAL,
4781,EN26369592,SUNNY KUMAR,95.4555568,,80.33,84.5,0,NORMAL,
4782,EN26261696,ATHARAV SACHIN RAUT,95.4555568,97.9857027,66.0,94.4,0,NORMAL,
4783,EN26164800,ABHIJEET NILESH FOKMARE,95.4555568,99.271977,70.33,90.5,0,NORMAL,
4784,EN26456383,HARSHIT MANI,95.4555568,,85.0,90.0,0,NORMAL,
4785,EN26456066,PRASHANT RAJ,95.4555568,,79.0,94.0,0,NORMAL,
4786,EN26225692,SWARA SUNIL KARANJIVKAR,95.4555568,98.2258996,83.33,94.6,0,NORMAL,
4787,EN26339689,KUNAL RUSHIKESH SONAR,95.4555568,95.8890489,75.67,95.0,0,NORMAL,
4788,EN26208475,ANVYASH ARVIND MANE,95.4555568,96.2707087,66.33,94.0,0,NORMAL,
4789,EN26350678,ARIN BANSAL,95.4439361,,82.67,80.4,0,NORMAL,
4790,EN26258559,ATHARV GARG,95.4439361,,76.67,91.8,0,NORMAL,
4791,EN26147438,OMRAJ NALAWADE,95.4439361,96.7675378,80.0,86.4,0,NORMAL,
4792,EN26360138,SHREYASH RAJKUMAR CHIKRALE,95.4439361,99.8422774,81.67,95.0,0,NORMAL,
4793,EN26317607,SAHIL SANTOSH JADHAV,95.4439361,97.9731032,86.33,95.6,0,NORMAL,
4794,EN26327590,DIVYA CHANDRAKANT SALVE,95.4439361,98.7819872,85.33,97.2,0,NORMAL,
4795,EN26395222,VASHISH MUKESH DABHI,95.4439361,98.4296784,73.33,95.33,0,NORMAL,
4796,EN26234041,RUTANKSH SACHIN DHAWANGALE,95.4439361,98.3622982,84.33,96.4,0,NORMAL,
4797,EN26176543,YASH MANAS SHIRODE,95.4439361,98.2786369,80.67,91.4,0,NORMAL,
4798,EN26366677,VINEET DADASAHEB SHENDAGE,95.4439361,97.3099865,79.33,91.8,0,NORMAL,
4799,EN26388023,RUGVED SUNIL DESHMUKH,95.4439361,98.2764644,82.0,97.0,0,NORMAL,
4800,EN26375135,ARNAV ANAND PATHAK,95.4373862,99.0524224,87.33,97.2,0,NORMAL,
4801,EN26185024,ARYAN PRASHANT KARLEKAR,95.4373862,60.1814551,66.67,83.6,0,NORMAL,
4802,EN26105716,ESHAN MATHEW JOHN,95.4373862,,49.0,73.66,0,NORMAL,
4803,EN26342674,ANWAY SANDEEP DHOLE,95.4373862,98.9805732,88.67,89.2,0,NORMAL,
4804,EN26313607,REYANSH SUREKA,95.4373862,99.1107033,91.0,96.83,0,NORMAL,
4805,EN26192430,NIHAL RAGHAVMANI TIWARI,95.4373862,99.5959207,88.33,91.2,0,NORMAL,
4806,EN26161519,DAKSH DWARKAPRASAD SHARMA,95.4373862,98.847481,86.0,87.2,0,NORMAL,
4807,EN26198427,OM PRAFFUL SHINGADE,95.4373862,58.1150221,49.33,74.6,0,NORMAL,
4808,EN26360948,GULHANE KAUSTUBH KAILASH,95.4163592,99.2754384,77.0,97.0,0,NORMAL,
4809,EN26413313,VARAD ANIL OLAMBE,95.4163592,98.4843712,77.33,97.0,0,NORMAL,
4810,EN26153999,HASITH SREEDHAR PALAPARTHY,95.4163592,97.5707384,77.33,88.33,0,NORMAL,
4811,EN26438209,MANTHAN DIPAK DESHMUKH,95.4163592,98.8243967,85.33,94.4,0,NORMAL,
4812,EN26233111,VEDANT RAJENDRA PATIL,95.4163592,47.8755661,62.0,91.0,0,NORMAL,
4813,EN26409930,SARTHAK MOHAN TIWARI,95.4163592,98.9413135,82.67,91.4,0,NORMAL,
4814,EN26182736,SOHAM JITENDRA BOBHATE,95.4163592,99.7079843,84.33,96.0,0,NORMAL,
4815,EN26356451,AKHIL VEJENDLA,95.4163592,96.7001378,90.0,85.8,0,NORMAL,
4816,EN26140390,MANAL RITIKA KRISHNA,95.4163592,96.3494357,73.67,96.83,0,NORMAL,
4817,EN26369215,ABHINAV SACHIN MAHAJAN,95.4163592,98.1370729,67.67,88.71,0,NORMAL,
4818,EN26402939,SHRUSHTI MACHHINDRA BERAD,95.4163592,97.4914261,77.33,96.66,0,NORMAL,
4819,EN26268137,RUSHIKESH JAYPRAKASH DESALE,95.4163592,98.0683302,94.0,94.4,0,NORMAL,
4820,EN26412873,MANALP JAIN,95.4163592,97.2067626,89.0,78.6,0,NORMAL,
4821,EN26299693,SHRADHA SANDIP UBALE,95.4163592,99.4403921,90.33,94.0,0,NORMAL,
4822,EN26163981,GORAKSHA ARUN LAD,95.413814,81.643697,48.67,95.6,0,NORMAL,
4823,EN26412927,HARSHITA NILKANTH JHAVAR,95.413814,97.9285034,96.0,96.33,0,NORMAL,
4824,EN26181428,AARYAN SAXENA,95.413814,97.628377,88.33,91.2,0,NORMAL,
4825,EN26153528,ATHARVA BALASAHEB CHARHATE,95.413814,96.8016647,82.33,91.6,0,NORMAL,
4826,EN26124229,TUSHAR HANUMANSINGH RAJPUROHIT,95.413814,98.9382574,92.0,93.8,0,NORMAL,
4827,EN26182427,VEDANT GHOSH,95.413814,98.6663866,87.67,90.0,0,NORMAL,
4828,EN26347861,RUTUJA SACHIN SHINDE,95.413814,99.7550895,81.33,98.0,0,NORMAL,
4829,EN26234002,AMRUT HARIBHAU RAUT,95.413814,99.3188428,81.33,91.8,0,NORMAL,
4830,EN26315014,KRISHNA AJAY DUBEY,95.413814,98.0978932,77.67,92.5,0,NORMAL,
4831,EN26117694,PARTH VIJAY NIVANGUNE,95.4075115,99.9020362,86.33,91.6,0,NORMAL,
4832,EN26126106,PAWAR ABHIRAJ VIVEK,95.4075115,99.2052023,91.0,82.0,0,NORMAL,
4833,EN26477818,SUCHIR GUPTA,95.4075115,93.9551486,63.0,73.6,0,NORMAL,
4834,EN26396551,SANKET SANTOSH JEUGHALE,95.4075115,98.5074053,91.67,90.6,0,NORMAL,
4835,EN26198342,AYUSH PANDEY,95.4075115,,77.67,89.0,0,NORMAL,
4836,EN26238477,SAITIRTH MOHANTY,95.4075115,95.881079,52.67,85.8,0,NORMAL,
4837,EN26114439,JAYAM SANJAY TANDEL,95.4075115,98.2171021,69.33,92.8,0,NORMAL,
4838,EN26407934,VIHAAN PREMAL SHAH,95.4075115,95.7931795,70.0,93.6,0,NORMAL,
4839,EN26339005,TEJASI AMEET TADOKAR,95.4075115,97.8985175,78.0,90.4,0,NORMAL,
4840,EN26314501,HARSHAL GAJANAN MATODE,95.4075115,87.8873794,67.0,88.8,0,NORMAL,
4841,EN26411258,ARYAN VERMA,95.4075115,,80.33,90.4,0,NORMAL,
4842,EN26387754,SHRADHA AUDUMBAR WANGDARE,95.4075115,97.7983129,72.67,92.2,0,NORMAL,
4843,EN26415378,POONAM GUPTA,95.3960966,97.9733277,75.67,80.2,0,NORMAL,
4844,EN26270695,SIDDHANT MAHAVEER MALIKWADE,95.3960966,98.7438472,88.0,91.2,0,NORMAL,
4845,EN26334235,MEET GEHLOT,95.3960966,95.9897611,80.33,91.16,0,NORMAL,
4846,EN26242221,PRATIK BHAVSAR,95.3960966,98.5722045,78.0,92.83,0,NORMAL,
4847,EN26346218,ANSHUL PREETAM BAGDE,95.3960966,99.656121,88.0,88.4,0,NORMAL,
4848,EN26466997,RAIPALLY RAJESH,95.3960966,,98.89,100.0,0,NORMAL,
4849,EN26462554,DIVYANSH SINGH KUSHWAH,95.3960966,98.4431408,88.67,89.0,0,NORMAL,
4850,EN26219778,SHUBHAM BHASKAR GONATE,95.3960966,98.6313993,90.33,95.0,0,NORMAL,
4851,EN26188867,ADITYA UDAY SHETTY,95.3960966,97.6794304,66.67,92.0,0,NORMAL,
4852,EN26412611,VATSAL JATINBHAI KAMDAR,95.3948456,98.1734676,87.0,88.2,0,NORMAL,
4853,EN26184376,MRUNALI SANDESH PAWAR,95.3948456,99.3375962,79.33,95.8,0,NORMAL,
4854,EN26360754,ANIMISH ANAND GAWHANKAR,95.3948456,98.4843712,82.33,89.5,0,NORMAL,
4855,EN26292616,AMEY HARSHAD PARAB,95.3948456,95.9638704,80.67,95.16,0,NORMAL,
4856,EN26181818,VEDANT UDAY THUBE,95.3948456,99.0434195,90.0,95.6,0,NORMAL,
4857,EN26231112,BANSARI SAMIT BHAVSAR,95.3948456,98.9608845,91.0,99.0,0,NORMAL,
4858,EN26359574,GAYATRI VIKRANT NAIR,95.3948456,96.9644681,96.33,95.8,1,LOW,CET_vs_HSC_SSC: CET is LOWER than expected by 53 rank pts
4859,EN26115533,RAUSHAN KUMAR,95.3948456,,48.67,65.16,0,NORMAL,
4860,EN26130981,ADESH GAJANAN NIKHADE,95.394562,98.4914374,82.67,92.8,0,NORMAL,
4861,EN26348282,PURVA JALINDAR GAIKWAD,95.394562,98.6285832,83.0,93.4,0,NORMAL,
4862,EN26369265,DISHA VIVEK RANAWARE,95.394562,99.2782017,78.0,96.6,0,NORMAL,
4863,EN26173968,MRUDUNGA RAJENDRA KHADSE,95.394562,99.0212323,87.67,92.2,0,NORMAL,
4864,EN26431918,NIKHIL NAGARAJA RAO,95.394562,98.8788315,71.67,92.0,0,NORMAL,
4865,EN26206170,SANYOGITA SANJAY JAGTAP,95.394562,99.5895601,82.33,96.0,0,NORMAL,
4866,EN26276718,HASAN NAWAZ DALWAI,95.394562,99.1459959,70.0,88.6,0,NORMAL,
4867,EN26106879,ANUSHA VIKRAM BHOSLE,95.394562,99.3188428,85.33,97.66,0,NORMAL,
4868,EN26363482,FARHAN ISHTIYAQ AHMED,95.394562,97.7777778,82.0,94.16,0,NORMAL,
4869,EN26425101,TANMAY BALASO THOPATE,95.3767718,54.4258624,74.67,54.33,0,NORMAL,
4870,EN26370075,VEDANTI MAHESH MHATRE,95.3767718,79.8369603,59.0,84.0,0,NORMAL,
4871,EN26364541,AISHWARYA ATUL RUDRAKANTHWAR,95.3767718,98.5735891,86.33,97.4,0,NORMAL,
4872,EN26148970,VINAMRA TELA,95.3767718,99.2754384,83.0,78.57,0,NORMAL,
4873,EN26154029,ISHITA SANTOSH SURYAVANSHI,95.3764772,98.9164146,81.0,96.0,0,NORMAL,
4874,EN26372746,SAHIL DIPAK EKADE,95.3764772,95.8890489,88.0,86.6,0,NORMAL,
4875,EN26220827,CHINMAY DIPAK PAGAR,95.3764772,95.7805094,66.33,89.2,0,NORMAL,
4876,EN26182384,MANAN VARUN SETH,95.3764772,98.302867,86.33,95.8,0,NORMAL,
4877,EN26330123,ATHARV PRAMOD JADHAV,95.3764772,94.4720497,73.33,94.4,0,NORMAL,
4878,EN26240575,YASH PARASHURAM KAPASE,95.3764772,99.057971,80.67,95.2,0,NORMAL,
4879,EN26439339,SHARVIN SHANTARAM PADWAL,95.3740848,98.9470719,75.67,92.4,0,NORMAL,
4880,EN26133954,MOHAMMED ATIQUE VISAVADERWALA,95.3740848,,60.33,86.0,0,NORMAL,
4881,EN26219627,MEET PRITAM KHATRI,95.3740848,99.4684566,76.67,92.5,0,NORMAL,
4882,EN26114078,TIWARI RAJ,95.3740848,97.0213585,80.0,92.66,0,NORMAL,
4883,EN26185148,ARYAN GUPTA,95.3740848,,51.0,81.0,0,NORMAL,
4884,EN26172877,DANGE YASHRAJ SURESH,95.3740848,99.1076278,69.0,90.4,0,NORMAL,
4885,EN26392990,SAUMYA CHETAN PISE,95.3740848,98.1351709,87.0,92.6,0,NORMAL,
4886,EN26181346,KHUSHIL VIJAY SURYAVANSHI,95.3740848,95.5358718,70.0,91.8,0,NORMAL,
4887,EN26374672,VIHAAN SANDEEP RANE,95.3643079,97.7919096,69.0,94.4,0,NORMAL,
4888,EN26433914,SIMRAN KAUR,95.3643079,94.9427415,74.33,91.0,0,NORMAL,
4889,EN26275572,SNEH CHIRAGKUMAR PATEL,95.3643079,,85.67,89.5,0,NORMAL,
4890,EN26216347,JADHAV PARTHAVI ASHRUBA,95.3643079,96.6545506,82.0,97.4,0,NORMAL,
4891,EN26103592,NIKHIL AMOL BEHERE,95.3643079,,65.0,92.6,0,NORMAL,
4892,EN26335555,RIYA RAJESH GIRAP,95.3643079,99.2765642,92.33,97.4,0,NORMAL,
4893,EN26332821,MUNDE VEDIKA BALAJI,95.3643079,91.7854984,61.0,92.6,0,NORMAL,
4894,EN26141306,RAJVARDHAN YOGIRAJ SAKHARE,95.3643079,96.5565559,73.0,99.2,0,NORMAL,
4895,EN26247510,SAHERISH NAAZ ANIS ALI SAYYED,95.364034,22.1854696,76.33,80.2,0,NORMAL,
4896,EN26130385,AARYAN BHAVESH SHAH,95.364034,98.2117385,86.33,97.0,0,NORMAL,
4897,EN26118587,BHAVESH LOTAN CHAUDHARI,95.364034,97.7312329,77.0,92.2,0,NORMAL,
4898,EN26293941,GHOLAP ARJUN PRAMOD,95.364034,94.893496,74.33,88.4,0,NORMAL,
4899,EN26275718,BHARGAV SUGAT SHENDE,95.364034,98.3867855,88.33,96.0,0,NORMAL,
4900,EN26232928,KUNAL VISHNU PATIL,95.364034,98.9164146,78.67,99.4,0,NORMAL,
4901,EN26234444,SAMRAT VISHAL THITE,95.3547686,91.6610792,52.67,94.2,0,NORMAL,
4902,EN26207943,PINAANK MISTRY,95.3547686,93.603531,79.0,89.0,0,NORMAL,
4903,EN26365812,BHAVYA GUPTA,95.3547686,97.4706885,85.33,94.4,0,NORMAL,
4904,EN26239952,ARNAV BRIJESH MISHRA,95.3547686,97.7777778,86.67,93.0,0,NORMAL,
4905,EN26288721,ASHOK SIRVI,95.3547686,,85.56,90.33,0,NORMAL,
4906,EN26439501,MOHD AALI SALMAN,95.3547686,,89.67,93.0,0,NORMAL,
4907,EN26429898,ARNAV KISHOR HOMKAR,95.3547686,98.7328923,84.0,88.6,0,NORMAL,
4908,EN26288724,MAHANVAR RAMA KHANDU,95.3547686,97.1576493,77.0,90.0,0,NORMAL,
4909,EN26104520,ADVAITA BALASAHEB PHULE,95.3547686,98.1761432,64.67,94.8,0,NORMAL,
4910,EN26188439,SUYASH NILESH TRIPATHI,95.3547686,,85.0,91.2,0,NORMAL,
4911,EN26258474,DAKSH RITESH JETHANI,95.3547686,96.8036058,84.33,90.5,0,NORMAL,
4912,EN26279881,CHINMAY SWANAND CHAUDHARI,95.3517338,99.2434663,81.0,94.83,0,NORMAL,
4913,EN26107447,VAIBHAVI VINODKUMAR GUPTA,95.3517338,98.8923623,89.67,94.4,0,NORMAL,
4914,EN26437723,DAKSH LOHIA,95.3485646,98.9173025,86.33,95.2,0,NORMAL,
4915,EN26104620,VEDANT NILESH BADGE,95.3485646,98.9726962,78.33,91.2,0,NORMAL,
4916,EN26376893,SAMARTH SADASHIV RAUT,95.3485646,94.4638756,74.0,95.2,0,NORMAL,
4917,EN26284148,MAHEER DEVENDRA JAIN,95.3485646,98.8989816,84.0,98.66,0,NORMAL,
4918,EN26225831,ABHINAV TIWARI,95.3485646,,72.67,84.5,0,NORMAL,
4919,EN26390950,SOHAM VISHWANATH KULKARNI,95.3485646,99.3515358,83.0,96.4,0,NORMAL,
4920,EN26179729,ARJUN KADUBA WADHEKAR,95.3485646,96.5674269,91.67,94.4,0,NORMAL,
4921,EN26341343,SATVIK BHAVESH MADANKAR,95.3485646,93.8417347,79.67,92.33,0,NORMAL,
4922,EN26111633,RUDRA JIGAR SHAH,95.3485646,96.8804098,88.67,94.83,0,NORMAL,
4923,EN26230647,AMEY SACHIN REDEKAR,95.3480043,98.9616221,78.0,90.2,0,NORMAL,
4924,EN26253089,LATHI ATHARVA SACHIN,95.3480043,97.9249147,69.67,86.5,0,NORMAL,
4925,EN26241923,SHOURYAN BODELE,95.3480043,97.1170667,73.67,88.33,0,NORMAL,
4926,EN26185619,SAKSHI ANIL DERE,95.3480043,98.4666744,75.33,91.6,0,NORMAL,
4927,EN26182284,ARYASH MANOJ SINGH,95.3480043,99.5392491,88.67,98.8,0,NORMAL,
4928,EN26200173,CHAKSHU BHARDWAJ,95.3480043,98.6704553,91.67,93.83,0,NORMAL,
4929,EN26117939,SHRAVAN UDDHAV NAIK,95.3480043,95.9271498,77.67,94.6,0,NORMAL,
4930,EN26190857,MOHAMMAD KAIF ABDUL NASIR ASAR,95.3480043,99.4457307,85.0,95.6,0,NORMAL,
4931,EN26287983,VIDHI AMOL PATIL,95.3480043,95.9511018,70.33,97.6,0,NORMAL,
4932,EN26109778,VINIT SUJEET GADIYA,95.3480043,97.35148,81.0,93.6,0,NORMAL,
4933,EN26268095,RADHIKA SUDEEP MASURKAR,95.3457968,94.9146711,37.67,90.8,0,NORMAL,
4934,EN26380175,PUSHKAL JALKHARE,95.3457968,,78.0,92.0,0,NORMAL,
4935,EN26482772,OM PAWAR,95.3457968,95.1979522,71.33,91.66,0,NORMAL,
4936,EN26120582,SHIV TUSHAR AMBHORE,95.3457968,96.8804098,88.33,89.66,0,NORMAL,
4937,EN26167030,JIYA MAHENDRA PAWAR,95.3357344,97.0991989,79.0,91.2,0,NORMAL,
4938,EN26214064,CHAITANYA GOVIND NAGARGOJE,95.3357344,98.7189844,79.67,96.4,0,NORMAL,
4939,EN26378720,GAURAV SANDIP SHELKE,95.3357344,90.354069,74.0,72.6,0,NORMAL,
4940,EN26203986,AVANI NILESH KENDE,95.3357344,96.5942413,72.0,95.0,0,NORMAL,
4941,EN26172418,NEHAL VINAYAK KULKARNI,95.3357344,96.0186459,80.67,94.16,0,NORMAL,
4942,EN26230394,VEDANT SHIVAJI GUNDE,95.3357344,97.4706885,62.33,96.4,0,NORMAL,
4943,EN26442160,ADITYA SANTOSH MORE,95.3357344,99.8253173,80.67,83.2,1,LOW,CET_vs_HSC_SSC: CET is HIGHER than expected by 57 rank pts
4944,EN26295893,KARAN GAJANAN GORE,95.3357344,76.099588,36.67,74.6,0,NORMAL,
4945,EN26149622,BHAKTI TARUN RATHI,95.32896,98.3463375,82.33,95.2,0,NORMAL,
4946,EN26333137,VEDANT POPAT VETAL,95.32896,96.7001378,78.0,93.6,0,NORMAL,
4947,EN26133469,GIRISH RAJENDRA DANDGE,95.32896,98.8328486,91.0,91.83,0,NORMAL,
4948,EN26477980,RODE ATHARVA BHIMRAO,95.32896,95.8883843,74.0,93.2,0,NORMAL,
4949,EN26254004,ADITYA GUPTA,95.32896,96.8016647,82.33,92.33,0,NORMAL,
4950,EN26315089,SARTHAK CHANGDEV SABALE,95.32896,72.5022286,66.0,84.4,0,NORMAL,
4951,EN26112431,AADITYA PRIYAM,95.32896,,89.33,92.83,0,NORMAL,
4952,EN26339972,ANISH AMOL JAMKHANDE,95.32896,98.1392328,85.0,93.0,0,NORMAL,
4953,EN26288077,HAMDAN ATEEQUE AHMAD MALANI,95.32896,95.4482415,84.33,85.2,0,NORMAL,
4954,EN26374200,GUNTAAS SINGH CHHABRA,95.32896,95.937512,86.0,93.2,0,NORMAL,
4955,EN26202464,PRATHAMESH RAVINDRANATH JADHAV,95.32896,99.4914794,77.33,93.66,0,NORMAL,
4956,EN26174357,RONAK SHAILESH FULFAGAR,95.3203509,98.1392328,86.67,93.8,0,NORMAL,
4957,EN26106203,PRATHAM PRADEEP SAHU,95.3203509,97.6372992,87.0,97.5,0,NORMAL,
4958,EN26338157,DWIJ VIKAS DESAI,95.3203509,98.5426548,82.33,95.0,0,NORMAL,
4959,EN26227159,ARJUN SAMBHAJI ASOLKAR,95.3203509,97.5899394,86.0,84.4,0,NORMAL,
4960,EN26339946,SHIVANG CHAURASIA,95.3203509,,76.33,93.0,0,NORMAL,
4961,EN26285091,MRUGANK RAJENDRA THAKARE,95.3203509,96.9607316,90.33,97.6,0,NORMAL,
4962,EN26169270,ARYAN VIJAY TALEKAR,95.3203509,82.4780187,41.67,90.8,0,NORMAL,
4963,EN26350281,TANISH CHANDRAKANT AHER,95.3203509,96.3494357,87.0,91.2,0,NORMAL,
4964,EN26280868,ATHARVA MANOHAR BHENDE,95.3203509,98.6729671,92.67,85.0,0,NORMAL,
4965,EN26430384,KANAWADE SAMRUDDHI RAJARAM,95.3203509,96.5079478,68.0,94.4,0,NORMAL,
4966,EN26269237,ATHARV SANTOSH ANDHALE,95.2993735,95.84196,75.67,96.33,0,NORMAL,
4967,EN26125295,ANSHUL SAGAR MATE,95.2993735,99.2177086,73.67,91.83,0,NORMAL,
4968,EN26371127,SAKSHI SAMIR SAOJI,95.2993735,98.3816163,76.33,89.4,0,NORMAL,
4969,EN26432593,ADITYA ASHISH AGARKAR,95.2993735,99.0049751,66.67,94.0,0,NORMAL,
4970,EN26119864,AARYA PRADEEP THOSAR,95.2993735,98.4640073,85.33,98.8,0,NORMAL,
4971,EN26293092,HARSHIT KUMAR RAHUL KUMAR TIWARY,95.2993735,96.5336351,83.0,94.8,0,NORMAL,
4972,EN26356485,NARAJE SUMIT RAJENDRA,95.2993735,97.5302943,74.0,95.8,0,NORMAL,
4973,EN26148497,OMKAR RAJU JADHAV,95.2993735,97.5416581,75.33,92.0,0,NORMAL,
4974,EN26373430,TUPTEWAR TANISHKA SANTOSH,95.2993735,94.4638756,78.0,95.2,0,NORMAL,
4975,EN26205081,SAMMED BHARAT KANIRE,95.2846867,99.4478951,75.0,94.6,0,NORMAL,
4976,EN26116868,ASHITANG PATHAK,95.2846867,24.7436032,53.0,68.33,0,NORMAL,
4977,EN26430755,OMKAR LAGAD,95.2846867,98.7794007,81.67,92.2,0,NORMAL,
4978,EN26280162,UTKARSH RUPESH KUMBHAR,95.2846867,99.4141383,87.67,97.44,0,NORMAL,
4979,EN26134495,SHARVA RAMESH ADSURE,95.2832868,98.297856,72.0,94.2,0,NORMAL,
4980,EN26450591,TUSHAR RAM TAYADE,95.2832868,97.4319413,82.67,94.8,0,NORMAL,
4981,EN26387378,AKHILESH RAKESH BORKAR,95.2832868,96.4922187,87.0,93.4,0,NORMAL,
4982,EN26120339,DARSHAN ANIL GAWANDE,95.2816969,97.8054608,86.67,85.0,0,NORMAL,
4983,EN26361387,YATHARTH ANKUR GUPTA,95.2816969,99.1672355,78.67,96.33,0,NORMAL,
4984,EN26153076,KHAN AREEB ATIF,95.2816969,98.3761272,92.67,92.57,0,NORMAL,
4985,EN26296914,ARHAM SUHAIL KARDEKAR,95.2816969,98.4596881,86.33,86.33,0,NORMAL,
4986,EN26393958,SUYASH SUDAM SHINDE,95.2816969,4.9620428,71.0,66.8,0,NORMAL,
4987,EN26284710,AKSHAY VINEESH ULIYATH,95.2816969,97.35148,88.0,91.2,0,NORMAL,
4988,EN26252736,BAGLANE SHUBHAM SANJAY,95.2816969,98.9613527,90.0,97.2,0,NORMAL,
4989,EN26171596,UDAY RAVINDRA BHOPLE,95.2767511,99.6259308,79.33,91.0,0,NORMAL,
4990,EN26348740,ANUSHKA SUNIL THORAT,95.2767511,99.1359803,80.0,98.2,0,NORMAL,
4991,EN26177829,HIMANSHU JITENDRA PATIL,95.2767511,67.458483,43.67,53.4,0,NORMAL,
4992,EN26105005,MANAS AVINASH SANAP,95.2767511,99.5185695,90.67,97.8,0,NORMAL,
4993,EN26227320,SUJAL KUNDAN PATIL,95.2767511,98.8800565,74.33,92.6,0,NORMAL,
4994,EN26455011,GAURAV NANDKUMAR SHELKE,95.2767511,53.7903103,81.33,78.5,0,NORMAL,
4995,EN26174021,KUNAL KUMAR,95.2767511,,89.78,90.4,0,NORMAL,
4996,EN26234982,ARYAN RANJEET YADAV,95.2767511,98.9480174,69.33,92.6,0,NORMAL,
4997,EN26280393,HRUGVED RAHUL AMANE,95.2634842,99.7374777,72.0,85.4,2,MEDIUM,CET_vs_HSC: CET is HIGHER than expected by 60 rank pts; CET_vs_HSC_SSC: CET is HIGHER than expected by 66 rank pts
4998,EN26186884,AASHRIT HARISH JAMB,95.2634842,98.700763,82.33,95.0,0,NORMAL,
4999,EN26112812,ANSUMAN PANDA,95.2634842,97.5899394,89.0,93.0,0,NORMAL,
5000,EN26448471,TANMAY SUNIL NAGOSE,95.2634842,55.2387338,44.67,75.6,0,NORMAL,
5001,EN26118931,RIDHEEMA PRASHANT KAPSE,95.2634842,99.530649,87.67,96.9,0,NORMAL,
5002,EN26312756,AVANI SANGAL,95.2634842,97.8438084,96.0,98.6,0,NORMAL,
5003,EN26335391,ABHISHEK VISHVESHWAR SWAMI,95.2634842,99.3139932,65.33,94.4,0,NORMAL,
5004,EN26352699,SUPRIYA SOMNATH ATKALE,95.2634842,97.1687299,71.33,99.4,0,NORMAL,
5005,EN26346934,ATHARVA PRADIP RATHOD,95.2634842,93.442623,73.33,93.0,0,NORMAL,
5006,EN26167648,AVINASH SINGH,95.2577821,98.976603,68.67,92.16,0,NORMAL,
5007,EN26292321,SATYAM KAUSHIK,95.2577821,98.3243876,88.33,92.83,0,NORMAL,
5008,EN26128462,JUNDRE PRATIK DIGAMBAR,95.2577821,99.0069374,81.0,94.6,0,NORMAL,
5009,EN26273086,YASH ARUN JADHAO,95.2577821,98.4990553,82.0,93.5,0,NORMAL,
5010,EN26255607,RASHI RAJESH MANJREKAR,95.2577821,98.0780781,75.0,97.0,0,NORMAL,
5011,EN26139097,RUGVED LAXMIKANT KOLHE,95.2577821,96.3586613,73.0,90.4,0,NORMAL,
5012,EN26365502,HIMANSHI DONGARDIYE,95.2577821,,76.0,94.66,0,NORMAL,
5013,EN26236059,JIYA PAVAN AGRAWAL,95.2577821,98.9805732,89.67,93.83,0,NORMAL,
5014,EN26174422,SHRIJIT SENGUPTA,95.2577821,98.5404249,91.33,99.0,0,NORMAL,
5015,EN26123282,ARYA GYAN PRAKASH SINGH,95.2577821,96.5917775,88.0,94.2,0,NORMAL,
5016,EN26346002,KRUNAL KADAJI TELANGE,95.2577821,88.1968791,69.67,97.4,0,NORMAL,
5017,EN26158544,VED INDRAMAL PARETHA,95.2553827,99.2069983,86.67,92.8,0,NORMAL,
5018,EN26173977,IRA RAJIV BHATIA,95.2553827,99.8076553,89.0,97.4,0,NORMAL,
5019,EN26392783,AISHWARYA PUROHIT,95.2553827,99.5111353,81.67,92.66,0,NORMAL,
5020,EN26145144,YUVAAN SANDEEP KHETAN,95.2549331,97.5899394,77.0,95.66,0,NORMAL,
5021,EN26410866,SAIRAJ DEVDAT KUDALE,95.2549331,99.8509858,91.0,95.16,0,NORMAL,
5022,EN26127538,RAUNAK HIRDAYANAND GUPTA,95.2549331,99.2799835,82.33,96.0,0,NORMAL,
5023,EN26110541,ATHARV DINESH PATIL,95.2549331,96.5179923,68.0,89.6,0,NORMAL,
5024,EN26358271,SHUBHAM RAJU CHAUDHARI,95.2549331,97.2937644,88.0,95.2,0,NORMAL,
5025,EN26103227,DEEKSHA VINOD ANCHAN,95.2549331,97.8130223,72.67,88.0,0,NORMAL,
5026,EN26144583,KRUSHNA MAHENDRA DARADI,95.2549331,97.2027972,80.67,88.5,0,NORMAL,
5027,EN26330671,RUSHABH NILKANTH LANDE,95.2549331,98.570253,85.0,90.2,0,NORMAL,
5028,EN26308039,ARATI SACHIN BANSODE,95.2549331,97.0532519,71.0,94.6,0,NORMAL,
5029,EN26234716,RANJIT VISHNU GODASE,95.2549331,93.3529772,61.33,87.2,0,NORMAL,
5030,EN26231718,KAUSTUBH GUPTA,95.2549331,98.5070698,90.0,93.5,0,NORMAL,
5031,EN26204910,VEDANT NILESH KUMBHAR,95.2549331,27.147084,40.0,84.8,0,NORMAL,
5032,EN26361796,SHINDE SUYASH VINOD,95.2549331,98.9713132,60.67,95.2,0,NORMAL,
5033,EN26489562,ZAINAB FATEMA,95.2549331,,72.67,93.8,0,NORMAL,
5034,EN26351587,YASHRAJ SHASHIKANT SONWALKAR,95.2541737,98.5722045,74.0,75.0,0,NORMAL,
5035,EN26388237,SONJE SHREYA SANDEEP,95.2541737,,72.67,95.6,0,NORMAL,
5036,EN26385737,ADIDEV SHEEJITH UNNI,95.2541737,98.6166496,77.67,95.0,0,NORMAL,
5037,EN26259662,MHASKE AADITYA GAJANAN,95.2541737,91.9625508,86.33,86.66,0,NORMAL,
5038,EN26364523,GAYTRI DIPAKRAO KORDE,95.2541737,97.3877775,60.33,91.0,0,NORMAL,
5039,EN26200887,CHAWALWALA QUSAI HOZEFA,95.2541737,96.433947,62.67,88.0,0,NORMAL,
5040,EN26195424,KRISHNA KAILASH JHA,95.2474059,98.6002947,82.67,85.4,0,NORMAL,
5041,EN26334517,PREM MAROTI BHALTADAK,95.2474059,99.3340235,87.67,96.33,0,NORMAL,
5042,EN26366090,SHRESHTH SHARMA,95.2474059,97.9779158,85.67,89.0,0,NORMAL,
5043,EN26400742,SHAIKH SABEER SHADUL,95.2474059,98.4842236,65.0,94.2,0,NORMAL,
5044,EN26446897,AARNA BALDI,95.2474059,98.700567,87.0,95.8,0,NORMAL,
5045,EN26147297,HARSH SHAILESH KORE,95.2368071,98.9203105,60.0,95.2,0,NORMAL,
5046,EN26158793,SHARVAY SHIRISH KONDAWAR,95.2368071,99.9615142,93.33,95.2,0,NORMAL,
5047,EN26279588,WELE SAMARTH PRASHANT,95.2368071,99.2148392,84.0,85.6,0,NORMAL,
5048,EN26340775,DEVASHISH PRADEEP BAPAT,95.2368071,98.1152875,79.33,92.66,0,NORMAL,
5049,EN26295427,ARYAN SANTRAM JADHAV,95.2368071,99.0772294,85.67,90.4,0,NORMAL,
5050,EN26167947,SIDDHARTH ANKIT SHARMA,95.2368071,98.8193489,76.67,93.42,0,NORMAL,
5051,EN26269437,ATHARVA SACHIN BUGE,95.2368071,98.4446702,76.67,88.8,0,NORMAL,
5052,EN26228338,KRRISH KETAN DALAL,95.2368071,98.9254087,77.67,89.0,0,NORMAL,
5053,EN26409675,KESHAV GERA,95.2368071,95.9873991,84.67,94.6,0,NORMAL,
5054,EN26149774,KRISH SURESH PARATE,95.2368071,96.7675378,83.0,91.6,0,NORMAL,
5055,EN26201400,ADYA SHARMA,95.2368071,,89.67,95.66,0,NORMAL,
5056,EN26213098,RAJ VILAS YADAV,95.2368071,96.1461976,71.67,90.0,0,NORMAL,
5057,EN26117122,KAMATHE KHUSHAL KAILASSWAMI,95.2368071,98.2533366,81.67,92.2,0,NORMAL,
5058,EN26416111,HARSHIT DUBEY,95.2368071,,75.33,93.4,0,NORMAL,
5059,EN26336464,ANKIT BRIJESHKUMAR DUBEY,95.2368071,96.4927019,62.0,87.8,0,NORMAL,
5060,EN26277636,MANAS MANISHKUMAR GANGWAL,95.2315051,99.3943022,85.33,91.8,0,NORMAL,
5061,EN26321158,RISHABH CHANDRAKANT MANE,95.2315051,99.2267861,89.33,96.5,0,NORMAL,
5062,EN26206829,BHAV HEMANT RAMBHAD,95.2315051,98.9722983,78.33,84.85,0,NORMAL,
5063,EN26133587,SOHAM JINCHANDRA MULE,95.2315051,99.0524224,72.67,90.33,0,NORMAL,
5064,EN26115204,AARUSH RAWAL,95.2315051,78.0816199,95.67,95.6,2,MEDIUM,CET_vs_HSC: CET is LOWER than expected by 74 rank pts; CET_vs_HSC_SSC: CET is LOWER than expected by 74 rank pts
5065,EN26272441,SARTHAK NILESH BAGAD,95.2315051,99.4778157,80.67,89.0,0,NORMAL,
5066,EN26361026,PRUTHVIRAJ UDDHAV SANAP,95.2315051,99.1425468,84.67,87.6,0,NORMAL,
5067,EN26358989,PRAGATI OMKAR CHOTIMATH,95.2315051,96.4922187,86.0,95.8,0,NORMAL,
5068,EN26191466,HARSHAL SATISH DEVGIRE,95.2315051,96.9378727,78.67,89.2,0,NORMAL,
5069,EN26322337,ROUNAK RAJIVA KUMAR SINGH,95.2279982,98.242524,81.67,92.2,0,NORMAL,
5070,EN26245327,RAGHAV GANESH LOHAR,95.2279982,99.5302977,80.0,88.4,0,NORMAL,
5071,EN26362195,ROHAN KISHOR TANKAR,95.2279982,99.3225882,75.33,94.8,0,NORMAL,
5072,EN26200751,PRATHMESH PRAKASH MEDHE,95.2279982,95.6935818,82.67,99.2,0,NORMAL,
5073,EN26479803,JANHAVI NILESHKUMAR SHAHU,95.2279982,,68.67,96.2,0,NORMAL,
5074,EN26434411,LAXMI MOTIRAMJI TURAK,95.2279982,97.35148,70.0,91.0,0,NORMAL,
5075,EN26301811,SUMEDH LAXMIKANT ASAWA,95.2279982,98.0919408,83.0,90.0,0,NORMAL,
5076,EN26303919,VEDANT DINANATH KHAPAKE,95.2279982,99.7829816,82.0,92.4,0,NORMAL,
5077,EN26369568,DHARMADHIKARI ANURAG SUHAS,95.2279982,98.9010239,74.33,94.8,0,NORMAL,
5078,EN26203798,UPHAD TEJAS SANTOSH,95.2279982,97.9005056,72.67,92.0,0,NORMAL,
5079,EN26110764,AMOGH PANDEY,95.221203,97.4288016,77.0,75.0,0,NORMAL,
5080,EN26406771,PRATYUSH VIKAS BAKLIWAL,95.221203,99.0390182,84.0,86.6,0,NORMAL,
5081,EN26391310,PRUTHVIRAJ VIJAY CHAVAN,95.221203,97.8346051,78.33,95.5,0,NORMAL,
5082,EN26222855,VYAS KOMAL KAILASH,95.221203,97.9249147,85.0,97.0,0,NORMAL,
5083,EN26457324,VIVA LAAD,95.221203,,82.33,90.4,0,NORMAL,
5084,EN26339784,HARSHAD LAXMAN TAMBE,95.221203,97.2159208,77.33,92.6,0,NORMAL,
5085,EN26169583,ASMI NILESH SAKHARE,95.221203,98.7109722,84.0,98.0,0,NORMAL,
5086,EN26328039,SAMRUDDHI SANTOSH PATIL,95.221203,99.0434195,77.33,97.2,0,NORMAL,
5087,EN26224973,RIYA DEEPAK MUDGAL,95.221203,98.7472209,86.33,96.2,0,NORMAL,
5088,EN26370190,YOGYA AMIT SIKARIYA,95.2177082,96.9618772,75.67,92.0,0,NORMAL,
5089,EN26229360,ADITI PRIYADARSHINI,95.2177082,98.2126899,77.33,94.2,0,NORMAL,
5090,EN26259590,ANANT SINGH,95.2177082,,82.33,92.16,0,NORMAL,
5091,EN26368487,TANVI AMOL DUBE,95.2177082,97.107136,88.67,95.6,0,NORMAL,
5092,EN26158848,NAHUSH PARIJAT VANAGE,95.2177082,95.0655625,76.33,96.0,0,NORMAL,
5093,EN26317068,MASKE CHAITANYA BAPU,95.2177082,97.4319502,73.0,93.6,0,NORMAL,
5094,EN26408029,SHASHANK DNYANESHWAR PAWAR,95.2177082,98.6575619,89.33,93.8,0,NORMAL,
5095,EN26338899,SHOURYA GUPTA,95.2177082,,72.33,95.83,0,NORMAL,
5096,EN26392671,RAVINDRA SINGH,95.2146547,,87.67,94.33,0,NORMAL,
5097,EN26485801,VIVEK OM PRAKASH YADAV,95.2146547,99.41195,78.67,90.4,0,NORMAL,
5098,EN26337799,SHRIPAL VIN,95.2146547,,95.33,96.33,0,NORMAL,
5099,EN26257520,SALUNKE ONKAR RAJENDRA,95.2146547,96.7647625,76.67,97.6,0,NORMAL,
5100,EN26153331,YUBARAJ CHAKRABORTY,95.2146547,,90.67,94.0,0,NORMAL,
5101,EN26339202,PIYUSH BHALCHANDRA PATIL,95.2146547,98.5426548,52.67,89.8,0,NORMAL,
5102,EN26337761,KARDULE SAGAR RAJESH,95.2146547,97.8063117,81.33,91.0,0,NORMAL,
5103,EN26135868,ABHINAV DINESH PALANDE,95.2146547,98.5283812,75.67,95.4,0,NORMAL,
5104,EN26198623,MAINAK MONDAL,95.2115745,98.3591071,82.67,87.83,0,NORMAL,
5105,EN26122914,JEET SANJAY JAIN,95.2115745,99.1344285,86.67,92.8,0,NORMAL,
5106,EN26143212,ARJUN SAIPRASAD VALANJU,95.2115745,98.1313859,85.33,95.0,0,NORMAL,
5107,EN26390129,MEDIKUNDA VISHNU VARDHAN YAJURVEDI,95.2115745,99.2534423,92.67,93.33,0,NORMAL,
5108,EN26200071,SWARAJ RAJESH BOBADE,95.2033157,98.9480174,86.33,96.6,0,NORMAL,
5109,EN26323905,PRADUM RAMESH KADAM,95.2033157,98.7794007,87.33,93.2,0,NORMAL,
5110,EN26490503,SHIVANSHI PANDEY,95.2033157,,96.0,96.5,0,NORMAL,
5111,EN26101995,VARAD DEVDATTA ATHAVALE,95.2033157,99.0686935,92.67,94.6,0,NORMAL,
5112,EN26246542,VIRAJ RAJESH SHAH,95.1886689,99.6912931,85.0,96.2,0,NORMAL,
5113,EN26246880,YASHMEET DINESH BHARNE,95.1886689,99.2975956,83.67,86.66,0,NORMAL,
5114,EN26154198,UTKARSH BHAGWAT,95.1886689,99.2921716,94.33,96.8,0,NORMAL,
5115,EN26215769,ARYAN ARORA,95.1886689,98.622643,87.33,86.2,0,NORMAL,
5116,EN26371435,SARTHAK SHARAD BHAVAR,95.1886689,91.9525714,89.33,93.0,2,MEDIUM,CET_vs_HSC: CET is LOWER than expected by 59 rank pts; CET_vs_HSC_SSC: CET is LOWER than expected by 55 rank pts
5117,EN26123151,ASMITA ASHOK RAYEWAR,95.1886689,99.900448,85.33,96.4,0,NORMAL,
5118,EN26415617,HANSRAJ MUKUND MUNDADA,95.1886689,96.4033464,82.33,92.8,0,NORMAL,
5119,EN26131218,ABDURRAHMAN AMIN SUNSIRA,95.1886689,98.9010239,76.33,83.0,0,NORMAL,
5120,EN26280073,GAUREE SAMADHAN LAKDE,95.1886689,96.8479282,93.0,94.28,0,NORMAL,
5121,EN26369914,HERAMB ANKUSH LOKARE,95.1886689,99.0394918,82.67,94.5,0,NORMAL,
5122,EN26266773,PURVESH RAKESH KAKUSTE,95.1886689,97.225256,87.67,90.83,0,NORMAL,
5123,EN26161693,VEDANT GUPTA,95.1886689,97.8998215,86.67,93.16,0,NORMAL,
5124,EN26374592,ARSIN AKBAR SHAIKH,95.1886689,96.6852182,84.67,95.0,0,NORMAL,
5125,EN26391717,SHREYA NITIN GORAKSHA,95.1886689,,79.0,96.0,0,NORMAL,
5126,EN26389606,DIA ASHISH SRIVASTAVA,95.1886689,98.4843712,76.33,89.83,0,NORMAL,
5127,EN26364167,AMBER DEVENDRA CHAUDHARI,95.1886689,95.9433601,79.33,96.4,0,NORMAL,
5128,EN26100797,HARSH AMIT DESHPANDE,95.1799435,98.003413,78.67,88.6,0,NORMAL,
5129,EN26291805,ATHARVA ARUN RODE,95.1799435,98.5125814,72.33,91.6,0,NORMAL,
5130,EN26116851,CHETAN DEEPAKKUMAR SHIRUDE,95.1799435,98.6898385,83.33,96.8,0,NORMAL,
5131,EN26302286,TUSHAR IDARAM TAK,95.1799435,99.3229467,83.33,93.0,0,NORMAL,
5132,EN26278498,VIJAYA HARIBHAU GALANDE,95.1799435,94.4809929,63.33,95.0,0,NORMAL,
5133,EN26367174,AARADHYA CHITTARANJAN SAWANT,95.1799435,97.440273,68.67,89.8,0,NORMAL,
5134,EN26291783,ATHARVESH KIRAN VEDPATHAK,95.1799435,99.074621,65.33,97.0,0,NORMAL,
5135,EN26131557,VISHWAJEET ANIL SAWANT,95.1799435,96.1068782,72.0,83.6,0,NORMAL,
5136,EN26233055,RITUJA RAJENDRA PAWAR,95.1799435,91.244949,65.33,95.2,0,NORMAL,
5137,EN26213312,SWARAJ JAYWANT KADAM,95.1799435,,78.33,93.2,0,NORMAL,
5138,EN26115368,RAVIKUMAR MORE,95.1720296,96.2091503,87.33,95.0,0,NORMAL,
5139,EN26152121,FURQAN AMIN RASHIDULLA KHAN,95.1659589,79.5928226,55.33,87.0,0,NORMAL,
5140,EN26292609,SHREYASH SRIVASTAVA,95.1659589,98.0628957,87.0,96.5,0,NORMAL,
5141,EN26274767,TANAY KETAN KULKARNI,95.1659589,99.5350803,84.33,93.33,0,NORMAL,
5142,EN26222303,ISHWIN PALEWAR,95.1659589,98.7429314,85.67,93.0,0,NORMAL,
5143,EN26171832,SAKSHAM SANDESH ROKADE,95.1659589,99.1038726,92.0,94.4,0,NORMAL,
5144,EN26291406,SAARTH SHRIKANT BAHADKAR,95.1659589,99.5915379,98.33,97.16,0,NORMAL,
5145,EN26382568,DIVYANSH GARG,95.1659589,,84.0,88.6,0,NORMAL,
5146,EN26396578,PRATHAMESH RAMCHANDRA NEVAGIRE,95.1659589,99.7829816,79.0,89.6,1,LOW,CET_vs_HSC_SSC: CET is HIGHER than expected by 55 rank pts
5147,EN26110006,AYUSH AMIT JAISWAL,95.1659589,99.398859,88.33,97.6,0,NORMAL,
5148,EN26177132,SREERAM SOMANATHAN,95.1659589,99.6549344,83.33,94.4,0,NORMAL,
5149,EN26157623,SOMESHWAR SUNIL KALE,95.1659589,97.7948817,67.33,93.4,0,NORMAL,
5150,EN26152449,UTKARSH PURUSHOTTAM VANJARI,95.1659589,99.0750853,79.67,82.8,0,NORMAL,
5151,EN26316672,PIYUSH RAVI PANDE,95.1659589,99.1997549,77.0,96.4,0,NORMAL,
5152,EN26344009,SAHIL SANJAY MURADE,95.1527932,84.4651484,58.33,90.8,0,NORMAL,
5153,EN26318037,PATIL SAMARTH SAMBHAJI,95.1527932,60.7738415,68.0,75.8,0,NORMAL,
5154,EN26185550,PRATHMESH NARENDRA WADASKAR,95.1527932,97.7724285,72.67,92.0,0,NORMAL,
5155,EN26230600,SAANVI AMOL AGASHE,95.1527932,99.8941313,89.0,97.0,0,NORMAL,
5156,EN26199924,SOHAM MUKUND MANE,95.1527932,98.7189844,61.67,87.6,0,NORMAL,
5157,EN26458726,KANAK GODHEJA,95.1527932,97.1175428,93.67,96.0,0,NORMAL,
5158,EN26438802,SHIVAM SHAMSUNDAR JADHAV,95.1527932,97.5497917,83.0,98.8,0,NORMAL,
5159,EN26392862,AARNAV AVINASH CHAVAN,95.1527932,,95.0,94.16,0,NORMAL,
5160,EN26218996,SHRAVAN SHIVKUMAR KOLPEKWAR,95.1527932,95.9770336,58.67,96.2,0,NORMAL,
5161,EN26349437,GHADLING DEVANSH RAMESHWAR,95.1527932,98.8308304,78.0,92.4,0,NORMAL,
5162,EN26151119,SWAROOP PARSHURAM PATIL,95.1527932,99.8415326,87.33,95.8,0,NORMAL,
5163,EN26108235,TANAY MOHAN KHADKE,95.1527932,95.6186659,73.67,95.6,0,NORMAL,
5164,EN26443041,KRITI MANDOVARA,95.1453451,,73.67,79.0,0,NORMAL,
5165,EN26156210,SAHIL BHARAT GUPTA,95.1453451,98.8626758,84.33,83.8,0,NORMAL,
5166,EN26464512,DHRUVANSH ARYA,95.1453451,,60.0,76.6,0,NORMAL,
5167,EN26140887,MAHI SHRIVASTAVA,95.1453451,98.5722045,85.67,96.0,0,NORMAL,
5168,EN26433826,ANANT SHARMA,95.1453451,,69.0,95.6,0,NORMAL,
5169,EN26109231,ADITYA PRSHANT SHEDGE,95.1453451,98.5836177,78.33,93.6,0,NORMAL,
5170,EN26105886,SOHAM PREMSAMRAT BRAMHANKAR,95.1453451,97.7345783,71.0,84.0,0,NORMAL,
5171,EN26263627,ABHISHEK VERMA,95.1453451,99.4547232,76.33,97.2,0,NORMAL,
5172,EN26271704,MALHAR MAHESH KHADILKAR,95.1453451,98.9382574,88.67,95.33,0,NORMAL,
5173,EN26129621,AKSHAT RAJESH MURUDKAR,95.1448092,52.016058,45.33,75.0,0,NORMAL,
5174,EN26173417,JEET YASHWANT RANJANKAR,95.1448092,97.1175428,69.33,93.8,0,NORMAL,
5175,EN26156886,KAUSTUBH SANJAY CHAVHAN,95.1448092,97.2067626,76.67,91.0,0,NORMAL,
5176,EN26393699,TUSHAR KHEMKA,95.1448092,,74.33,94.6,0,NORMAL,
5177,EN26266245,YASH SABHNANI,95.1448092,99.3905516,89.67,92.0,0,NORMAL,
5178,EN26352842,SARTHAK SHAMSUNDAR CHALAK,95.1448092,98.9164146,76.33,93.14,0,NORMAL,
5179,EN26208771,KULKARNI SARVADNYA SANDEEP,95.1448092,95.9338334,73.33,94.4,0,NORMAL,
5180,EN26226504,DRISHTI GUPTA,95.1356218,99.1389268,80.0,96.2,0,NORMAL,
5181,EN26209110,TAKSH JAIN,95.1356218,83.1481862,73.67,92.33,0,NORMAL,
5182,EN26153495,CHAITANYA SANDIP MAYEKAR,95.1356218,98.7223398,82.33,95.0,0,NORMAL,
5183,EN26244051,GANESH HANMANT CHAUGULE,95.1356218,97.1601104,77.67,92.6,0,NORMAL,
5184,EN26174740,NAKSHATRA MAHAVEER GADKARI,95.1356218,99.7858756,77.0,91.8,1,LOW,CET_vs_HSC_SSC: CET is HIGHER than expected by 55 rank pts
5185,EN26348332,PARTH SATISH DHANSANDE,95.1356218,95.3151853,69.33,90.6,0,NORMAL,
5186,EN26423344,KUNAL JAGDISH PACHORKAR,95.1356218,86.3943435,91.0,83.8,1,LOW,CET_vs_HSC: CET is LOWER than expected by 66 rank pts
5187,EN26134318,PRATHAMESH RAVIKIRAN INDURKAR,95.1356218,99.5336943,79.33,92.2,0,NORMAL,
5188,EN26103442,DARSHANI DILIP DHAS,95.1356218,97.2255266,67.33,94.2,0,NORMAL,
5189,EN26299179,ABHISHEK SOMNATH BOBADE,95.1356218,98.7279709,81.67,89.0,0,NORMAL,
5190,EN26280074,SHREEYA SAMIR MHATRE,95.1356218,99.1415633,93.33,96.8,0,NORMAL,
5191,EN26340039,NANDAN NITIN ADHAVE,95.1356218,97.9153809,83.67,90.8,0,NORMAL,
5192,EN26109452,ARYAN NILAMKUMAR VARTAK,95.1356218,98.7839138,87.33,96.2,0,NORMAL,
5193,EN26451519,KHAIRE SANIKA MANOJ,95.1356218,94.9572138,69.0,96.6,0,NORMAL,
5194,EN26391222,ARNAV SHAILESH KHOBARKAR,95.1356218,98.8613195,82.0,95.6,0,NORMAL,
5195,EN26215444,KETAN SATISHKUMAR TAMBOLIYA,95.1173501,99.7806427,75.33,90.6,2,MEDIUM,CET_vs_HSC: CET is HIGHER than expected by 56 rank pts; CET_vs_HSC_SSC: CET is HIGHER than expected by 60 rank pts
5196,EN26100065,ANIMESH TUSHAR DAS,95.1173501,99.3226862,78.0,92.0,0,NORMAL,
5197,EN26186998,ABHA ANANT NAPHADE,95.1173501,98.3966019,84.33,89.8,0,NORMAL,
5198,EN26191596,STUTI VERMA,95.1173501,98.7645051,85.67,97.0,0,NORMAL,
5199,EN26240859,AYUSH GAJANAN PACHARNE,95.1173501,98.8353329,84.33,92.6,0,NORMAL,
5200,EN26267068,AMOLI ANUPAM PATIL,95.1173501,83.0532651,54.33,90.85,0,NORMAL,
5201,EN26261399,DHRUV BHARATKUMAR CHITRODA,95.1161993,99.185674,77.67,95.6,0,NORMAL,
5202,EN26210834,ATHARVA BHAUSAHEB DANE,95.1161993,97.9716801,76.67,87.2,0,NORMAL,
5203,EN26173474,NILANJAN MITRA,95.1161993,,92.67,93.66,0,NORMAL,
5204,EN26408762,HARSHAL GUPTA,95.1161993,,75.33,91.33,0,NORMAL,
5205,EN26258242,KAIVALYA SAGAR MISAL,95.1161993,98.0593407,76.0,99.4,0,NORMAL,
5206,EN26102214,ADITYA ARUN SINGH,95.1161993,97.7312329,75.0,96.33,0,NORMAL,
5207,EN26143220,CHARVI KHURANA,95.1161993,97.8985175,96.0,96.83,0,NORMAL,
5208,EN26182955,MANE HIRAMAN NATHU,95.1161993,,81.33,91.2,0,NORMAL,
5209,EN26244368,PRONIT SURESH MUSALE,95.1130063,99.0273038,82.67,98.2,0,NORMAL,
5210,EN26270498,OMKAR SIDDHESHWAR MUNDE,95.1130063,99.0639786,66.67,86.2,0,NORMAL,
5211,EN26112547,HARSHVARDHAN BHASKAR BADE,95.1130063,,82.33,78.6,0,NORMAL,
5212,EN26118012,SHLOK YOGESH NIKAM,95.1130063,98.996822,78.0,93.6,0,NORMAL,
5213,EN26100411,ATHARV BUDHIA,95.101555,99.4239868,93.0,96.0,0,NORMAL,
5214,EN26100755,ABHAY PANKAJ WADETTIWAR,95.101555,98.5858794,73.33,80.4,0,NORMAL,
5215,EN26221890,ANIKET AVINASH INDE,95.101555,98.8142711,77.33,94.4,0,NORMAL,
5216,EN26275759,ATHARVA ARUNKUMAR OZA,95.101555,98.1695568,79.33,95.6,0,NORMAL,
5217,EN26222173,SARTHAK SHRINIWAS KULKARNI,95.101555,96.6453344,69.33,89.33,0,NORMAL,
5218,EN26404889,ANSH VISHWAKARMA,95.101555,,79.67,92.0,0,NORMAL,
5219,EN26118415,KSHITIJ ANNA BANAKR,95.101555,98.7019803,76.67,90.4,0,NORMAL,
5220,EN26387981,DHRUVANSH PRITESH PATEL,95.101555,96.4922187,80.33,94.83,0,NORMAL,
5221,EN26128514,SHREYAS VIJAY PAWAR,95.101555,98.8800565,72.0,94.66,0,NORMAL,
5222,EN26142413,ISHANT PANKAJ BURAD,95.101555,97.0655663,78.33,93.6,0,NORMAL,
5223,EN26259219,AAYUSH SACHIN REDIJ,95.101555,99.2921716,89.0,93.2,0,NORMAL,
5224,EN26254413,SHREYA KIRAN HASULE,95.101555,95.2289207,59.33,96.0,0,NORMAL,
5225,EN26177832,SAMARTH SRIVASTAVA,95.101555,,74.0,89.0,0,NORMAL,
5226,EN26228638,KOTKAR ISHWAR SUBHASH,95.101555,93.4649935,79.33,94.8,0,NORMAL,
5227,EN26303073,ADITYA SINGH,95.1014452,99.5111353,79.67,78.4,0,NORMAL,
5228,EN26134475,DEVANG BIPENDRA KUMAR SINGH,95.1014452,99.4682537,85.0,94.8,0,NORMAL,
5229,EN26423799,BULBULE SAHIL SANJAY,95.1014452,98.2786369,83.67,91.2,0,NORMAL,
5230,EN26369733,MOHIT MANISH KALMEGH,95.1014452,98.8107514,85.33,94.8,0,NORMAL,
5231,EN26329084,HARSH YASHWANT MANE,95.09684,93.8059643,49.33,82.8,0,NORMAL,
5232,EN26170763,DHWAJ JITENDRAKUMAR RANKA,95.09684,99.2799835,81.67,95.0,0,NORMAL,
5233,EN26437531,SHINDE KRISHNA DATTATRAY,95.09684,96.7647625,98.67,94.8,2,MEDIUM,CET_vs_HSC: CET is LOWER than expected by 56 rank pts; CET_vs_HSC_SSC: CET is LOWER than expected by 53 rank pts
5234,EN26293401,ASHRAYA RAMAN PATIL,95.09684,64.087617,55.67,71.83,0,NORMAL,
5235,EN26293851,RUCHIKA KUMARI SAHU,95.09684,,94.0,93.4,0,NORMAL,
5236,EN26464435,PRAJWAL OMPRAKASH KOTI,95.09684,96.7098976,71.33,89.4,0,NORMAL,
5237,EN26113545,ANANT SHYAM KHATKALE,95.0938413,99.453012,85.67,89.8,0,NORMAL,
5238,EN26136761,AKSHAYA EKNATH AMANKAR,95.0938413,98.6494997,79.33,93.6,0,NORMAL,
5239,EN26392914,AMEYA RAJENDRA DONGARE,95.0938413,98.7472209,76.67,90.5,0,NORMAL,
5240,EN26203580,ABHISHEK BHAUSAHEB KOKATE,95.0938413,55.6597249,53.0,86.0,0,NORMAL,
5241,EN26270442,ARYAN ARVIND PRAJAPATI,95.0938413,99.3469444,79.0,93.2,0,NORMAL,
5242,EN26260529,UDAY DHONDIRAM THORE,95.0938413,99.4612563,83.67,95.4,0,NORMAL,
5243,EN26124831,RISHI SANTOSH MARWADKAR,95.0938413,97.6103268,76.33,93.2,0,NORMAL,
5244,EN26285633,SANIKA NAGNATH DESHMUKH,95.0938413,99.1754514,78.67,98.6,0,NORMAL,
5245,EN26353895,SNEHAL SUNIL KHANDAGALE,95.0938413,95.1406289,76.0,94.4,0,NORMAL,
5246,EN26150410,DIPAK SHIVNATH SONDGE,95.0938413,92.0078173,78.67,97.4,0,NORMAL,
5247,EN26267429,WAYKOS DARSHIL RAJESH,95.0938413,97.3877775,84.0,96.0,0,NORMAL,
5248,EN26132783,PRANIT NITIN PATIL,95.0914181,98.644561,83.67,95.8,0,NORMAL,
5249,EN26273851,RUTURAJ ASHOK KOLI,95.0914181,93.3688303,87.33,93.6,0,NORMAL,
5250,EN26107981,PRITHVI MAHENDRA RATHORE,95.0914181,99.4283995,72.33,94.28,0,NORMAL,
5251,EN26166187,ADITYA JITENDRA SAWANT,95.0914181,98.9382574,72.67,93.8,0,NORMAL,
5252,EN26202784,RUTUJA MAHADEV MOHITE,95.0914181,98.6836998,75.67,91.6,0,NORMAL,
5253,EN26172503,PRATHMESH DILIP CHARODE,95.0914181,95.6826425,79.0,85.6,0,NORMAL,
5254,EN26358382,CHAITANYA MANGESH JOSHI,95.0914181,99.0471821,86.67,95.4,0,NORMAL,
5255,EN26243473,ADDITYA SUSHIL THAKUR,95.0914181,96.7647625,75.33,88.0,0,NORMAL,
5256,EN26129858,ATHARVA JEEVAN NAGVEKAR,95.0914181,99.7372014,92.67,93.4,0,NORMAL,
5257,EN26200053,SAKSHAM KATH,95.0914181,,91.67,94.66,0,NORMAL,
5258,EN26184318,ANIKET SHIVAJI MANE,95.0914181,95.5511974,60.33,91.6,0,NORMAL,
5259,EN26279516,SARVESH JAAT,95.0914181,,81.67,92.33,0,NORMAL,
5260,EN26459660,DARSHANKUMAR KAMLESH SHAH,95.0914181,99.7187006,75.33,96.5,0,NORMAL,
5261,EN26358900,RAJNANDINI RANJEET HIWRALE,95.0914181,99.1264191,81.67,97.4,0,NORMAL,
5262,EN26362860,BORSE HARSHKUMAR RAVINDRA,95.0895769,97.1170545,72.33,94.0,0,NORMAL,
5263,EN26334550,VARUSHA RAKESH MANDLOI,95.0895769,97.7341914,71.0,89.0,0,NORMAL,
5264,EN26178204,SHIVAM SHASHICHANDRA SINGH,95.0895769,99.0598676,75.33,93.4,0,NORMAL,
5265,EN26105956,MANVA DATTATRAY KULKARNI,95.0895769,98.4561032,74.33,99.6,0,NORMAL,
5266,EN26357213,TANMAY RAKESHKUMAR NAWANI,95.0895769,99.2533599,77.0,84.0,0,NORMAL,
5267,EN26267035,ANJALI BHUWNESHWAR BARBATE,95.0895769,95.9558175,84.0,94.4,0,NORMAL,
5268,EN26180789,SANKALP SUBODH ANJAL,95.0895769,99.3966183,84.0,93.4,0,NORMAL,
5269,EN26279011,VYANKATESH DNYANESHWAR SUTAR,95.0895769,98.0593407,79.0,96.0,0,NORMAL,
5270,EN26450588,MAINAK BISWAS,95.0895769,,80.33,94.0,0,NORMAL,
5271,EN26168161,SAANVI MUKUND,95.0895769,99.4543918,92.67,98.0,0,NORMAL,
5272,EN26174323,ABHINAV PRASAD BHOSEKAR,95.0895769,96.1725088,86.67,94.5,0,NORMAL,
5273,EN26114870,SHREYA VISHAL SHINDE,95.0895769,99.1830123,74.0,95.0,0,NORMAL,
5274,EN26128760,ANSH BHASIN,95.0895769,,94.33,95.4,0,NORMAL,
5275,EN26157327,ARUSH SHYAM MOKLE,95.0895769,98.7096527,78.33,91.66,0,NORMAL,
5276,EN26210403,ATHARVA JAYANT DESHPANDE,95.0895769,96.245889,68.0,91.4,0,NORMAL,
5277,EN26414334,SANCHAL ASHOK UGE,95.0895769,93.0779848,76.33,96.2,0,NORMAL,
5278,EN26414811,TIWARI AAYUSH GIRISH,95.0895769,98.1898548,79.0,86.6,0,NORMAL,
5279,EN26112470,ROYCE LIONEL TELLIS,95.0797812,95.4536104,79.33,91.7,0,NORMAL,
5280,EN26222580,SUREPALLI SAINIKHIL,95.0797812,98.72142,74.67,90.6,0,NORMAL,
5281,EN26432459,S.SHWETHA,95.0797812,,90.0,96.2,0,NORMAL,
5282,EN26180350,ATHARVA RANE,95.0797812,98.626659,79.33,86.8,0,NORMAL,
5283,EN26460171,YUGANK KUMAR,95.0797812,,83.33,94.16,0,NORMAL,
5284,EN26385200,CHINTAN M UDUPA,95.0797812,98.8788315,93.67,97.6,0,NORMAL,
5285,EN26100216,HARSH BHIMA KHARAT,95.0797812,93.6866278,77.0,90.0,0,NORMAL,
5286,EN26410175,ANURAG TIWARI,95.0797812,97.1576493,93.0,95.5,0,NORMAL,
5287,EN26132499,DHRUVI GANDHI,95.0797812,97.6863753,82.33,94.4,0,NORMAL,
5288,EN26344013,VYANKATESH SHIVAJI SURNAR,95.0797812,77.7384664,71.67,84.6,0,NORMAL,
5289,EN26392580,SHREE SURESH BHONDE,95.0797812,98.9525497,87.33,96.2,0,NORMAL,
5290,EN26387839,AKSHADHA AMIT PANDEY,95.0797812,99.5446196,87.33,94.5,0,NORMAL,
5291,EN26209722,PRITHURAJ VIDYA DAS,95.0654021,99.6791809,72.67,90.4,2,MEDIUM,CET_vs_HSC: CET is HIGHER than expected by 57 rank pts; CET_vs_HSC_SSC: CET is HIGHER than expected by 60 rank pts
5292,EN26290974,VISHNU ACHANGHAT VENUGOPAL,95.0654021,96.6404902,98.0,95.2,2,MEDIUM,CET_vs_HSC: CET is LOWER than expected by 56 rank pts; CET_vs_HSC_SSC: CET is LOWER than expected by 55 rank pts
5293,EN26274023,ZOHEB PERWEZ,95.0654021,98.546257,94.33,95.66,0,NORMAL,
5294,EN26228425,BHAVYA VIREN SOMAIYA,95.0654021,98.2452519,82.67,97.0,0,NORMAL,
5295,EN26387913,VARADRAJ BHAGWAT CHOUGULE,95.0654021,98.7476321,72.33,95.6,0,NORMAL,
5296,EN26430408,VEDANT SANDIP PATIL,95.0654021,98.4296784,82.67,95.6,0,NORMAL,
5297,EN26378191,HITESH MADHUKAR GHATE,95.0654021,97.7919096,87.33,91.8,0,NORMAL,
5298,EN26124123,ANVAY PRASAD JOSHI,95.0654021,96.9836134,80.0,98.0,0,NORMAL,
5299,EN26352732,ANANYA RAJIV MITTAL,95.0654021,99.4682537,91.67,95.4,0,NORMAL,
5300,EN26201003,ANKUR HARABINDU MAJUMDAR,95.0654021,96.7214273,77.33,89.0,0,NORMAL,
5301,EN26298659,SWARAJ PANKAJ SURYAWANSHI,95.0654021,98.3798345,80.33,91.8,0,NORMAL,
5302,EN26269323,AADYA SHANKAR HALDANKAR,95.0654021,96.0041408,71.33,98.0,0,NORMAL,
5303,EN26125020,MRUNANK HARISH KAVEDIA,95.0654021,98.4327624,83.0,96.5,0,NORMAL,
5304,EN26410313,SHUBHI SHARMA,95.0654021,,85.0,94.0,0,NORMAL,
5305,EN26298552,VAISHNAVI EKNATH SHINDE,95.0654021,99.6217823,83.67,97.2,0,NORMAL,
5306,EN26330049,AABHA AMOL GOLIVADEKAR,95.063407,99.3030124,88.67,95.5,0,NORMAL,
5307,EN26465392,SUYOG SHIVLAL KHALADKAR,95.063407,,64.33,94.0,0,NORMAL,
5308,EN26388427,DNYANESHWAR BHAGWAN KHADKE,95.063407,98.3467382,72.0,94.8,0,NORMAL,
5309,EN26108445,SANVI SHASHANK WAGADRE,95.063407,98.8626758,89.0,93.33,0,NORMAL,
5310,EN26195025,OMKAR KESHAV GARJE,95.063407,99.22161,84.67,96.2,0,NORMAL,
5311,EN26258404,SAI SACHIN BHUNJE,95.063407,99.5651337,82.0,93.2,0,NORMAL,
5312,EN26252060,M VAISHNAVI,95.063407,96.5942413,93.33,97.0,1,LOW,CET_vs_HSC_SSC: CET is LOWER than expected by 56 rank pts
5313,EN26355798,KALE SWADEEP DIPAK,95.0434673,72.9916849,95.0,93.8,2,MEDIUM,CET_vs_HSC: CET is LOWER than expected by 75 rank pts; CET_vs_HSC_SSC: CET is LOWER than expected by 70 rank pts
5314,EN26445111,CHHAVI GOPALANI,95.0434673,,90.33,95.0,0,NORMAL,
5315,EN26130779,YUG MEHUL CHHEDA,95.0434673,97.3163545,65.0,87.4,0,NORMAL,
5316,EN26179230,BISEN MAYANK NANDKISHOR,95.0434673,99.1542936,72.0,91.2,0,NORMAL,
5317,EN26160876,TIWARI PALCHIN RAKESH,95.0434673,97.2255266,71.67,94.0,0,NORMAL,
5318,EN26417790,OM PRAKASH YAMGAR,95.0434673,96.9883668,91.67,94.8,0,NORMAL,
5319,EN26178661,SHRAVANI NITIN CHAVAN,95.0434673,98.03989,91.0,96.0,0,NORMAL,
5320,EN26386900,DHANDE PRATIK SHIVSHANKAR,95.0434673,91.1365188,90.67,93.4,2,MEDIUM,CET_vs_HSC: CET is LOWER than expected by 63 rank pts; CET_vs_HSC_SSC: CET is LOWER than expected by 58 rank pts
5321,EN26156317,TEJAS KAPOOR,95.0345104,98.7389218,84.0,93.8,0,NORMAL,
5322,EN26271196,PIYUSH GAJANAN JADHAV,95.0345104,99.2650104,79.33,90.57,0,NORMAL,
5323,EN26281841,SUDIP SUDAM DAGADKHAIR,95.0345104,76.5235824,87.67,87.6,1,LOW,CET_vs_HSC: CET is LOWER than expected by 60 rank pts
5324,EN26410915,TANISHQ DHANANJAY RINKE,95.0345104,96.9526275,74.67,89.0,0,NORMAL,
5325,EN26296770,VANSH,95.0318416,,68.67,66.2,0,NORMAL,
5326,EN26124774,DISHITA MANOT,95.0318416,,86.0,93.83,0,NORMAL,
5327,EN26120923,HARSH GIRISH KULKARNI,95.0318416,98.2052656,85.67,97.0,0,NORMAL,
5328,EN26407701,SARAH SATISH NAYAK,95.0318416,99.4778157,83.0,93.33,0,NORMAL,
5329,EN26237038,SEJAL RITESH MANDHANI,95.0318416,97.3971254,71.0,93.8,0,NORMAL,
5330,EN26352241,ANUSHKA NILESH KHARATE,95.0318416,99.6583984,87.33,95.16,0,NORMAL,
5331,EN26212302,SHREYANSH ATRE,95.0318416,,77.67,83.66,0,NORMAL,
5332,EN26123306,OMKAR GAJANAN DEVALE,95.0318416,98.9540325,83.33,93.2,0,NORMAL,
5333,EN26259095,SHRAWANI SAHEBRAO TIDKE,95.0318416,98.5168677,88.33,92.2,0,NORMAL,
5334,EN26420720,SUBODH DHANANJAY BHURE,95.0318416,25.0523784,76.67,96.8,0,NORMAL,
5335,EN26455784,DHRUV DINESH KOTHAWADE,95.0318416,90.1775065,70.67,89.66,0,NORMAL,
5336,EN26240993,SHARDUL ABHAY MOHITE,95.0318416,96.4352588,68.0,95.2,0,NORMAL,
5337,EN26104102,ABHISHEK EKAD,95.0286921,96.21834,58.33,77.6,0,NORMAL,
5338,EN26433184,ASHUTOSH BHUJANG BANSUL,95.0286921,95.0655625,58.33,98.0,0,NORMAL,
5339,EN26368596,ABDULLAH AKRAM SHAIKH,95.0286921,98.7772214,69.33,90.2,0,NORMAL,
5340,EN26158252,RUCHIT AMIT WARADE,95.0286921,98.996822,90.0,97.6,0,NORMAL,
5341,EN26407484,TEJAS TANAJI JAGADALE,95.0286921,94.9303758,68.67,89.8,0,NORMAL,
5342,EN26205336,SNEHAL SANTOSH CHAVAN,95.0286921,98.700763,81.67,91.6,0,NORMAL,
5343,EN26358195,ADITYA ATUL MANGRULKAR,95.0286921,98.3776334,88.67,91.33,0,NORMAL,
5344,EN26213947,VEDANT GOUR,95.0286921,98.4596881,91.33,90.16,0,NORMAL,
5345,EN26236033,OJAS VIJAY MAHAJAN,95.0286921,98.302867,78.33,96.0,0,NORMAL,
5346,EN26269982,KRITHIK S,95.0286921,97.0946979,84.33,89.6,0,NORMAL,
5347,EN26134165,MOHAMMAD FAIZAN ZIYA,95.0286921,96.5024907,69.0,93.4,0,NORMAL,
5348,EN26411625,ARCHIT YOGESH BHADKE,95.0286921,90.0451538,90.67,81.0,1,LOW,CET_vs_HSC: CET is LOWER than expected by 64 rank pts
5349,EN26487520,ADITHYA S KOMANDUR,95.0286921,,86.33,94.83,0,NORMAL,
5350,EN26255141,SHRISH BOSE PANIKKASSERY,95.0286921,99.5484616,84.0,95.8,0,NORMAL,
5351,EN26465280,AAROHI RAHUL RASANE,95.0286921,93.2488151,82.33,95.0,0,NORMAL,
5352,EN26144866,GAMBHIR LAKSHMIKANT JHA,95.0255655,,67.33,83.2,0,NORMAL,
5353,EN26291679,CHAUDHARY ARIF ABDULHAI,95.0255655,99.8858043,93.67,94.4,0,NORMAL,
5354,EN26364730,ADITI ANKUSH GOSAVI,95.0255655,77.8890571,64.0,91.0,0,NORMAL,
5355,EN26100834,AYUSH VIJAY AADE,95.0255655,98.1281926,75.33,84.83,0,NORMAL,
5356,EN26218716,KRUTIK TARUN SHAH,95.0255655,98.7279709,96.0,95.0,0,NORMAL,
5357,EN26300189,DAS AAYUSH SARADA PRASANNA,95.0255655,98.8869054,80.0,97.6,0,NORMAL,
5358,EN26110038,YUGAL RASIK PATEL,95.0106951,87.0343086,93.33,83.8,2,MEDIUM,CET_vs_HSC: CET is LOWER than expected by 70 rank pts; CET_vs_HSC_SSC: CET is LOWER than expected by 55 rank pts
5359,EN26332818,MUNEEB IBRAHEEM MOHAMMAD SAFI ANWARY,95.0106951,96.9618772,83.67,91.0,0,NORMAL,
5360,EN26211276,MANIK BRAMHANAND SHIRALE,95.0106951,98.204189,75.67,88.2,0,NORMAL,
5361,EN26226868,ANAND AJAY DUBEY,95.0106951,97.6294546,82.0,85.8,0,NORMAL,
5362,EN26236880,VINIT ANAND BHATTAD,95.0106951,98.302867,80.0,74.2,0,NORMAL,
5363,EN26176441,HARSH VORA,95.0106951,,82.67,92.66,0,NORMAL,
5364,EN26302705,AKSHIT CHANDALIYA,95.0106951,96.8345273,82.33,89.66,0,NORMAL,
5365,EN26462395,WATARI GAYATRI AVINASH,95.0106951,96.6852182,64.0,93.0,0,NORMAL,
5366,EN26123257,SOYAM SASHREEK,95.0050647,97.9129061,71.67,88.0,0,NORMAL,
5367,EN26413578,AISHANYA SAVINAY TEMBHURNEY,95.0050647,97.5478847,81.33,94.0,0,NORMAL,
5368,EN26339374,AKSHAT SHAILENDRA KUMAR,95.0050647,99.0772294,83.67,91.83,0,NORMAL,
5369,EN26149214,SAINATH BELKUNE,95.0050647,97.3099865,72.33,92.4,0,NORMAL,
5370,EN26130507,DESHPANDE SIDDHESH MILIND,95.0050647,86.5743412,72.33,97.4,0,NORMAL,
5371,EN26242129,ANKIT CHOWDHURY,95.0050647,,83.33,94.16,0,NORMAL,
5372,EN26239465,SAIRAJ ISHWAR NAVGIRE,95.0039855,98.5909613,72.67,92.0,0,NORMAL,
5373,EN26237353,PIHU JAIN,95.0039855,99.1344285,90.0,97.5,0,NORMAL,
5374,EN26185474,PURVI MAHESH RATHI,95.0039855,97.9337683,88.0,89.2,0,NORMAL,
5375,EN26118269,MALAVSINH MATIEDA,95.0039855,98.5070698,94.67,92.4,0,NORMAL,
5376,EN26200441,CRIS MATHEW VALLIARA,95.0039855,99.4496825,79.67,88.6,0,NORMAL,
5377,EN26102710,AASTHA KAMLESH BHANUSHALI,95.0039855,97.9968203,80.33,95.6,0,NORMAL,
5378,EN26480966,SHARMA RAJ CHINTAMANI,95.0039855,,80.0,94.0,0,NORMAL,
5379,EN26101156,VIJAY MEHTA,95.0039855,99.5175556,94.67,95.0,0,NORMAL,
5380,EN26250852,ADITYA AJITKUMAR NANDRE,95.0039855,99.1510977,90.33,99.6,0,NORMAL,
5381,EN26373611,GORE PRITYESH KASHIRAM,94.9912444,95.9433601,85.0,74.16,0,NORMAL,
5382,EN26187946,MEET BHAGWANDAS PATEL,94.9912444,99.0212323,83.33,93.4,0,NORMAL,
5383,EN26110106,YEDLAWAR SARTHAK SANTOSH,94.9912444,99.6772609,84.0,78.8,0,NORMAL,
5384,EN26270213,ROHAN HANMANT PASALE,94.9912444,98.5168677,79.33,93.4,0,NORMAL,
5385,EN26323690,PARSH JITENDRA KASWA,94.9912444,,84.33,89.8,0,NORMAL,
5386,EN26175713,SAMED MANDAR CHODANKAR,94.9912444,99.3554861,91.0,98.0,0,NORMAL,
5387,EN26447904,PARIKSHIT JANGIR,94.9910477,98.8167764,88.0,90.5,0,NORMAL,
5388,EN26186543,TANAY MITESH TRIVEDI,94.9910477,98.1066,85.67,97.66,0,NORMAL,
5389,EN26386180,TEJ PRADEEP KULKARNI,94.9910477,98.1483638,84.67,89.4,0,NORMAL,
5390,EN26102394,AKSHITA GIRISH SHIRUDE,94.9887161,99.0434195,92.0,91.57,0,NORMAL,
5391,EN26150375,RACHIT MANISH PANPALIA,94.9887161,98.8068517,83.0,89.4,0,NORMAL,
5392,EN26169690,ADRIEL DESMOND ALMEIDA,94.9887161,99.0892392,81.0,96.8,0,NORMAL,
5393,EN26161490,SAAVI RAJESH NIJAI,94.9887161,97.8729143,78.67,93.4,0,NORMAL,
5394,EN26355711,RAJ RAMESH GHADASHI,94.9887161,97.6121663,84.67,93.4,0,NORMAL,
5395,EN26231846,GARGI MISHRA,94.9887161,98.5914005,85.0,96.8,0,NORMAL,
5396,EN26114931,SHRIRAMAN SHARAD BIRADAR,94.9887161,97.4319413,84.33,91.4,0,NORMAL,
5397,EN26338005,ISHAN CHANDRASHEKHAR PANGARKAR,94.9887161,97.8346051,68.33,92.8,0,NORMAL,
5398,EN26326630,APURV AMOL SHINGATE,94.9887161,99.0049751,68.67,87.0,0,NORMAL,
5399,EN26150963,KARTIK VINAY BORHADE,94.9887161,98.6758679,79.0,95.0,0,NORMAL,
5400,EN26267413,YOGENDRA SHARMA,94.9887161,,83.33,89.8,0,NORMAL,
5401,EN26285219,PRACHI NIMESHBHAI MISTRY,94.9887161,,90.0,94.0,0,NORMAL,
5402,EN26281831,PRANAV NARENDRA PATIL,94.9887161,96.8875086,82.33,85.2,0,NORMAL,
5403,EN26148947,JAHAAN AARA KANKUDTI,94.9887161,97.3253913,89.33,96.4,0,NORMAL,
5404,EN26105726,ARYAA ANIRUDDHA BADWE,94.9887161,98.1898548,79.33,97.6,0,NORMAL,
5405,EN26243012,NORAH ZACHARIAS,94.9887161,98.7089833,89.0,94.8,0,NORMAL,
5406,EN26165205,SHREYASH PRADEEP NIMJE,94.9887161,99.8070582,90.67,90.8,0,NORMAL,
5407,EN26242601,BIRADAR ATHARV DEVIDAS,94.9737702,98.8209363,97.78,92.4,0,NORMAL,
5408,EN26389968,ADITYA DASHARATH KUMAR YADAV,94.9737702,98.1453042,74.0,89.2,0,NORMAL,
5409,EN26254764,PAYAL MUKUND WANKHADE,94.9737702,98.2126899,69.67,92.4,0,NORMAL,
5410,EN26336011,PHATE SARTHAK SANJAY,94.9737702,96.4927019,69.67,90.6,0,NORMAL,
5411,EN26379837,AARUL PRAMOD SINGHAVI,94.9737702,95.5792202,82.0,97.2,0,NORMAL,
5412,EN26182298,AARY NAINESH SHAH,94.9737702,93.3688303,56.0,90.0,0,NORMAL,
5413,EN26348644,SUHANA IMTIYAJ NAIKAVADI,94.9729869,98.5598385,76.67,97.0,0,NORMAL,
5414,EN26109473,JAINAM HARSHIP VORA,94.9729869,99.0125241,88.0,97.5,0,NORMAL,
5415,EN26270255,AMAAN IMRAN KHAN,94.9729869,99.0135423,84.33,87.4,0,NORMAL,
5416,EN26296280,SUJIT ANKUSH GAIKWAD,94.9729869,93.1708179,68.0,93.0,0,NORMAL,
5417,EN26243644,NAITIK VERMA,94.9729869,,79.67,96.8,0,NORMAL,
5418,EN26483307,SHUBH SAHU,94.9729869,,93.33,94.5,0,NORMAL,
5419,EN26459252,YASH KUKREJA,94.9729869,,84.33,88.8,0,NORMAL,
5420,EN26367676,DHRUV BHAVIN SHAH,94.9729869,98.570253,73.67,96.6,0,NORMAL,
5421,EN26388104,HEMANT SANTOSH GULHANE,94.9680424,98.4843712,75.0,94.6,0,NORMAL,
5422,EN26286285,ARYAN AGARWAL,94.9680424,99.3132614,81.0,95.2,0,NORMAL,
5423,EN26110562,DNYANESHWAR RAMESH DEVKAR,94.9680424,97.9337683,73.0,93.4,0,NORMAL,
5424,EN26432305,NIHAR RAJ SHARMA,94.9680424,,86.0,91.16,0,NORMAL,
5425,EN26260963,ANANTH PETER SWAMY,94.9680424,97.3877775,86.67,85.0,0,NORMAL,
5426,EN26230975,NAKSHATRA DHARMESH JAIN,94.9680424,99.7379677,92.33,96.5,0,NORMAL,
5427,EN26455615,NAQIYAH MUSTUFA NIMAKWALA,94.9680424,97.6880169,74.67,89.8,0,NORMAL,
5428,EN26118944,RISHAB VINOD SINGH,94.954838,99.0750853,85.33,96.0,0,NORMAL,
5429,EN26121057,VEDANT SHRIHARI KARANDE,94.954838,97.3781998,74.0,94.0,0,NORMAL,
5430,EN26267069,MADHAV HARSHEY,94.954838,99.1183262,84.67,94.4,0,NORMAL,
5431,EN26104866,KAUSTUBH VAIJANATH MULEY,94.954838,99.2782017,73.0,91.8,0,NORMAL,
5432,EN26151483,PARTH KETAN BREED,94.954838,99.2052023,81.67,100.0,0,NORMAL,
5433,EN26162333,SANSKAR SANJAY PATIL,94.954838,99.3275256,76.0,96.0,0,NORMAL,
5434,EN26109598,ANUSHKA SANTOSH JADHAV,94.954838,98.8308304,89.33,98.4,0,NORMAL,
5435,EN26483149,HARSH KUMAR RAI,94.954838,,90.67,83.8,0,NORMAL,
5436,EN26240357,BABAN RAVIKANT LAD,94.954838,98.511518,81.33,91.8,0,NORMAL,
5437,EN26179560,MRUNMAY RAVINDRA AMRUTKAR,94.954838,99.4224681,86.0,79.28,0,NORMAL,
5438,EN26336167,RAHUL AJIT SOUNDATTI,94.9499367,99.9538923,94.33,94.0,0,NORMAL,
5439,EN26246276,RUJULA PRADEEP CHARYA,94.9499367,98.9722983,84.67,95.0,0,NORMAL,
5440,EN26267810,MADHURA SUSHIL NANDURKAR,94.9499367,99.4145109,86.67,96.4,0,NORMAL,
5441,EN26214146,GARVITA KHANDELWAL,94.9499367,,87.67,89.0,0,NORMAL,
5442,EN26103726,DAKSH NARESH PUROHIT,94.9499367,99.29068,89.33,95.8,0,NORMAL,
5443,EN26407123,YASH AMEET BHILKAR,94.9499367,99.0125241,84.33,97.0,0,NORMAL,
5444,EN26109077,ARRIEL MANVEL FERNANDES,94.9499367,98.626659,81.0,90.2,0,NORMAL,
5445,EN26120601,AKSHAT VERMA,94.9499367,98.8650296,82.33,95.83,0,NORMAL,
5446,EN26250804,BINIT UMESH RAI,94.9499367,95.647381,74.0,89.6,0,NORMAL,
5447,EN26142896,YASH RAHUL DESAI,94.9499367,98.2171021,89.0,97.1,0,NORMAL,
5448,EN26362243,TANVEE ANAND SHARMA,94.9464316,98.7429314,81.33,97.0,0,NORMAL,
5449,EN26368565,SHAURYA KIRAN SHEDGE,94.9464316,98.7189844,92.67,93.83,0,NORMAL,
5450,EN26353347,KAWHALE SHIVTEJ RADHAKISAN,94.9464316,98.3067533,94.33,88.33,0,NORMAL,
5451,EN26301635,KANNAKE AYUSH KRUSHNA,94.9464316,40.5616465,46.0,60.8,0,NORMAL,
5452,EN26385551,MOHAMMED AATIF ANSARI,94.9464316,,84.0,93.4,0,NORMAL,
5453,EN26491215,MAYUR MANKAR,94.9464316,,80.0,87.83,0,NORMAL,
5454,EN26333621,SARISH SWAPNIL KHADILKAR,94.9464316,97.0151829,90.67,94.83,0,NORMAL,
5455,EN26264049,MALLAR BOSE,94.9464316,99.2306878,92.67,89.33,0,NORMAL,
5456,EN26211097,ATHARV SANDIP KHILARI,94.9464316,87.746137,88.67,75.5,1,LOW,CET_vs_HSC: CET is LOWER than expected by 60 rank pts
5457,EN26148910,RAHIL ANAND SAMANT,94.9464316,93.233135,78.67,89.2,0,NORMAL,
5458,EN26176024,ARYAN VINOD BORLE,94.9464316,98.6435886,82.67,90.8,0,NORMAL,
5459,EN26291075,ABHISHEK AMRUT DIXIT,94.9464316,98.6857446,81.0,95.0,0,NORMAL,
5460,EN26244563,PATIL PRATHAMESH GOPAL,94.9464316,,63.67,88.8,0,NORMAL,
5461,EN26269033,AARUSHI SHIRISH SHEDABALE,94.9464316,99.3045416,97.67,95.0,0,NORMAL,
5462,EN26235717,NAMAN PRAVIN CHANDORIYA,94.9464316,99.1676621,92.33,93.4,0,NORMAL,
5463,EN26123214,NOMADEVI DINESH DONGRE,94.9464316,,82.0,92.6,0,NORMAL,
5464,EN26385977,SHAIKH SHAYAN MOHAMMAD RIYAZUDDIN,94.9464316,94.1913399,86.0,91.2,0,NORMAL,
5465,EN26385177,TANMAY ANIL NIKAM,94.9209365,40.4599724,44.33,76.2,0,NORMAL,
5466,EN26385686,SHREYAS SANTOSH DAREKAR,94.9209365,98.2052656,88.33,99.4,0,NORMAL,
5467,EN26101720,ROHIT PRAVIN MESTRY,94.9209365,99.0772294,77.67,91.66,0,NORMAL,
5468,EN26229420,ADITI DIPAK SHIMPI,94.9209365,97.5716591,90.67,86.6,0,NORMAL,
5469,EN26408486,LAV VINAYAK PANDEY,94.9209365,98.6704553,79.67,93.2,0,NORMAL,
5470,EN26157639,AKSHADA BHAUSAHEB KHALKAR,94.9209365,98.8209363,76.67,93.4,0,NORMAL,
5471,EN26335767,NISHANT MILIND KULKARNI,94.9209365,97.2756467,75.67,92.6,0,NORMAL,
5472,EN26130916,KARTIK ABHAY NALWADEY,94.9209365,99.295478,80.67,95.33,0,NORMAL,
5473,EN26331706,CHAITANYA RAMKRISHNA KALE,94.9209365,97.5446034,75.67,95.16,0,NORMAL,
5474,EN26237094,SOHAM PRASHANT DESHPANDE,94.9209365,98.9054936,78.33,97.2,0,NORMAL,
5475,EN26367821,ADITYA SACHIN KHAKARE,94.9209365,97.406218,93.0,76.5,0,NORMAL,
5476,EN26185947,PRANAV PRAKASH MANDHARE,94.9209365,98.5690295,72.33,92.8,0,NORMAL,
5477,EN26212544,MANISH SHRIRANG WAGHRULKAR,94.9209365,98.7486606,83.67,95.6,0,NORMAL,
5478,EN26258318,WARULE APURV SHARAD,94.9209365,96.21834,73.33,97.2,0,NORMAL,
5479,EN26213019,SANKET MAHESH KAKADE,94.9209365,94.6756384,63.33,98.4,0,NORMAL,
5480,EN26346607,SMIT AJAY SONKUSARE,94.9204689,64.1240022,48.67,75.0,0,NORMAL,
5481,EN26186822,ATHARV ABHIJIT APSINGEKAR,94.9204689,94.6480451,74.33,95.5,0,NORMAL,
5482,EN26115676,SAGAR SOMNATH KOLI,94.914091,96.2623043,77.67,61.12,0,NORMAL,
5483,EN26105378,VARAD VINIT KONDO,94.914091,99.0240529,77.33,94.2,0,NORMAL,
5484,EN26110401,GAURAV VIJAY SHINDE,94.914091,98.8769155,89.67,88.33,0,NORMAL,
5485,EN26256337,VISHWAJEET SACHIN WAYSE,94.914091,94.8861284,74.33,86.2,0,NORMAL,
5486,EN26244602,ADITYA SINGH,94.914091,,79.0,92.33,0,NORMAL,
5487,EN26227788,PRATHAMESH AJAY WALKE,94.914091,98.6762936,77.0,89.2,0,NORMAL,
5488,EN26170966,DHAIRYASHEEL SANGRAM PATIL,94.914091,99.5906412,85.33,97.8,0,NORMAL,
5489,EN26485431,LUCKY ASHOK YADAV,94.914091,17.7235495,49.33,69.2,0,NORMAL,
5490,EN26376348,MOHAMMAD JAWAD SHAIZAD WORLIWALA,94.9117875,99.4496825,80.0,86.0,0,NORMAL,
5491,EN26105426,AVIKAA TRIPATHI,94.9117875,98.5168677,84.0,95.5,0,NORMAL,
5492,EN26198775,SAMA RIZVI,94.9117875,,86.33,98.2,0,NORMAL,
5493,EN26107322,URJITA SACHIN PATIL,94.9117875,99.3657344,85.67,95.2,0,NORMAL,
5494,EN26134685,MADHUR SAMIR LOTLIKAR,94.9117875,96.2498087,88.0,96.66,0,NORMAL,
5495,EN26153387,ROHAN MAROTI POPALGHAT,94.9117875,97.6882405,77.0,90.6,0,NORMAL,
5496,EN26289961,MAYURESHA SANATKUMAR IPPALPALLI,94.896094,97.3413057,74.33,90.0,0,NORMAL,
5497,EN26240562,ANANYA SHADANGULE,94.896094,96.7647625,78.67,88.0,0,NORMAL,
5498,EN26123980,GARGI GANESH GUND,94.896094,99.0212323,89.0,98.0,0,NORMAL,
5499,EN26101235,SHREYASH SHITAL WASTE,94.896094,96.9615697,67.67,83.6,0,NORMAL,
5500,EN26291186,MOHAMMED ANAS MOHAMMED ILYAS,94.896094,98.8670753,94.0,75.8,0,NORMAL,
5501,EN26147546,FALGUN VINOD YERNE,94.896094,98.644561,95.67,95.4,0,NORMAL,
5502,EN26107610,RISHIKESH JAGDISH DUSANE,94.896094,99.1945392,80.67,81.66,0,NORMAL,
5503,EN26312896,SACHI MANOJKUMAR MOGALI,94.896094,94.9644162,77.67,95.8,0,NORMAL,
5504,EN26451212,AAYUSH SATISHRAO CHAVAN,94.896094,97.3257727,84.33,85.2,0,NORMAL,
5505,EN26388147,MAYURESH NARESH KARODKAR,94.8912384,98.8068517,76.67,92.2,0,NORMAL,
5506,EN26312458,PRANAV KAILAS MANE,94.8912384,97.610882,72.0,91.2,0,NORMAL,
5507,EN26285432,PARTH SUNIL PATIL,94.8912384,98.2320819,76.67,90.2,0,NORMAL,
5508,EN26168099,URJA DANNY SAVLA,94.8912384,98.4327624,74.33,95.4,0,NORMAL,
5509,EN26287498,SHREYASH VILAS GIRADKA,94.8912384,86.5951005,70.0,90.8,0,NORMAL,
5510,EN26355277,SHAHU SANTOSH PATIL,94.8862799,98.0919408,47.67,76.6,0,NORMAL,
5511,EN26129736,ARJUN ANILKUMAR JADHAV,94.8862799,97.4288016,83.0,89.2,0,NORMAL,
5512,EN26227349,ARANYAK BAIDYA,94.8862799,,92.33,95.4,0,NORMAL,
5513,EN26230649,ARJUN DEEPAK KALE,94.8862799,97.321565,87.67,92.4,0,NORMAL,
5514,EN26158807,ALOK ATISH BAGDIYA,94.8737933,98.8167764,91.33,85.0,0,NORMAL,
5515,EN26487280,VATSAL ANAND,94.8737933,,78.33,92.33,0,NORMAL,
5516,EN26246293,ANMOL SINGH,94.8737933,98.7328923,78.0,96.0,0,NORMAL,
5517,EN26197199,KHUSHAL AJAYKUMAR MANKAR,94.870819,89.2347783,42.33,84.2,0,NORMAL,
5518,EN26262221,SHIVAM TUSHAR AUTI,94.870819,94.1399317,65.0,94.0,0,NORMAL,
5519,EN26442916,ANVITA KHANDELWAL,94.870819,,74.67,88.4,0,NORMAL,
5520,EN26224824,HARSHWARDHAN DADASO YEWALE,94.870819,99.0203625,91.33,98.4,0,NORMAL,
5521,EN26215269,ONKAR RAM DESHMUKH,94.8648179,93.2287366,74.67,88.66,0,NORMAL,
5522,EN26362051,OM SWAROOP TRIPATHY,94.8648179,,87.33,95.8,0,NORMAL,
5523,EN26128675,PRATHAMESH SUNIL MAGDUM,94.8648179,99.5350803,87.67,92.8,0,NORMAL,
5524,EN26114151,AARYA NILESH KADAM,94.8648179,98.1152875,77.0,94.8,0,NORMAL,
5525,EN26285380,PRANAY ARJUN MANDHARE,94.8648179,94.2142883,90.33,93.0,2,MEDIUM,CET_vs_HSC: CET is LOWER than expected by 58 rank pts; CET_vs_HSC_SSC: CET is LOWER than expected by 53 rank pts
5526,EN26336379,RUSHABH HEMANTKUMAR BAGHELE,94.8648179,98.1021539,84.33,87.16,0,NORMAL,
5527,EN26201472,YASH,94.8648179,98.4223551,79.33,75.04,0,NORMAL,
5528,EN26293433,SAHAJ KACKER,94.8648179,95.3963666,79.67,93.0,0,NORMAL,
5529,EN26334683,SHARWARI DILIP MOHANKAR,94.8648179,90.4743555,71.0,89.8,0,NORMAL,
5530,EN26254699,RADHA LAHANU RODE,94.8648179,97.6170884,67.0,89.8,0,NORMAL,
5531,EN26354348,ABHIMANYU OMPRAKASH CHAVAN,94.8632527,98.7223398,71.67,92.6,0,NORMAL,
5532,EN26101522,AKSHAY SURAJ IYER,94.8632527,99.5268463,94.0,97.0,0,NORMAL,
5533,EN26179285,ARYA SANTOSH SHIRKE,94.8632527,97.4286115,86.33,93.4,0,NORMAL,
5534,EN26256234,ARUSHI GUPTA,94.8632527,99.302904,90.33,97.66,0,NORMAL,
5535,EN26177912,PRIYA VERMA,94.8632527,89.4554822,68.67,92.0,0,NORMAL,
5536,EN26358208,DIKSHA DEEPAK HIRAP,94.8632527,94.2038061,92.0,91.83,2,MEDIUM,CET_vs_HSC: CET is LOWER than expected by 61 rank pts; CET_vs_HSC_SSC: CET is LOWER than expected by 53 rank pts
5537,EN26300473,ANCHIT JYOTINDRA AGRAWAL,94.8632527,98.5973225,84.33,94.4,0,NORMAL,
5538,EN26434492,DHAIRYA BHATT,94.8632527,79.3692556,95.67,83.0,2,MEDIUM,CET_vs_HSC: CET is LOWER than expected by 74 rank pts; CET_vs_HSC_SSC: CET is LOWER than expected by 59 rank pts
5539,EN26122237,SHOURYA MANISH BURELE,94.8632527,98.8742633,89.0,90.2,0,NORMAL,
5540,EN26119301,ANAS MUSTAFA SHAIKH,94.8632527,94.6508434,56.67,91.2,0,NORMAL,
5541,EN26385378,JADHAV ATHARV SUBHASH,94.859647,84.9389417,84.67,89.0,0,NORMAL,
5542,EN26175373,SAMRUDHI VIJAY JADHAV,94.859647,97.0532519,81.67,94.8,0,NORMAL,
5543,EN26218908,BHAVESH SAHAJANANDSING PATIL,94.859647,98.6494997,59.0,76.6,0,NORMAL,
5544,EN26291806,SHOUNAK SHASHANK THAKUR,94.859647,99.8420578,71.67,91.5,2,MEDIUM,CET_vs_HSC: CET is HIGHER than expected by 64 rank pts; CET_vs_HSC_SSC: CET is HIGHER than expected by 65 rank pts
5545,EN26158267,TEJAS LINGRAJ RAJMANE,94.859647,99.4983512,87.33,93.4,0,NORMAL,
5546,EN26148318,ABDULLAH ZAHIR AHMED BANGI,94.859647,99.5661605,78.33,92.6,0,NORMAL,
5547,EN26290359,YASH UDAY GADEPATIL,94.859647,90.4796411,77.33,93.0,0,NORMAL,
5548,EN26442712,KARTIK RAHUL SALUNKE,94.859647,52.8560653,74.0,83.8,0,NORMAL,
5549,EN26360685,KRUSHNAVI VIRENDRA SHINDE,94.859647,98.1399096,81.33,96.4,0,NORMAL,
5550,EN26437352,NIKHIL BIBHISHAN SABALE,94.859647,97.1687299,79.33,97.0,0,NORMAL,
5551,EN26218078,ADITYA PANKAJ GOLE,94.859647,93.9346395,62.67,74.66,0,NORMAL,
5552,EN26247801,YASH SANJAY SONAR,94.859647,96.5233373,79.67,90.2,0,NORMAL,
5553,EN26191801,ASTHA ANIL MAKARIYA,94.8583698,97.1835994,73.0,91.8,0,NORMAL,
5554,EN26178713,ATHARV TRIVEDI,94.8583698,98.7472209,85.67,97.66,0,NORMAL,
5555,EN26129573,JAYESH NITIN KHACHANE,94.8583698,97.6985322,76.33,88.0,0,NORMAL,
5556,EN26405954,JAYAAN JAGDISH CHAVAN,94.8583698,98.570253,82.33,95.66,0,NORMAL,
5557,EN26338333,ARNAV BHATNAGAR,94.8583698,99.2404354,87.67,97.2,0,NORMAL,
5558,EN26100140,VAISHNAWI SRIVASTAVA,94.8583698,98.9224553,98.0,99.0,0,NORMAL,
5559,EN26293226,CHORMULE ADITYA SANJAY,94.8583698,98.4879654,78.33,94.2,0,NORMAL,
5560,EN26203720,AYUSH RAHUL JEDHE,94.8583698,97.440273,89.0,97.0,0,NORMAL,
5561,EN26278590,PRATHMESH PRAMOD UGILE,94.8304614,98.6607658,76.33,91.4,0,NORMAL,
5562,EN26273142,VISHAL MAHADEV TONDE,94.8304614,38.0901752,61.67,72.2,0,NORMAL,
5563,EN26277608,HIMANSHU DINESH MISTRY,94.8304614,98.3591071,84.0,97.0,0,NORMAL,
5564,EN26390647,NISARG SAURABH SHAH,94.8304614,98.545009,86.67,96.66,0,NORMAL,
5565,EN26141973,TASKIN SAJID SHEIKH,94.8304614,98.7472209,67.67,94.4,0,NORMAL,
5566,EN26148489,ARYAN ARORA,94.8304614,98.1370729,82.67,96.0,0,NORMAL,
5567,EN26406256,ANUSHKA ANIL MASHALKAR,94.8304614,97.7248066,73.0,94.0,0,NORMAL,
5568,EN26120320,SHAURYA RAJEEV SHAH,94.8289603,98.3867855,69.67,94.83,0,NORMAL,
5569,EN26118427,RADHIKA VIVEK PAWAR,94.8289603,99.0273038,88.67,98.4,0,NORMAL,
5570,EN26182816,YASH MADHUSUDAN TONGE,94.8289603,97.8063117,87.67,86.2,0,NORMAL,
5571,EN26156867,SHRIHARI SACHIN GURAV,94.8289603,99.4451773,75.33,90.6,0,NORMAL,
5572,EN26200774,SHUBHAM SANTOSH DONGARE,94.8289603,98.8800565,80.0,96.0,0,NORMAL,
5573,EN26138354,ARYAN TUSHAR ZOPE,94.8289603,61.7346759,58.33,85.8,0,NORMAL,
5574,EN26362953,GAURAV RAJU NARANG,94.8289603,98.3139932,88.33,90.8,0,NORMAL,
5575,EN26173518,TANISHA YOGESH RATNAPARKHI,94.8289603,97.624379,82.33,95.0,0,NORMAL,
5576,EN26299363,HARSHAD NARAYAN SURYAWANSHI,94.8289603,98.5565976,66.0,100.0,0,NORMAL,
5577,EN26149393,ISHANYA SHAILENDRA KULKARNI,94.8289603,97.628377,88.33,95.8,0,NORMAL,
5578,EN26252617,DEVASHISH ARVIND NAWADE,94.8263442,64.2926156,57.33,87.4,0,NORMAL,
5579,EN26322318,VENKATESH SANTOSH POLSHETWAR,94.8263442,98.5058661,71.33,97.2,0,NORMAL,
5580,EN26490416,YASH PARSAI,94.8263442,,68.67,76.8,0,NORMAL,
5581,EN26225175,UTKARSH CHYAU PATNAIK,94.8263442,97.9274077,74.0,94.5,0,NORMAL,
5582,EN26148861,KEDAR RAWAL,94.8263442,97.406218,86.33,93.2,0,NORMAL,
5583,EN26341984,MANDAR VILAS KHODAPE,94.8263442,81.9275869,81.33,87.6,0,NORMAL,
5584,EN26104999,AADI TRISITKUMAR BHUIYAN,94.8263442,93.9120113,80.33,96.33,0,NORMAL,
5585,EN26345592,AMEY MAKARAND BRAHMANGAONKAR,94.8263442,87.0084871,71.33,91.2,0,NORMAL,
5586,EN26254003,NINAD SANJAY GOND,94.8149001,98.5168677,81.33,97.6,0,NORMAL,
5587,EN26171860,SUYASHA SANJAY SINGH,94.8149001,99.6321855,81.0,97.2,0,NORMAL,
5588,EN26400431,SAMANYU SURYAKANT MANGALGI,94.8149001,98.0751569,79.33,95.16,0,NORMAL,
5589,EN26160909,PRITESH VIJAYKUMAR ASAWA,94.8149001,97.545444,82.33,89.0,0,NORMAL,
5590,EN26208643,MANAS YOGESH PATIL,94.8149001,99.1591592,88.67,95.83,0,NORMAL,
5591,EN26338191,MATHEW BINU,94.8149001,99.3132614,83.0,87.8,0,NORMAL,
5592,EN26387266,DIVYAMSHU DUTTA,94.8149001,,96.33,96.5,0,NORMAL,
5593,EN26132153,HRIDHAN MAHESH PEDNEKAR,94.8021202,98.3131595,83.33,95.6,0,NORMAL,
5594,EN26210733,VITTHAL RAJESH GUDEKAR,94.8021202,98.3131595,79.0,97.2,0,NORMAL,
5595,EN26412043,ADITYA ANAND,94.8021202,98.1399096,94.0,94.83,0,NORMAL,
5596,EN26265461,MANAS MANOJ GUDEKAR,94.8021202,99.8424652,93.0,98.0,0,NORMAL,
5597,EN26210694,AARYAN AMOL PATIL,94.8021202,99.8001998,90.67,94.8,0,NORMAL,
5598,EN26199309,ARYA GANESH BANKHELE,94.7986387,98.205248,83.33,94.66,0,NORMAL,
5599,EN26275214,VISHWAJIT CHANDRAKANT MORASKAR,94.7986387,99.2740965,76.67,91.0,0,NORMAL,
5600,EN26157276,ADVAIT GIRISH BARVE,94.7986387,99.3030124,87.33,92.6,0,NORMAL,
5601,EN26226729,NEEL TAPARIA,94.7986387,98.9010239,81.67,93.0,0,NORMAL,
5602,EN26129003,SHRAVANI MANOJ HEDAU,94.7986387,99.5720617,93.0,96.8,0,NORMAL,
5603,EN26251629,ADITYA SUNIL HADKAR,94.7986387,97.8063117,78.33,91.0,0,NORMAL,
5604,EN26230412,KRISHNA ASHOK PATIL,94.7986387,99.4982935,88.67,91.0,0,NORMAL,
5605,EN26214031,KAMLESH DILIP GORE,94.7986387,97.4499655,83.67,87.8,0,NORMAL,
5606,EN26262607,ABHINAV HARENDRA NATH TIWARI,94.7986387,94.9427415,80.0,88.8,0,NORMAL,
5607,EN26412433,NIBHRANT PRAKASH MANE,94.7986387,96.6404902,70.67,94.6,0,NORMAL,
5608,EN26374426,AWALWAR JANHAVI SURESH,94.7986387,94.1906967,64.67,98.6,0,NORMAL,
5609,EN26423940,VITTHAL AMOL JAMALE,94.7986387,,76.0,90.4,0,NORMAL,
5610,EN26245889,SANKET VASANT CHAUDHARI,94.7986387,95.4430646,80.67,90.0,0,NORMAL,
5611,EN26170920,AVANISH KHOKADE,94.7921737,99.1344285,90.0,95.83,0,NORMAL,
5612,EN26216396,ARNAV JOHRI,94.7921737,99.3986188,67.67,85.5,1,LOW,CET_vs_HSC_SSC: CET is HIGHER than expected by 57 rank pts
5613,EN26257380,MANISH KUMAR SHARMA,94.7921737,96.6688364,90.0,89.4,0,NORMAL,
5614,EN26167008,SUJAL DEEPAK RAIKAR,94.7921737,98.626659,75.67,93.8,0,NORMAL,
5615,EN26369847,DIVYANSH RAJNISH AGRAWAL,94.7921737,,73.67,86.6,0,NORMAL,
5616,EN26321218,PACHPOR VEDANT DNYANESHWAR,94.7921737,96.4185055,91.0,81.0,0,NORMAL,
5617,EN26314438,GAURI ANANT PANDE,94.7921737,99.0390182,89.33,99.6,0,NORMAL,
5618,EN26462443,NIPURNA PALIWAL,94.7921737,,82.67,86.5,0,NORMAL,
5619,EN26296219,VEDANT MISHRA,94.7921737,95.2927669,77.0,93.66,0,NORMAL,
5620,EN26326486,SHRAVANI SATISH PATIL,94.7921737,98.3382471,72.33,95.6,0,NORMAL,
5621,EN26112047,ARUSH KASHYAP,94.7921737,,82.67,95.66,0,NORMAL,
5622,EN26168375,MUKTAI BHARAT HIRAVE,94.7886981,95.9271498,87.33,91.2,0,NORMAL,
5623,EN26338479,ARYAN CHANDRAGUPTA PATIL,94.7886981,97.4146966,78.67,94.0,0,NORMAL,
5624,EN26151115,KUSHRAJ AVINASH PATIL,94.7886981,98.4640073,74.33,93.33,0,NORMAL,
5625,EN26109209,SHIVAM KAMLESH SINGH,94.7886981,97.8881988,47.33,74.6,0,NORMAL,
5626,EN26168993,SYED NUMAN SYED SIRAJ,94.7886981,96.6404902,73.67,86.2,0,NORMAL,
5627,EN26171734,LAXMI KULKARNI,94.7886981,98.9760049,84.33,97.33,0,NORMAL,
5628,EN26323233,DURVESH PRASHANT PAI,94.7886981,83.7431799,64.67,94.33,0,NORMAL,
5629,EN26363606,SPARSH SUNIL SATHE,94.7886981,68.5042436,57.0,84.8,0,NORMAL,
5630,EN26338328,HUSSAIN BAIG MIRZA HASEEB BAIG MIRZA,94.7886981,95.7405512,66.0,91.8,0,NORMAL,
5631,EN26360139,OMKAR SANJAY DHAS,94.7886981,97.9630636,73.33,91.83,0,NORMAL,
5632,EN26331121,YUVRAJ KHANDERAO GAVHANE,94.7886981,99.074621,71.33,79.5,0,NORMAL,
5633,EN26203827,ANIRUDDHA MANGESH DONGLIKAR,94.7886981,57.8685189,73.0,67.16,0,NORMAL,
5634,EN26294964,VEDANT VIVEK MAHAJAN,94.7886981,97.7919096,75.0,94.2,0,NORMAL,
5635,EN26286951,VAIBHAV PANDIT WAGH,94.7855035,83.7154638,53.67,80.8,0,NORMAL,
5636,EN26320299,ATHARV SANJAY DHUMAL,94.7855035,51.7178644,40.67,79.0,0,NORMAL,
5637,EN26305338,VEDANT SANTOSH MARDANE,94.7855035,73.262321,58.67,84.8,0,NORMAL,
5638,EN26140615,ANJALI PRAKASH CHAVAN,94.7855035,98.5598385,94.0,95.5,0,NORMAL,
5639,EN26217705,ABHINAV RAJ,94.7855035,92.1789653,69.67,81.66,0,NORMAL,
5640,EN26218828,TANISHKA SINGHANIYA,94.7855035,98.1178026,85.0,94.0,0,NORMAL,
5641,EN26355367,ARYAN SURAJ KHANDAGALE,94.7855035,97.4706885,76.0,89.6,0,NORMAL,
5642,EN26160386,VARUN RAHUL PAWAR,94.7855035,99.3030124,90.67,98.33,0,NORMAL,
5643,EN26108017,MOHD HAMZA KHAN,94.7855035,98.7697578,90.67,95.8,0,NORMAL,
5644,EN26397409,AVANISH PRAVIN KUMBHARE,94.7855035,98.5565976,82.33,93.66,0,NORMAL,
5645,EN26130134,SANKET,94.7855035,98.0121617,82.67,95.0,0,NORMAL,
5646,EN26109995,SNEH PRIYA,94.7855035,,84.33,92.2,0,NORMAL,
5647,EN26369812,MAYANK ARVIND BHEDE,94.7855035,,71.67,85.8,0,NORMAL,
5648,EN26467492,SONU KUMAR,94.7855035,,57.0,78.6,0,NORMAL,
5649,EN26342597,MATTHEW KAMLESH KAMBLE,94.7855035,59.2474828,80.0,80.0,0,NORMAL,
5650,EN26310593,SWARAJ NILESH GHADEKAR,94.7799769,99.1076278,87.0,92.6,0,NORMAL,
5651,EN26129638,GHUGE AAYUSH GANPAT,94.7799769,98.7035739,74.33,93.2,0,NORMAL,
5652,EN26280866,KRITISH BIKASH BAG,94.7799769,99.7711026,82.67,92.6,0,NORMAL,
5653,EN26284122,PARTH SANJAY PISE,94.7799769,98.8626758,70.67,90.4,0,NORMAL,
5654,EN26253131,DEEP RAJNIKANT BHALALA,94.7799769,98.1161695,82.67,94.5,0,NORMAL,
5655,EN26252294,ARNAV PRANAY VORA,94.7799769,99.1045706,94.33,96.33,0,NORMAL,
5656,EN26124526,HARSH SHREEKANT JADHAV,94.7799769,95.4799,78.33,94.5,0,NORMAL,
5657,EN26363888,RUSHIKESH BALAJI LADE,94.7799769,98.1143788,79.0,87.0,0,NORMAL,
5658,EN26465065,GURUPRASAD SANDEEP MASANE,94.7799769,98.5722045,58.67,91.2,0,NORMAL,
5659,EN26399310,ROHIT LAXMAN THIK,94.7799769,3.1878353,47.33,86.6,0,NORMAL,
5660,EN26303693,ADITYA BANGAR,94.7799769,,71.0,87.16,0,NORMAL,
5661,EN26278148,ADHELI ANIKET BHUMAYYA,94.7723014,98.8626758,63.33,91.4,0,NORMAL,
5662,EN26231088,YUGVIR ANIL THAPAR,94.7723014,98.6765412,98.0,97.5,0,NORMAL,
5663,EN26398314,SURAJ DEVIDAS NAYEGAYE,94.7723014,63.9535342,52.67,69.4,0,NORMAL,
5664,EN26327708,PRADHYUM SHAM RAJPUT,94.7723014,97.0798432,85.33,93.8,0,NORMAL,
5665,EN26336764,SAUMYA NITIN KUNGHALKAR,94.7723014,99.7188507,81.0,94.4,0,NORMAL,
5666,EN26241027,VARADRAAJ SAGAR KONDEKAR,94.7723014,71.7660957,44.0,71.0,0,NORMAL,
5667,EN26322550,RISHIRAJ SINGH KUMPAWAT,94.7723014,,83.33,79.6,0,NORMAL,
5668,EN26293930,AADARSH KISHORE PANDA,94.7723014,96.9234547,80.67,90.0,0,NORMAL,
5669,EN26243864,VED VIKAS GAIKWAD,94.7723014,98.451797,89.33,90.4,0,NORMAL,
5670,EN26342083,SOHAM GANESH MASKE,94.7723014,99.2014366,73.0,93.2,0,NORMAL,
5671,EN26397219,SUJAL SWAIN,94.7723014,,96.33,93.8,0,NORMAL,
5672,EN26254383,AARAV RAMESH YADAV,94.7723014,95.0750038,81.0,97.2,0,NORMAL,
5673,EN26140766,OM MANOJKUMAR TIWARI,94.7723014,98.6182541,80.67,85.4,0,NORMAL,
5674,EN26342086,MALHAR ATUL JOSHI KANDEKAR,94.7723014,99.6528494,86.0,92.6,0,NORMAL,
5675,EN26467349,KUSH SHARMA,94.7684443,,86.0,90.33,0,NORMAL,
5676,EN26256846,YUVRAAJ PRASHANT KATARIA,94.7684443,99.2267861,80.67,95.33,0,NORMAL,
5677,EN26443452,KOTHEKAR DHANANJAY GANESH,94.7684443,96.0805719,80.33,88.8,0,NORMAL,
5678,EN26257246,BAISNAVI GOPAL DAS,94.7629777,99.4964257,92.0,95.8,0,NORMAL,
5679,EN26212771,PRATHAMESH SHEKHAR YADAV,94.7629777,99.6391008,92.0,93.6,0,NORMAL,
5680,EN26107958,KRISHU NAYAK,94.7629777,99.8692056,94.67,96.83,0,NORMAL,
5681,EN26119614,RUSHIKESH KAILAS JEUGHALE,94.7629777,90.8211878,90.67,69.8,1,LOW,CET_vs_HSC: CET is LOWER than expected by 63 rank pts
5682,EN26177564,ARYAN MANOJKUMAR KAHAR,94.7629777,95.6826425,93.33,91.0,1,LOW,CET_vs_HSC: CET is LOWER than expected by 58 rank pts
5683,EN26273536,KOKATE ANTARA SACHIN,94.7629777,98.570253,67.33,97.2,0,NORMAL,
5684,EN26268403,ANSHUL SUYOG DESHPANDE,94.7629777,98.8660774,76.0,94.4,0,NORMAL,
5685,EN26157686,MAHESH VASANT JADHAV,94.7629777,95.9065146,61.33,84.16,0,NORMAL,
5686,EN26401753,UTKARSH DHIRAJ NINAWE,94.7629777,98.2986841,88.0,93.0,0,NORMAL,
5687,EN26177315,SAMRUDDHI VINAYAK CHIKTE,94.7629777,97.6978518,98.89,94.5,0,NORMAL,
5688,EN26309931,ADITYA SUSHIL KHEDKAR,94.7428057,64.2926156,72.0,94.6,0,NORMAL,
5689,EN26172328,JAY PRANAV SETH,94.7428057,99.6654576,89.0,95.0,0,NORMAL,
5690,EN26224840,KRISHNAI SUNIL KABADE,94.7428057,99.2303252,81.33,92.2,0,NORMAL,
5691,EN26450646,GAIKWAD ABHIJIT NAMDEV,94.7428057,98.7772214,74.0,95.4,0,NORMAL,
5692,EN26128703,AKSHITA DUBEY,94.7428057,97.4914261,87.0,92.2,0,NORMAL,
5693,EN26336569,SIDDHANT SANTOSH AMBESANGE,94.7428057,97.2886818,84.67,95.4,0,NORMAL,
5694,EN26126268,ADIT PREMKUMAR,94.7428057,99.0471853,89.0,93.2,0,NORMAL,
5695,EN26357108,DIVISHA BATRA,94.7428057,97.9647599,94.67,98.4,0,NORMAL,
5696,EN26239972,SHIVAM RAJESH KADAM,94.7428057,98.3761272,83.67,84.2,0,NORMAL,
5697,EN26270602,RITESH JITENDRA PATIL,94.7395746,,71.67,92.8,0,NORMAL,
5698,EN26224571,QAMROSH NISAR AHMED SAYED,94.7395746,99.7669265,75.67,91.6,2,MEDIUM,CET_vs_HSC: CET is HIGHER than expected by 55 rank pts; CET_vs_HSC_SSC: CET is HIGHER than expected by 57 rank pts
5699,EN26213825,AARYAN MAHESH DANDAVATE,94.7395746,91.0435718,65.33,93.8,0,NORMAL,
5700,EN26265866,VAISHNAVI SANTOSH GODAGE,94.7395746,97.107136,78.0,93.4,0,NORMAL,
5701,EN26369328,DHRUV RUPESH VERMA,94.7395746,98.4296784,44.0,85.83,0,NORMAL,
5702,EN26133944,RITESH RAJU PATIL,94.7395746,99.8598458,91.33,95.0,0,NORMAL,
5703,EN26398351,KAJAL KUMARI,94.7395746,,84.0,93.8,0,NORMAL,
5704,EN26235444,AASHAY ARVIND KALE,94.7287665,91.8567404,74.67,93.5,0,NORMAL,
5705,EN26204688,ARINJAY AMOL CHAUGULE,94.7287665,98.8989816,86.33,97.0,0,NORMAL,
5706,EN26157949,NAITIK RAJ AGRAHARI,94.7287665,96.8036058,80.33,89.72,0,NORMAL,
5707,EN26173361,KHUSHI KIRAN CHANDAN,94.7287665,97.624379,77.0,95.6,0,NORMAL,
5708,EN26322750,DIVYANSH DEEPAK MADHANI,94.7287665,98.9164146,80.67,89.66,0,NORMAL,
5709,EN26310143,KARTIK PANDURANG GANJI,94.7287665,97.2886818,65.0,91.2,0,NORMAL,
5710,EN26239349,LAKSHYA DARJI,94.7287665,,91.67,88.6,0,NORMAL,
5711,EN26257201,SUNNY DIPAK MANE,94.7287665,98.5909613,86.33,92.0,0,NORMAL,
5712,EN26292397,DIVYAL AMIT BHAND,94.7287665,97.6121663,83.33,91.0,0,NORMAL,
5713,EN26229542,SIDDHANT SHIVAJI YADAV,94.7287665,99.6089049,83.33,94.83,0,NORMAL,
5714,EN26195976,TEJAS SURESH SURYAWANSHI,94.7287665,97.4288016,71.33,89.16,0,NORMAL,
5715,EN26171501,VARAD SHRIDHAR KINIKAR,94.7276592,99.2190806,79.67,89.8,0,NORMAL,
5716,EN26173637,GAURAV VINOD CHANGEDIYA,94.7276592,99.0970568,83.0,94.2,0,NORMAL,
5717,EN26256101,RADHESHYAM VISHNU JADHAV,94.7276592,99.3520602,82.33,95.6,0,NORMAL,
5718,EN26154055,KSHITIJ SAMBHAJI SONNE,94.7276592,99.5311735,95.33,97.0,0,NORMAL,
5719,EN26220226,AROOSH SAMIR SALUNKHE,94.7276592,99.6783704,92.0,97.0,0,NORMAL,
5720,EN26188918,PIYUSH MAHENDRA BADGUJAR,94.7276592,99.478315,86.67,94.4,0,NORMAL,
5721,EN26196752,KRISHNA SANJAY SACHDEO,94.7276592,97.5046401,84.0,92.66,0,NORMAL,
5722,EN26147254,DITI ASHOK KARANI,94.7228491,99.0390182,84.67,99.33,0,NORMAL,
5723,EN26245866,VEDANT SUNIL BULANI,94.7228491,99.2320819,86.0,94.66,0,NORMAL,
5724,EN26368463,SOHAM SANDIP DESHMUKH,94.7228491,97.8063117,78.0,94.6,0,NORMAL,
5725,EN26166771,ABHINAVHA SIDDHARTH BEHERAY,94.7228491,96.7873551,77.67,77.71,0,NORMAL,
5726,EN26300541,POKAR MANN DEEPAK,94.7228491,98.4497019,74.67,90.6,0,NORMAL,
5727,EN26118318,TEERTH PRAVEEN PATIL,94.7228491,97.6874562,73.33,84.2,0,NORMAL,
5728,EN26406331,BHARAT ABHAY KSHIRSAGAR,94.7228491,94.2477571,78.0,90.33,0,NORMAL,
5729,EN26258588,PARTH SUDHAKAR JADHAV,94.7228491,97.3781998,73.0,95.4,0,NORMAL,
5730,EN26272647,YOHAN SACHIN MEHTA,94.7228491,99.3905516,84.0,97.0,0,NORMAL,
5731,EN26342848,ATHARVA SUBHASH GEDAM,94.7228491,98.5168677,84.33,93.66,0,NORMAL,
5732,EN26156792,TIRTH DEVANG SHETH,94.7146877,98.2505176,87.0,96.16,0,NORMAL,
5733,EN26226709,SHUBH NIRAJ SRIVASTAVA,94.7146877,99.6887728,88.67,91.0,0,NORMAL,
5734,EN26278432,SHREYA VASHIST,94.7146877,,88.67,96.2,0,NORMAL,
5735,EN26239603,SAI SANDIP GAJMAL,94.7146877,97.6978518,76.67,91.6,0,NORMAL,
5736,EN26346426,THAKARE SANSKAR SANJAY,94.7146877,98.4843712,71.0,91.8,0,NORMAL,
5737,EN26159740,AARUSH RATNESH GAJBHIYE,94.7146877,98.4599733,75.0,95.6,0,NORMAL,
5738,EN26170316,SAYALI SANTOSH MANE,94.7146877,99.2014366,81.33,99.6,0,NORMAL,
5739,EN26223920,RISHABH JIGNESH GAJJAR,94.7146877,97.3257727,78.33,94.5,0,NORMAL,
5740,EN26334602,SAMYAK BIPIN TELANG,94.7146877,96.3017082,86.67,93.8,0,NORMAL,
5741,EN26134019,ATHARWA AMOL THORAT,94.7146877,98.7279709,89.67,95.0,0,NORMAL,
5742,EN26138287,SWAYAMREDDY BALAJI KOTGIRE,94.7146877,98.6435886,63.0,95.16,0,NORMAL,
5743,EN26433852,AAYUSH PANKAJ GUPTA,94.7039427,96.7675378,81.67,95.2,0,NORMAL,
5744,EN26131477,SHASHWAT CHOUDHARY,94.7039427,99.7462799,84.33,94.0,0,NORMAL,
5745,EN26362872,AARYAN SANJAY JADHAV,94.7039427,95.4990284,84.33,88.8,0,NORMAL,
5746,EN26251958,ARYAN NAGENDRA PAWAR,94.7039427,99.3515358,60.0,82.0,1,LOW,CET_vs_HSC_SSC: CET is HIGHER than expected by 59 rank pts
5747,EN26200340,VEDANT RAJESH BATTALWAR,94.7039427,99.0374182,79.0,83.0,0,NORMAL,
5748,EN26231669,ATHARVA SACHIN DHORJE,94.7039427,99.1183262,78.0,91.0,0,NORMAL,
5749,EN26336586,SUYASH SURENDRA JHA,94.7039427,97.8090928,78.33,85.6,0,NORMAL,
5750,EN26322427,ANSHUL DEVIPRASAD BAVISTALE,94.7039427,98.5735891,82.0,94.8,0,NORMAL,
5751,EN26382753,JIVIKAA PRAVEEN TOLA,94.7039427,96.6879243,75.67,98.0,0,NORMAL,
5752,EN26355910,MAYANK VIJAY KHAPARDE,94.7039427,95.4873006,80.67,95.0,0,NORMAL,
5753,EN26339661,AREEBA MOHSIN ANSARI,94.7039427,98.2258996,89.33,97.8,0,NORMAL,
5754,EN26216739,SAMIKSHA DEEPAK MHASKE,94.7039427,98.0818957,72.0,92.4,0,NORMAL,
5755,EN26100412,AAYUSH SACHIN JAMBHULKAR,94.7039427,98.3131595,86.33,94.2,0,NORMAL,
5756,EN26201581,NAGRE ANIKET UDDHAO,94.7039427,96.1046695,90.67,90.4,0,NORMAL,
5757,EN26362949,RAHUL SARJERAV KOLEKAR,94.6950641,97.8054608,82.0,95.2,0,NORMAL,
5758,EN26230400,VAIDEHI DHIRAJ GADIWAN,94.6950641,98.8208547,88.33,92.2,0,NORMAL,
5759,EN26131091,SWAMINI SANJAY SALUNKE,94.6950641,98.0655851,90.0,93.6,0,NORMAL,
5760,EN26263618,KALYANKAR ATHARVA AMOL,94.6950641,99.8031108,85.67,94.8,0,NORMAL,
5761,EN26368398,KOMAL GANGRADE,94.6950641,,99.89,93.0,0,NORMAL,
5762,EN26251709,SARTHAK SANDIP HINGMIRE,94.6950641,80.4992916,65.33,87.2,0,NORMAL,
5763,EN26398101,SARTH CHANDRAKANT SASTE,94.6831318,99.09598,81.67,96.0,0,NORMAL,
5764,EN26235600,MANAN MADHUSUDAN MEHADIA,94.6831318,99.382843,71.0,94.0,0,NORMAL,
5765,EN26226864,ANUBHAV RAJ,94.6831318,99.0434195,91.0,96.33,0,NORMAL,
5766,EN26403462,TRUSHNA PRADIP PATIL,94.6831318,93.7198237,74.33,92.2,0,NORMAL,
5767,EN26328329,YASHRAJ HARERAM SANAP,94.6831318,61.9398096,55.0,86.6,0,NORMAL,
5768,EN26369961,SIDDHANT PRAMOD SALUNKHE,94.6831318,98.4879654,90.33,96.6,0,NORMAL,
5769,EN26100696,DEEPANKAR DASH,94.6831318,96.433947,81.33,93.2,0,NORMAL,
5770,EN26107167,SAUMYA MANOJ JIWNANI,94.6831318,98.5722045,86.67,93.6,0,NORMAL,
5771,EN26236534,SHAIKH MOHD WAIS ZUBAIR,94.6831318,98.5836177,79.33,93.2,0,NORMAL,
5772,EN26187943,SWANAND BHUSHAN DESHMUKH,94.6831318,97.3210869,82.33,92.2,0,NORMAL,
5773,EN26221727,BHAV JAYESH GANDHI,94.6819414,99.8456254,77.67,86.4,1,LOW,CET_vs_HSC_SSC: CET is HIGHER than expected by 62 rank pts
5774,EN26366160,SHRUTI SHEKHAR HINGANE,94.6819414,98.3131595,78.33,95.6,0,NORMAL,
5775,EN26465214,PRAGVI KATARIA,94.6819414,,79.0,90.5,0,NORMAL,
5776,EN26341211,JAY KIRAN DEOTA,94.6819414,,82.0,95.5,0,NORMAL,
5777,EN26112132,AYUSH KUMAR,94.6819414,95.4161223,89.33,92.0,0,NORMAL,
5778,EN26234106,SOHAM CHANDRASHEKHAR KULKARNI,94.6819414,98.5075769,90.67,96.4,0,NORMAL,
5779,EN26228413,ATHARVA DEEPAK MIRGE,94.6819414,99.0724212,74.0,96.8,0,NORMAL,
5780,EN26105049,AARYAN HANMANT PUDALE,94.6819414,27.2101033,38.67,75.16,0,NORMAL,
5781,EN26115233,VIREN AMIT KAVATHEKAR,94.6819414,98.9897444,87.67,92.0,0,NORMAL,
5782,EN26460278,SHIVAM KUMAR SAW,94.6819414,,88.67,93.5,0,NORMAL,
5783,EN26377975,JIGNESH ASHOK MARATHE,94.6767944,90.2558184,72.33,93.66,0,NORMAL,
5784,EN26203629,ISHANT PRASHANT DAWDIKAR,94.6767944,98.9897444,84.33,91.8,0,NORMAL,
5785,EN26334268,SANGHARAKSHIT RAJESHWAR ARAK,94.6767944,98.0919408,80.67,93.6,0,NORMAL,
5786,EN26111458,PAKHALE RIYA VINOD,94.6767944,96.8804098,70.0,93.4,0,NORMAL,
5787,EN26101434,KALLIVALAPPIL ADARSH KURIAKOSE,94.6767944,98.7422717,97.67,97.16,0,NORMAL,
5788,EN26366487,ARYAN JOSHI,94.6767944,96.7673658,69.33,90.0,0,NORMAL,
5789,EN26207173,SRUSHTI VIJAY RAWANI,94.6767944,98.3382471,84.0,94.0,0,NORMAL,
5790,EN26138360,IRA AJINKYA KULKARNI,94.6767944,98.7789518,80.0,97.2,0,NORMAL,
5791,EN26322147,NEEL NARENDRA BHANUSHALI,94.6767944,99.3168292,76.33,95.83,0,NORMAL,
5792,EN26266007,GITRAJ NITIN PATIL,94.6767944,96.7873551,88.0,92.6,0,NORMAL,
5793,EN26235364,HARSH RAJAN KUNKALKAR,94.6767944,98.8995873,72.67,92.6,0,NORMAL,
5794,EN26274962,PRATHMESH RAJENDRA GIDDE,94.6767944,97.98376,64.33,89.0,0,NORMAL,
5795,EN26489956,ARNAV TUSHAR MANDRE,94.6767944,98.1021539,89.67,95.66,0,NORMAL,
5796,EN26233965,TEJAS PRAVIN PATIL,94.6767944,98.3819921,86.0,96.2,0,NORMAL,
5797,EN26379018,SANKET SANTOSH THORAT,94.6767944,72.0579403,87.67,70.16,1,LOW,CET_vs_HSC: CET is LOWER than expected by 61 rank pts
5798,EN26154060,CHAHNA DHAVAL GANDHI,94.6571298,99.6209366,85.67,98.3,0,NORMAL,
5799,EN26226807,VEDANT YUVARAJ PATIL,94.6571298,99.7282714,73.0,89.2,2,MEDIUM,CET_vs_HSC: CET is HIGHER than expected by 58 rank pts; CET_vs_HSC_SSC: CET is HIGHER than expected by 62 rank pts
5800,EN26348047,SUHAS PRABHAKAR PATIL,94.6571298,99.6714046,84.67,77.4,0,NORMAL,
5801,EN26100336,SUJAL GANESH SURVE,94.6571298,95.647381,79.67,96.2,0,NORMAL,
5802,EN26251365,INDRAYUDH CHAKRABORTY,94.6571298,96.614828,88.0,96.0,0,NORMAL,
5803,EN26162249,ROHAN DEVENDRA RATHOD,94.6571298,97.9497586,76.67,88.8,0,NORMAL,
5804,EN26286137,PRANAV SHIVAJI YEDE,94.6571298,97.5416581,87.0,90.2,0,NORMAL,
5805,EN26179808,AYUSH SURESHKUMAR YADAV,94.6571298,97.023932,78.67,93.0,0,NORMAL,
5806,EN26201997,KSHITIJ SHRIKRISHNA PAWAR,94.6571298,99.8292853,81.33,91.8,0,NORMAL,
5807,EN26391231,LANDE ISHWARI PRAMOD,94.6571298,95.5042277,74.0,95.8,0,NORMAL,
5808,EN26267819,GAYATRI SANJAY SALUNKE,94.6571298,95.3963666,89.0,94.33,0,NORMAL,
5809,EN26128688,DHRUV AVINASH TIWARI,94.6571298,99.312573,84.0,94.66,0,NORMAL,
5810,EN26288228,SANSKRUTI PRAMOD PATIL,94.6530036,99.8576102,85.33,94.6,0,NORMAL,
5811,EN26214019,MANTHAN GOVARDHAN SATPUTE,94.6530036,96.2707087,78.67,90.6,0,NORMAL,
5812,EN26248469,ISHANT RAJENDRA GAWALI,94.6530036,99.763208,82.0,96.2,0,NORMAL,
5813,EN26298688,HARSHVARDHAN SHIVAJI PATIL,94.6530036,98.7645051,72.67,86.2,0,NORMAL,
5814,EN26397738,AKUSKAR SHIVENDRA SOMNATH,94.6530036,97.5707384,79.33,98.2,0,NORMAL,
5815,EN26397765,OMKAR RAMESHWAR BHUTE,94.6530036,97.3210869,85.67,91.16,0,NORMAL,
5816,EN26257271,GUNJAN MUKESH CHAKOLE,94.6530036,96.4352588,77.0,75.66,0,NORMAL,
5817,EN26150629,ANUSHKA VIKAS SOLANKI,94.6530036,99.0024152,82.33,93.4,0,NORMAL,
5818,EN26330608,OMKAR DESHMUKH,94.6530036,96.882885,86.33,93.2,0,NORMAL,
5819,EN26230930,ROSHNI AMITKUMAR KAPANI,94.6530036,95.978417,86.67,95.33,0,NORMAL,
5820,EN26334531,ANKIT RANJAN,94.6530036,94.5264816,85.33,96.16,0,NORMAL,
5821,EN26155426,SKANDAY SANKET PURANIK,94.6530036,99.4889566,86.67,94.66,0,NORMAL,
5822,EN26273626,ARYAA RITESH DHOPE,94.6530036,91.2552493,83.0,98.0,1,LOW,CET_vs_HSC_SSC: CET is LOWER than expected by 53 rank pts
5823,EN26144164,DHAIRYA DHANESHKUMAR MISHRA,94.6530036,99.398859,84.33,95.83,0,NORMAL,
5824,EN26329395,ARYAN SANDIP NARAKE,94.6530036,98.4990553,88.33,88.2,0,NORMAL,
5825,EN26241608,GAUTHAM SREEJITH,94.6459832,,83.33,94.8,0,NORMAL,
5826,EN26339919,RIDHIMA MANOJ CHOUDHARY,94.6459832,99.0374182,84.33,91.8,0,NORMAL,
5827,EN26171706,HARSH VISHAL AGRAWAL,94.6459832,97.3210869,90.33,89.8,0,NORMAL,
5828,EN26275462,ARATI SHIVAJI BANSODE,94.6459832,98.4296784,91.33,95.6,0,NORMAL,
5829,EN26201118,AKASH ARUN KHAVANEKAR,94.6459832,94.4720497,86.0,92.4,0,NORMAL,
5830,EN26386794,SHUBHAM DHANAJI LAWATE,94.6459832,99.0178953,76.67,95.0,0,NORMAL,
5831,EN26245317,PARTH SACHIN MAHAJAN,94.6459832,97.3044377,76.33,91.6,0,NORMAL,
5832,EN26410642,MAYANK SATISH SHUKLA,94.644294,43.723793,38.67,71.2,0,NORMAL,
5833,EN26174858,JAYADEV KURMADAS,94.644294,97.3791828,85.0,96.6,0,NORMAL,
5834,EN26292270,ATHARVA SANJAY WADHE,94.644294,99.3943022,77.67,96.2,0,NORMAL,
5835,EN26326521,DEVANAND JYOTIRAM NIKAM,94.644294,51.7178644,53.33,73.2,0,NORMAL,
5836,EN26448791,KAUSHIK MANOJAN VALLIKKATTIL,94.644294,96.21834,71.67,93.16,0,NORMAL,
5837,EN26120815,PATEL DAX RAKESHKUMAR,94.644294,97.8090928,86.67,92.5,0,NORMAL,
5838,EN26274645,YASH UMESH PATANKAR,94.644294,99.4001223,78.33,94.6,0,NORMAL,
5839,EN26441340,SHRADDHA VINOD NIKODE,94.644294,95.4882902,74.33,92.0,0,NORMAL,
5840,EN26287270,KRISHA NILESH PIPALIA,94.644294,99.3471433,93.0,93.6,0,NORMAL,
5841,EN26382691,AMOL SHIVAJI KUMBHARGAVE,94.644294,99.1888167,75.67,98.4,0,NORMAL,
5842,EN26340615,KARTIK SUBASH YADAV,94.644294,96.5873016,61.67,93.0,0,NORMAL,
5843,EN26389223,WANJARI AYUSH RAMESH,94.644294,96.9234547,67.0,93.2,0,NORMAL,
5844,EN26309989,SOUNDARYA SANJAY KOKANE,94.644294,96.4855442,54.0,94.4,0,NORMAL,
5845,EN26381238,SOHAM RAJAN MARGAJ,94.6358792,98.4561032,73.67,97.6,0,NORMAL,
5846,EN26175601,MANORAM SANJAY PUROHIT,94.6358792,99.5343467,80.0,93.28,0,NORMAL,
5847,EN26259022,AAYUSH RANJIT KONDEKAR,94.6358792,99.1045706,86.0,94.16,0,NORMAL,
5848,EN26195629,MANAS AJAY MOHKAR,94.6358792,98.2788178,84.67,95.2,0,NORMAL,
5849,EN26308356,JADHAV PREM GANESH,94.6279011,95.4060578,88.67,93.8,0,NORMAL,
5850,EN26101052,ANANYA MANDAR PUJARI,94.6279011,99.5185695,89.33,96.8,0,NORMAL,
5851,EN26285639,ABDUL RAHMAN HAFEEZ SHAIKH,94.6279011,94.7254335,73.0,94.83,0,NORMAL,
5852,EN26124894,RAJ SANTOSH HANKARE,94.6279011,98.3467382,76.0,91.0,0,NORMAL,
5853,EN26106153,VISHNU PRAKASH DHUMAL,94.6279011,97.8985175,88.0,93.0,0,NORMAL,
5854,EN26180914,ADITYA ANAND CHAVAN,94.6279011,94.7789294,74.33,93.2,0,NORMAL,
5855,EN26124790,ARNAV KANUNGO,94.6279011,97.7130906,83.67,91.2,0,NORMAL,
5856,EN26237330,SHLOK SHRIKANT KULKARNI,94.6279011,97.1576493,67.33,87.5,0,NORMAL,
5857,EN26340231,JANHAVI PRAVIN TAMBE,94.6279011,98.8395904,83.67,98.4,0,NORMAL,
5858,EN26114464,SUDARSHAN DHANANJAY SANGADE,94.6279011,97.9285523,66.67,95.4,0,NORMAL,
5859,EN26453396,AKSHARA UMESH BORA,94.6279011,94.5074586,70.0,89.2,0,NORMAL,
5860,EN26220746,SATYAM DINESH MANKAR,94.6279011,94.4790428,71.33,92.8,0,NORMAL,
5861,EN26462620,ANANYA MATHUR,94.6279011,,82.0,78.2,0,NORMAL,
5862,EN26443493,AARUSH RAWAT,94.6279011,,60.0,81.5,0,NORMAL,
5863,EN26291382,SHREY RAMACHANDRAN,94.6111526,98.2171021,73.0,94.66,0,NORMAL,
5864,EN26206042,PRITAM KESHAV MHATRE,94.6111526,84.6586561,64.67,93.0,0,NORMAL,
5865,EN26258710,SAARTHAK KAUSTUBH TENDULKAR,94.6111526,99.2533599,82.33,95.5,0,NORMAL,
5866,EN26326852,SAIRAJ ABAJI RAUT,94.6111526,83.2071736,69.67,83.16,0,NORMAL,
5867,EN26280831,AKSHAT RAKESH SHAH,94.6111526,99.1326609,79.67,93.4,0,NORMAL,
5868,EN26288197,CHETAN ANIRUDDHA DAMBAL,94.6111526,97.1637483,76.0,91.8,0,NORMAL,
5869,EN26174354,GOTI PARAM TUSHARBHAI,94.6111526,98.205248,74.33,95.16,0,NORMAL,
5870,EN26441608,MAHIVARDHAN SINGH KHANGAR,94.6111526,,80.0,88.0,0,NORMAL,
5871,EN26118723,SANMESH TARKESH THAWALE,94.6111526,96.9526275,64.67,93.71,0,NORMAL,
5872,EN26440174,NIRANJAN DILIPRAO KAWALE,94.6111526,98.3798345,67.33,92.83,0,NORMAL,
5873,EN26421623,ABIRBHAB KUNDU,94.6111526,,82.67,92.8,0,NORMAL,
5874,EN26432541,RANJEET MOHAN CHATE,94.6111526,,88.67,96.6,0,NORMAL,
5875,EN26360346,ADITYA YUVARAJ GURAV,94.6111526,97.7312329,73.33,91.2,0,NORMAL,
5876,EN26363007,SANCHIT RAVI JAWARE,94.6111526,98.0780781,81.0,95.4,0,NORMAL,
5877,EN26412522,VEDANT SAMADHAN RAUTRAI,94.6111526,,72.0,94.2,0,NORMAL,
5878,EN26374201,DHANSHREE HANMANTRAO RAULWAR,94.6111526,96.1774744,61.67,92.8,0,NORMAL,
5879,EN26268120,BANGAR YASHRAJ BALAJI,94.6084455,97.4460796,85.33,95.0,0,NORMAL,
5880,EN26313832,ANUSHKA VISHWAS KSHIRSAGAR,94.6084455,98.6729671,93.33,98.4,0,NORMAL,
5881,EN26295819,SURENDRA RUKMAJI KARPE,94.6084455,93.3747412,81.0,91.8,0,NORMAL,
5882,EN26450913,SLOK SHRADDHA KAMULKAR,94.6084455,99.3778786,77.0,86.0,0,NORMAL,
5883,EN26275392,ANANDI SUDHIR TAYDE,94.6084455,98.5598385,91.33,95.83,0,NORMAL,
5884,EN26115478,YOSHITA PATIL,94.6084455,98.4497019,74.0,93.8,0,NORMAL,
5885,EN26257719,SHAIKH ZAKI JAVED,94.6084455,99.0382766,73.0,95.2,0,NORMAL,
5886,EN26261503,OM PANKAJ BIRLA,94.6070079,99.7002258,89.0,97.6,0,NORMAL,
5887,EN26154910,AYUSH RAHUL SINGHAL,94.6070079,98.1695568,75.0,93.5,0,NORMAL,
5888,EN26102180,SAKSHAM JITENDRA POKHARNA,94.6070079,98.7839138,82.67,93.8,0,NORMAL,
5889,EN26102739,ATHARVA SHAILESH PATIL,94.6070079,98.3622982,69.0,94.0,0,NORMAL,
5890,EN26431668,GAYATRI DATTATRAY UGALE,94.6070079,97.1023891,75.0,92.8,0,NORMAL,
5891,EN26275297,TANVI ABHIJIT MAHAJAN,94.5979004,99.530649,86.67,97.6,0,NORMAL,
5892,EN26224505,YASHVITHA AKULA,94.5979004,96.3161343,67.33,95.83,0,NORMAL,
5893,EN26238319,ATHARV RAHUL DHUMAL,94.5979004,99.6884735,89.67,93.6,0,NORMAL,
5894,EN26122368,NEEV VIRAL BHIMANI,94.5979004,81.3089554,44.33,90.16,0,NORMAL,
5895,EN26230512,NAITIK ATUL VORA,94.5979004,99.389234,81.0,91.0,0,NORMAL,
5896,EN26127840,K VINAYAK SHANBHOGUE,94.5979004,97.9968203,93.0,93.5,0,NORMAL,
5897,EN26171105,ATHARV PRASHANT PATIL,94.5979004,99.3004769,92.33,96.0,0,NORMAL,
5898,EN26400809,ANISHA SINGH,94.5979004,,62.33,82.5,0,NORMAL,
5899,EN26359004,LOKESH BHAGWAT AHIRE,94.5901332,43.6669107,82.67,82.0,0,NORMAL,
5900,EN26238047,NOEL JOSEPH,94.5901332,96.8936433,79.0,92.2,0,NORMAL,
5901,EN26103464,PURVA SHRIRAM PATIL,94.5901332,96.5917775,89.33,93.4,0,NORMAL,
5902,EN26429185,ANAM NAYAB,94.5901332,,75.33,91.33,0,NORMAL,
5903,EN26357347,DHVANIT ASHOKKUMAR SRIRAM,94.5901332,94.7805374,61.67,92.9,0,NORMAL,
5904,EN26252899,ATHARVA KISHOR PATHAK,94.5901332,96.3586613,84.67,97.4,0,NORMAL,
5905,EN26150509,ASHMIT HARISH POOJARY,94.5901332,97.6720144,86.67,91.6,0,NORMAL,
5906,EN26357100,ZAARA FIROZ SHAIKH,94.5901332,97.4745389,90.0,96.2,0,NORMAL,
5907,EN26285988,MANDAR SHYAM JAWARE,94.5901332,97.5738558,83.33,84.0,0,NORMAL,
5908,EN26199557,KETAKI HEMRAJ PATIL,94.5901332,95.7931795,73.67,96.66,0,NORMAL,
5909,EN26373605,ISHAN PRAVIN GULHANE,94.5901332,96.0159089,93.33,92.6,1,LOW,CET_vs_HSC: CET is LOWER than expected by 56 rank pts
5910,EN26467769,BHAVYA DIPESH DESAI,94.5860513,97.545444,67.67,87.6,0,NORMAL,
5911,EN26330309,SNEHAL MAHESH SAURKAR,94.5860513,98.4666744,84.33,94.2,0,NORMAL,
5912,EN26114763,SWARA VAIBHAV GANJAVE,94.5860513,99.8687816,93.33,96.0,0,NORMAL,
5913,EN26395735,DIPAK PRABHAKAR DHOTRE,94.5860513,99.5328194,80.0,91.8,0,NORMAL,
5914,EN26264431,PRANAV BALBHIM BHOYTE,94.5860513,98.5213678,84.67,100.0,0,NORMAL,
5915,EN26142247,NAITIK NISCHAL,94.5860513,,80.67,96.2,0,NORMAL,
5916,EN26214213,GAURAV SHREERATAN JOSHI,94.5860513,97.0946979,76.0,97.16,0,NORMAL,
5917,EN26160738,JASON DIMPLE CYRUS,94.5860513,90.8211878,66.67,72.6,0,NORMAL,
5918,EN26332743,KAJAL HANUMANT TANPURE,94.5860513,95.662116,67.33,93.4,0,NORMAL,
5919,EN26357685,OMKAR SANTOSH VETAL,94.5859126,96.5179923,75.33,86.8,0,NORMAL,
5920,EN26231495,SHAURYA KAUSHAL SHAH,94.5859126,99.5343467,79.67,95.5,0,NORMAL,
5921,EN26124878,STAVAN AMOL INAMDAR,94.5859126,99.4451773,85.33,96.16,0,NORMAL,
5922,EN26265572,WANKHADE NAKUL PRAFULL,94.5859126,96.3496751,69.33,89.2,0,NORMAL,
5923,EN26110305,AMOGH ANAND BAWSAY,94.5859126,95.9638704,72.67,81.4,0,NORMAL,
5924,EN26182257,JOSEPH BIJO,94.5859126,,82.33,83.6,0,NORMAL,
5925,EN26194052,EVELEEN KAUR,94.5859126,97.8775349,94.0,98.4,0,NORMAL,
5926,EN26158682,OMKAR KISHOR GAWADE,94.5859126,99.4683993,93.67,91.6,0,NORMAL,
5927,EN26121287,BHAVIK KAUL,94.5859126,97.8130223,84.67,91.66,0,NORMAL,
5928,EN26460638,ANANYA KUMARI,94.5859126,,73.0,87.8,0,NORMAL,
5929,EN26102658,NISHCHAYA JOSHI,94.5859126,98.847481,88.67,87.33,0,NORMAL,
5930,EN26271069,PRATHAMESH MOTILAL PATIL,94.5859126,93.6866278,84.33,69.8,0,NORMAL,
5931,EN26170417,PRUTHVIRAJ TUKARAM PADILE,94.5859126,97.7896101,73.67,87.0,0,NORMAL,
5932,EN26300646,TEJASHREE RAVI KHUNE,94.5655832,98.3243876,71.0,94.16,0,NORMAL,
5933,EN26148272,PRATIK PANJAB RATHOD,94.5655832,98.8923623,95.0,94.0,0,NORMAL,
5934,EN26367461,ANVI GOEL,94.5655832,,93.33,96.16,0,NORMAL,
5935,EN26466112,EVA SONI,94.5655832,,82.33,96.4,0,NORMAL,
5936,EN26108125,RISHI ANAND,94.5655832,99.3979391,82.33,92.8,0,NORMAL,
5937,EN26389402,PUSHKAR VINOD PATIL,94.5655832,96.5024907,78.0,94.5,0,NORMAL,
5938,EN26244739,AARYAN AMOL PALSHIKAR,94.5592856,98.8142711,72.67,70.0,0,NORMAL,
5939,EN26167944,SUJIT SAHADU THOPATE,94.5592856,96.2409787,63.33,95.0,0,NORMAL,
5940,EN26216450,ANMOL MURLIDHAR SONAVANE,94.5592856,94.1913399,79.67,85.16,0,NORMAL,
5941,EN26103296,SURYAKSHA SHASHIKANT GITTE,94.5592856,98.3371048,76.33,87.83,0,NORMAL,
5942,EN26381295,PATIL SHIVANI MADHAVRAO,94.5592856,95.5976137,62.0,92.4,0,NORMAL,
5943,EN26126457,SHRIWARDHAN MARUTI BHOSALE,94.5592856,91.2552493,87.0,86.8,0,NORMAL,
5944,EN26397525,NAHAR MANAN MAHAVEER,94.5592856,97.4499655,88.0,95.0,0,NORMAL,
5945,EN26277234,ARYAN THAKUR,94.5592856,99.0471821,87.33,92.8,0,NORMAL,
5946,EN26267693,PATIL RAJNATH TIRUPATI,94.5592856,82.1388599,71.67,91.0,0,NORMAL,
5947,EN26115457,SAYEE SAGAR DESHMUKH,94.5429753,98.8788315,77.33,92.0,0,NORMAL,
5948,EN26198533,VISHWANATH CHANDRA SHEKAR GANDLA,94.5429753,98.1672355,74.67,84.6,0,NORMAL,
5949,EN26323015,VEER JIGNESH SHAH,94.5429753,98.9153784,72.67,94.33,0,NORMAL,
5950,EN26382168,JAYANT LAXMAN ADE,94.5429753,61.7346759,61.67,64.4,0,NORMAL,
5951,EN26109149,ADVIK MAHAJAN,94.5429753,97.98376,76.0,95.8,0,NORMAL,
5952,EN26277129,KHUSHAAN YASHESH LODAYA,94.5429753,98.2975444,76.33,90.33,0,NORMAL,
5953,EN26280218,DHRUV PANKAJ AGRAWAL,94.5429753,96.8804098,76.0,94.33,0,NORMAL,
5954,EN26432904,OM HANUMANT NIGADE,94.5429753,32.7909025,55.0,84.2,0,NORMAL,
5955,EN26111753,AARUSHI RAVI,94.5414199,98.0751569,94.0,95.33,0,NORMAL,
5956,EN26482538,ROHIT BAKSANI,94.5414199,,89.67,94.0,0,NORMAL,
5957,EN26263467,KIRAN RAJU KANDE,94.5414199,96.5544399,77.0,97.4,0,NORMAL,
5958,EN26238628,VATSAL MAHADEV PATEL,94.5414199,97.9249397,66.67,91.66,0,NORMAL,
5959,EN26143494,JOANN ROSH CHANDRATHIL,94.5414199,97.6874562,84.67,97.83,0,NORMAL,
5960,EN26378125,KHAN REHAN NADEEM,94.5414199,94.6049213,75.33,88.2,0,NORMAL,
5961,EN26202833,VRAJ DAVE,94.5414199,99.0001766,84.33,95.2,0,NORMAL,
5962,EN26157028,RISHABH AMIT KULKARNI,94.5414199,97.5890264,65.33,82.8,0,NORMAL,
5963,EN26216009,SAHIL SUNIL GUPTA,94.5414199,94.7789294,74.0,84.8,0,NORMAL,
5964,EN26446350,AKSHAT SINHA,94.5414199,,80.0,91.83,0,NORMAL,
5965,EN26459256,SOPHIYA,94.5414199,,91.33,97.33,0,NORMAL,
5966,EN26255540,DHEER SUDHEER AKBARI,94.5294817,98.8395904,78.0,92.4,0,NORMAL,
5967,EN26110094,PUNEET HARESH RAJANI,94.5294817,99.2275145,82.67,94.33,0,NORMAL,
5968,EN26382159,BHAVISHYA YASHWANT BAHIRA,94.5294817,52.8560653,49.33,57.4,0,NORMAL,
5969,EN26228470,NISCHAL SHARMA,94.5294817,,87.0,91.83,0,NORMAL,
5970,EN26381218,SALONI JEEVAN ENCHURE,94.5294817,97.4894207,81.33,97.8,0,NORMAL,
5971,EN26201007,SHREYANSH KISHOR GAIKWAD,94.5294817,98.4143652,90.33,95.5,0,NORMAL,
5972,EN26177947,UJWAL VAIBHAV JADHAV,94.5294817,98.0144531,76.67,89.0,0,NORMAL,
5973,EN26215739,ADEEB RIZVI,94.5294817,98.7279709,84.33,98.33,0,NORMAL,
5974,EN26327951,ANIKA AMIT RAO,94.5294817,99.14615,90.33,94.8,0,NORMAL,
5975,EN26225545,AARNA PATHAK,94.5294817,96.9883668,86.33,98.66,0,NORMAL,
5976,EN26280760,SUJAL SANDIPAN MASKE,94.5294817,95.8307555,65.33,94.8,0,NORMAL,
5977,EN26113389,GRISHM ANIL REDKAR,94.5294817,92.0107754,78.0,92.0,0,NORMAL,
5978,EN26413395,JAYANT UMESH DUBEY,94.5294817,96.8524368,71.0,91.8,0,NORMAL,
5979,EN26219665,GHUGE ABHIJEET UDDHAV,94.5294817,88.5024155,59.33,90.8,0,NORMAL,
5980,EN26489663,PRINCE,94.5287711,,77.0,83.83,0,NORMAL,
5981,EN26434884,THAKKAR PARTH BHAVINKUMAR,94.5287711,,91.33,90.6,0,NORMAL,
5982,EN26395446,HIMANSHU RAI,94.5287711,97.3009495,79.67,88.6,0,NORMAL,
5983,EN26140727,SHAMBHAVI PADMAKAR KOTCHIRKAR,94.5287711,96.245889,74.33,93.8,0,NORMAL,
5984,EN26370092,HEERANYA BELAPURKAR,94.522086,97.5890264,81.33,89.0,0,NORMAL,
5985,EN26105990,VARAD SACHIN AMRUTKAR,94.522086,99.312573,82.67,84.0,0,NORMAL,
5986,EN26259077,RASHI RUPESHKUMAR CHOUDHARI,94.522086,98.4678322,87.33,96.8,0,NORMAL,
5987,EN26465365,HARSHRAJ VIKAS CHOUDHARI,94.522086,95.5042277,68.0,85.0,0,NORMAL,
5988,EN26297768,CHAPDE RUCHIKA PURUSHOTTAM,94.522086,96.0674946,85.67,96.0,0,NORMAL,
5989,EN26396456,JIDNYESH VINOD NAIK,94.522086,97.2125436,74.67,95.0,0,NORMAL,
5990,EN26385371,ABHIDNYA DNYANESHWAR BAGUL,94.522086,92.8132001,79.33,89.0,0,NORMAL,
5991,EN26365670,PRIYANKA PRAKASH MANE,94.522086,89.621821,79.33,95.0,0,NORMAL,
5992,EN26154478,PATIL TANMAY SHIVKUMAR,94.5171782,97.0303948,66.0,94.2,0,NORMAL,
5993,EN26288766,NAVNEET GARG,94.5171782,,70.0,87.66,0,NORMAL,
5994,EN26100781,NIA NITIN DAMBHARE,94.5171782,97.1665783,80.33,97.8,0,NORMAL,
5995,EN26274443,TANISHKA SACHIN JATHAR,94.5171782,98.3540373,85.0,91.2,0,NORMAL,
5996,EN26201279,PUSHPAK AGRAWAL,94.5171782,,88.67,95.0,0,NORMAL,
5997,EN26100603,HRISHIKESH PANKAJ DESHMUKH,94.5171782,95.5511974,76.0,91.0,0,NORMAL,
5998,EN26282100,MADHUR SURESH AGARWAL,94.5171782,98.0357905,78.33,97.0,0,NORMAL,
5999,EN26134935,WARADE SOHAM PRAVIN,94.5171782,98.6108985,68.0,83.0,0,NORMAL,
6000,EN26270921,DEBAYAN RAMANUJ CHAKRABORTY,94.5171782,97.7920203,81.0,88.0,0,NORMAL,
6001,EN26219378,SAINA RAJESHWAR JOSHI,94.5171782,97.8761672,96.33,96.0,0,NORMAL,
6002,EN26385936,ADITYA SRIVASTAVA,94.5171782,,89.33,97.0,0,NORMAL,
6003,EN26240969,KAUSTUBH TARAN,94.5171782,98.3237666,93.67,92.4,0,NORMAL,
6004,EN26136713,ARYA SACHIN KULKARNI,94.5171782,94.8431909,86.33,100.0,1,LOW,CET_vs_HSC_SSC: CET is LOWER than expected by 56 rank pts
6005,EN26245814,SHANTANU PUNIT DUBEY,94.5171782,97.225256,69.67,90.4,0,NORMAL,
6006,EN26182760,KALYAN CHATTOPADHYAY,94.5171782,,79.33,95.33,0,NORMAL,
6007,EN26359024,SHREYASH ASHOK TORASE,94.5171782,98.3477163,69.0,79.6,0,NORMAL,
6008,EN26251534,KHANKE DHANANJAY AJAY,94.5171782,95.6987601,73.0,92.8,0,NORMAL,
6009,EN26455033,VARISH KUMAR,94.507323,,50.67,81.83,0,NORMAL,
6010,EN26359435,RUSHIKESH SANTOSH CHAVAN,94.507323,,49.67,80.0,0,NORMAL,
6011,EN26164963,ANSH BHARTIYA,94.507323,99.5616324,89.0,91.4,0,NORMAL,
6012,EN26368936,VISHESH SHANTARAM BHOYAR,94.507323,97.2076054,87.33,96.2,0,NORMAL,
6013,EN26326539,YASH SUNIL YAMGAR,94.507323,90.0962861,58.0,89.8,0,NORMAL,
6014,EN26170786,SAMARTH ARUN PATNAIK,94.507323,98.8193489,76.0,93.16,0,NORMAL,
6015,EN26112885,ARYAN NIRAJ YENGALWAR,94.507323,97.5707384,78.0,93.2,0,NORMAL,
6016,EN26291841,SENIA JAINENDRA MODI,94.507323,97.98376,88.33,97.2,0,NORMAL,
6017,EN26208500,MAYURESH CHANDRASHEKHAR POTE,94.507323,98.626659,87.0,94.8,0,NORMAL,
6018,EN26136727,HEET ALPESH PUNAMIYA,94.5054512,97.5517964,69.33,91.66,0,NORMAL,
6019,EN26361818,SHREYA RAJENDRA SURYAWANSHI,94.5054512,99.4224681,79.67,95.0,0,NORMAL,
6020,EN26140166,DEEP HITESH JAIN,94.5054512,98.7109722,80.33,95.7,0,NORMAL,
6021,EN26392485,HONRAO SAIRAJ SANTOSH,94.5054512,97.8812233,66.0,77.66,0,NORMAL,
6022,EN26113491,CHINMAY VINIT JOSHI,94.5054512,97.5707384,85.0,98.2,0,NORMAL,
6023,EN26369196,SUDHANSHU GANESH DHOTE,94.5054512,98.9717224,81.33,84.2,0,NORMAL,
6024,EN26270913,STAVAN FANUEL HIWALE,94.5054512,96.1461976,75.33,96.2,0,NORMAL,
6025,EN26186923,SIMRAN PRAVIN TALEKAR,94.5054512,98.6607658,90.67,96.8,0,NORMAL,
6026,EN26346431,AKASH BALIRAM MULEY,94.5054512,95.84196,76.0,86.4,0,NORMAL,
6027,EN26465612,DEVANSH VATS,94.5054512,99.1997549,90.0,94.2,0,NORMAL,
6028,EN26110616,SHRAVAN SHANKAR BIRADAR,94.5054512,98.7223398,84.0,93.66,0,NORMAL,
6029,EN26489104,RAJEEV SANGAMNATH MADARI,94.5054512,,84.0,92.5,0,NORMAL,
6030,EN26319584,SHREEDATT MANDAR PRABHU,94.5054512,99.4867045,86.0,94.33,0,NORMAL,
6031,EN26195807,VIJAY SANTOSHRAO DESHMUKH,94.5020452,13.1538992,44.0,73.6,0,NORMAL,
6032,EN26461116,SAPAKAL ATHARVA RAJU,94.5020452,,90.33,94.0,0,NORMAL,
6033,EN26369311,SHIVAM LAXMAN MULE,94.5020452,99.4612563,83.33,94.0,0,NORMAL,
6034,EN26369875,BANDHAN MOHANRAO GONARKAR,94.5020452,95.1330171,60.0,92.4,0,NORMAL,
6035,EN26125570,OM RAMRAJE KADAM,94.5020452,40.4681495,85.33,78.2,1,LOW,CET_vs_HSC: CET is LOWER than expected by 58 rank pts
6036,EN26337534,DHRUV RAJENDRA JAGADALE,94.5020452,98.2717542,78.0,91.8,0,NORMAL,
6037,EN26175815,JINAY AJAY JAIN,94.5020452,98.7488829,75.67,95.33,0,NORMAL,
6038,EN26277777,SHREEYA NITIN MUNDADA,94.5020452,98.2441265,84.0,97.66,0,NORMAL,
6039,EN26274302,VEDANT SHRIRAM CHODANKAR,94.5020452,88.525902,51.33,87.2,0,NORMAL,
6040,EN26278002,ADVAIT VIVEK PHADKE,94.5020452,99.6973176,88.0,90.8,0,NORMAL,
6041,EN26214159,SHIVAGANESHAN RAMAKRISHNAN ADAVIYAR,94.5020452,97.6170884,86.67,96.6,0,NORMAL,
6042,EN26333299,DIELLA JULIA LUCIA DA COSTA,94.5020452,96.3129908,81.0,91.16,0,NORMAL,
6043,EN26120761,ARINJAY JHA,94.5020452,98.8981649,83.67,90.2,0,NORMAL,
6044,EN26249669,TVISHA MANISH BHADANI,94.5020452,92.8705176,68.0,97.8,0,NORMAL,
6045,EN26154919,SHREENEEL DEEPAK UPASANI,94.5020452,98.2258996,77.33,96.8,0,NORMAL,
6046,EN26195896,PRATHAM SANDEEP DEORE,94.5020452,94.6049213,89.45,84.2,1,LOW,CET_vs_HSC: CET is LOWER than expected by 55 rank pts
6047,EN26301154,AMAN TIKARAM KATHANE,94.4972491,97.1601104,79.67,91.8,0,NORMAL,
6048,EN26271313,GAURAV DEEPAK GADEKAR,94.4972491,98.8995873,92.67,95.6,0,NORMAL,
6049,EN26112913,ATHARVA ABHIRAM DESHPANDE,94.4972491,99.2696246,87.33,94.2,0,NORMAL,
6050,EN26137155,SALONI ANIL TALNIKAR,94.4972491,98.7486606,73.33,97.4,0,NORMAL,
6051,EN26460077,PREMIL GUPTA,94.4972491,,84.67,93.66,0,NORMAL,
6052,EN26143840,MAHAJAN KUSHAL SANJAY,94.4972491,94.2307013,74.67,94.0,0,NORMAL,
6053,EN26183123,ABHISHEK TIWARI,94.4972491,99.3168292,92.33,92.6,0,NORMAL,
6054,EN26114664,GAVADE ADITYA DHANANJAY,94.4660203,99.9338161,92.0,97.2,0,NORMAL,
6055,EN26445746,ADITYA BHANDARI,94.4660203,,87.33,89.6,0,NORMAL,
6056,EN26265215,ARYAN PRAVIN SHAHAPURE,94.4660203,97.0213585,80.33,94.6,0,NORMAL,
6057,EN26201820,YUVAAN KALPESH SURANA,94.4660203,99.6249809,83.33,97.5,0,NORMAL,
6058,EN26276027,SHAHANE KARTIK RAMESH,94.4660203,97.1637483,67.67,80.83,0,NORMAL,
6059,EN26393859,SAMIKSHA RAJU SINGH,94.459746,98.2111945,81.0,92.6,0,NORMAL,
6060,EN26345260,SHUBHAM JIGNESH RATHOD,94.459746,98.0447413,84.0,95.33,0,NORMAL,
6061,EN26324248,ISHITA BALAJI GUNGEWAD,94.459746,99.1546915,84.33,97.6,0,NORMAL,
6062,EN26269229,DIVYANSH PARESH JAIN,94.459746,99.6230044,85.33,96.33,0,NORMAL,
6063,EN26311429,CHARUL DHANESHKUMAR PUROHIT,94.459746,99.098911,80.33,86.83,0,NORMAL,
6064,EN26182497,AKARSH DEWAN,94.459746,97.4745389,89.67,90.2,0,NORMAL,
6065,EN26233326,JANHAVI MANGESH BAWANKULE,94.459746,94.4454247,75.67,100.0,0,NORMAL,
6066,EN26242759,VIRAJ KAILAS KHARAT,94.4531178,97.9339284,73.33,88.2,0,NORMAL,
6067,EN26267391,ADITYA SUNILKUMAR MAURYA,94.4531178,98.700763,80.67,92.28,0,NORMAL,
6068,EN26283663,ISHAN PRAMODKUMAR MHASKE,94.4531178,97.5511952,79.33,97.4,0,NORMAL,
6069,EN26288859,OM PRASHANT DESHPANDE,94.4531178,99.8229748,93.0,92.4,0,NORMAL,
6070,EN26243584,KUSHAL NILESH SEDANI,94.4531178,98.8613195,91.0,89.4,0,NORMAL,
6071,EN26111796,KOUSTUBHA GURUPRASAD BYNDOOR,94.4531178,98.7819872,91.0,93.8,0,NORMAL,
6072,EN26327352,CHETAN OMPRAKASH PISE,94.4531178,93.4940681,65.67,89.4,0,NORMAL,
6073,EN26435655,HEMANT SHARADRAJ SHARMA,94.4524339,98.2953551,89.0,91.0,0,NORMAL,
6074,EN26280527,PRANAV PARAG METKAR,94.4524339,99.1510977,81.67,96.0,0,NORMAL,
6075,EN26244977,SHARDUL SHASHIKANT JADHAV,94.4524339,91.9326024,77.33,95.0,0,NORMAL,
6076,EN26118078,AASTHA MEHUL MODI,94.4524339,99.7422581,93.33,92.6,0,NORMAL,
6077,EN26314919,DEVANSHU KAMBLE,94.4524339,99.2303252,84.0,88.0,0,NORMAL,
6078,EN26270758,NIDHI SANTOSH WAGH,94.4524339,98.3382471,87.67,95.6,0,NORMAL,
6079,EN26400124,DARSHANI SACHIN DESHMUKH,94.4409146,99.246115,80.33,86.6,0,NORMAL,
6080,EN26217745,BHAVESH PRASHANT KOTECHA,94.4409146,99.703287,86.0,85.66,0,NORMAL,
6081,EN26259684,HARSHIT SUNIL PATIL,94.4409146,98.2764644,75.33,94.6,0,NORMAL,
6082,EN26282807,ATHARVA MANOJ BALPANDE,94.4409146,99.3921908,82.0,91.5,0,NORMAL,
6083,EN26336178,KHINDKAR PRUTHVIRAJ NITIN,94.4409146,98.5858794,76.0,93.83,0,NORMAL,
6084,EN26292253,ADITI RAJARAM GUND,94.4409146,97.5890264,87.0,96.6,0,NORMAL,
6085,EN26130929,VRISHIN JIGAR GANDHI,94.4393172,99.2534423,91.67,94.83,0,NORMAL,
6086,EN26162193,ANWESHA MISHRA,94.4393172,97.5446034,85.67,96.5,0,NORMAL,
6087,EN26345020,ADITI SANADHYA,94.4393172,,88.0,96.6,0,NORMAL,
6088,EN26414048,PIYUSH ANAND,94.4393172,95.9365257,83.0,95.0,0,NORMAL,
6089,EN26420435,SAMIKSHA LAXMAN CHAVAN,94.4393172,96.5386733,57.33,94.2,0,NORMAL,
6090,EN26391945,SUHANI SHARMA,94.4393172,,78.67,93.0,0,NORMAL,
6091,EN26172735,DHRUV PATHAK,94.4393172,,64.0,89.4,0,NORMAL,
6092,EN26283955,RIDDHI PRAVIN ADHAO,94.4393172,97.6811594,83.33,98.2,0,NORMAL,
6093,EN26262970,SIDDHI SUKUMAR NARMALWAR,94.4393172,99.0970568,89.67,95.4,0,NORMAL,
6094,EN26161714,PURVA VILAS WAKLE,94.4393172,95.2431067,73.67,95.0,0,NORMAL,
6095,EN26373534,KASLE MANGESH RAJKUMAR,94.4393172,93.603531,78.33,95.6,0,NORMAL,
6096,EN26358617,KASHID SURAJ SUDAM,94.4393172,98.3237666,83.33,92.6,0,NORMAL,
6097,EN26131443,AYAN GALIB PARKAR,94.4393172,98.6682994,82.0,90.2,0,NORMAL,
6098,EN26164989,LAVANYA GANESH PATIL,94.438048,98.435333,80.0,75.8,0,NORMAL,
6099,EN26193669,OM GANESH SALVE,94.438048,98.7819872,82.0,87.6,0,NORMAL,
6100,EN26255434,SATVIK SINGH,94.438048,96.0041408,85.67,86.6,0,NORMAL,
6101,EN26369191,NAVYAA AMIT GULATI,94.4279419,98.3591071,87.0,98.5,0,NORMAL,
6102,EN26334510,JIVESH ANIL BATHIJA,94.4279419,99.1676621,93.0,92.4,0,NORMAL,
6103,EN26356121,KUNAL LALIN CHAUDHARY,94.4279419,98.9224553,84.33,95.4,0,NORMAL,
6104,EN26133227,KSHAMA SHARMA,94.4279419,97.4706885,92.67,94.6,0,NORMAL,
6105,EN26204330,BOMBLE TEJAS BALIRAM,94.4279419,92.8576339,87.0,91.6,0,NORMAL,
6106,EN26367447,ARNAV MILIND INGALE,94.4279419,98.451797,73.33,88.6,0,NORMAL,
6107,EN26213856,OM SHRIKRISHNA PAGAR,94.4279419,97.4393346,69.67,96.4,0,NORMAL,
6108,EN26102615,SHUBHAM RAKESH PANDEY,94.4279419,99.1546915,79.67,93.6,0,NORMAL,
6109,EN26408707,AJINKYA AMASIDHA TIRTHAKAR,94.4279419,96.21834,85.33,93.0,0,NORMAL,
6110,EN26441745,AARYA SRIVASTAVA,94.4198912,,89.33,96.2,0,NORMAL,
6111,EN26285470,SAMARTH RAJEEV NAIK,94.4198912,98.7486606,88.33,89.6,0,NORMAL,
6112,EN26352349,SHASHWAT RAJESH KHATRI,94.4198912,98.4446702,78.67,87.8,0,NORMAL,
6113,EN26185840,BOKKA KOVIDA SRIJA,94.4198912,97.1687299,84.33,83.4,0,NORMAL,
6114,EN26412849,SANSKAR LAXMAN CHAVAN,94.4198912,98.0519481,77.0,92.33,0,NORMAL,
6115,EN26295768,ARYAN VIKAS PAWAR,94.4198912,97.0151829,85.67,82.8,0,NORMAL,
6116,EN26290414,RIYA MANOJ KELA,94.4198912,96.9883668,71.0,94.8,0,NORMAL,
6117,EN26371312,KADAM PAYAL DILIP,94.4198912,50.9743237,49.67,74.4,0,NORMAL,
6118,EN26234048,PURTI JAYANT CHAUDHARI,94.4198912,93.603531,70.67,94.4,0,NORMAL,
6119,EN26393147,RISHAB NITIN HUSUKALE,94.4198912,94.0032188,78.0,89.66,0,NORMAL,
6120,EN26188056,AADI BHUSHAN JAGTAP,94.4198912,99.3965487,90.0,83.66,0,NORMAL,
6121,EN26106269,SHREYA PATTNAIK,94.4198912,97.9141813,85.0,96.0,0,NORMAL,
6122,EN26201097,SUMIT SHYAMRAO MORE,94.4126946,72.5022286,42.67,76.6,0,NORMAL,
6123,EN26130864,RAGHAV RAMANUJ DARAK,94.4126946,92.1628997,92.0,94.2,2,MEDIUM,CET_vs_HSC: CET is LOWER than expected by 64 rank pts; CET_vs_HSC_SSC: CET is LOWER than expected by 61 rank pts
6124,EN26166795,HAKEPATIL SANCHIT CHANDRAKANT,94.4126946,96.9378727,82.67,90.4,0,NORMAL,
6125,EN26138066,PRATYUSH MANGESH SAWANT,94.4126946,98.3591071,87.33,96.6,0,NORMAL,
6126,EN26462665,MANAV PARESH DAVDA,94.4126946,99.0024152,78.33,93.6,0,NORMAL,
6127,EN26374586,JAYADEV S NAMBIAR,94.4126946,98.6857446,92.0,93.4,0,NORMAL,
6128,EN26411569,VANSH KHURANA,94.4126946,99.8006919,93.33,90.6,0,NORMAL,
6129,EN26335411,SAI SUNIL BUDDHE,94.4126946,97.7724285,83.33,93.0,0,NORMAL,
6130,EN26194144,SMIT PANKAJ THORAT,94.4126946,99.2231747,86.67,95.0,0,NORMAL,
6131,EN26251895,KESHAVI SANJAY SAWANT,94.3976497,96.5544399,87.67,99.2,0,NORMAL,
6132,EN26317749,ATHARVA SATISH JOGI,94.3976497,98.3867855,64.0,85.8,0,NORMAL,
6133,EN26176157,JASMINI SUNIL SHERJE,94.3976497,98.2016654,84.0,96.0,0,NORMAL,
6134,EN26402114,DRAVYA CHETAN JANI,94.3976497,,71.0,89.8,0,NORMAL,
6135,EN26221380,PARTH NARESH VICHARE,94.3976497,98.3798345,79.33,94.0,0,NORMAL,
6136,EN26240260,AARON BIJI JOSEPH,94.3976497,98.4561032,67.33,94.16,0,NORMAL,
6137,EN26277628,RISHAAD HARSHAL MHAVARKAR,94.3976497,97.940521,85.33,96.0,0,NORMAL,
6138,EN26141664,VEDANT SUDAM YEWALE,94.3976497,93.4294534,75.0,91.6,0,NORMAL,
6139,EN26344043,PRANIT PRAVIN GHARAT,94.3976497,94.7100963,71.33,76.83,0,NORMAL,
6140,EN26144542,AADHYA DHARMESH SOLANKI,94.3976497,94.7805374,85.0,97.0,0,NORMAL,
6141,EN26209569,MAYANK DHANLAL BISEN,94.3976497,98.8395904,77.33,87.4,0,NORMAL,
6142,EN26165752,SUMIT BALAJI JALKE,94.3976497,97.7919096,58.33,87.6,0,NORMAL,
6143,EN26284535,ARYA GOVIND MURKUTE,94.3976497,98.700763,73.0,97.2,0,NORMAL,
6144,EN26322474,VISHNU RAM CHOLE,94.3976497,97.2159208,63.67,92.8,0,NORMAL,
6145,EN26316822,ARYAN ANNASAHEB BHONG,94.3944451,94.4720497,72.0,100.0,0,NORMAL,
6146,EN26343440,OM VAMAN LADE,94.3944451,91.3421736,61.33,89.4,0,NORMAL,
6147,EN26244776,ADITYA SANJIV PANDHARKAR,94.3944451,99.6009661,68.33,92.8,2,MEDIUM,CET_vs_HSC: CET is HIGHER than expected by 59 rank pts; CET_vs_HSC_SSC: CET is HIGHER than expected by 57 rank pts
6148,EN26467240,ANSHUL PRAVIN BIRADAR,94.3944451,96.1559696,81.0,83.8,0,NORMAL,
6149,EN26377642,OMRAJE ASHOK JOGDAND,94.3944451,98.9717224,74.67,94.2,0,NORMAL,
6150,EN26142158,RAJAS SACHIN DESHMUKH,94.3944451,99.4867045,95.67,97.6,0,NORMAL,
6151,EN26444953,JATIN CHOUDHARY,94.3944451,,76.67,89.6,0,NORMAL,
6152,EN26285176,UMAIZA FEROZ KHAN,94.3944451,99.2048201,79.67,93.6,0,NORMAL,
6153,EN26393011,BHUMIKA AGARWAL,94.3944451,99.4451773,94.33,95.0,0,NORMAL,
6154,EN26484624,YUVRAJ MUKHERJEE,94.3944451,,77.0,93.0,0,NORMAL,
6155,EN26307794,NIVEDYA SUNILKUMAR MENON,94.3944451,96.6480662,89.33,95.5,0,NORMAL,
6156,EN26122756,BHOMIT PATIYE,94.3812709,98.2052656,86.0,92.8,0,NORMAL,
6157,EN26128162,BODAKHE AAYUSH RAMNATH,94.3812709,99.5156527,91.33,95.8,0,NORMAL,
6158,EN26383974,TANMAY LAXMAN DHARMIK,94.3812709,99.4141383,87.0,89.2,0,NORMAL,
6159,EN26286223,SHREYA DAS,94.3812709,96.9477536,90.33,97.2,0,NORMAL,
6160,EN26250551,YASH GIRISH GODWANI,94.3812709,99.1536834,73.0,96.6,0,NORMAL,
6161,EN26273214,SHREYASH KISHOR WARBHE,94.3812709,88.9445493,65.33,94.8,0,NORMAL,
6162,EN26276063,LOVESH SHARAD KHETAN,94.3812709,98.5836177,72.67,96.8,0,NORMAL,
6163,EN26190130,SAHIL MAHMAD DHOBLE,94.3812709,93.233135,95.67,92.8,2,MEDIUM,CET_vs_HSC: CET is LOWER than expected by 68 rank pts; CET_vs_HSC_SSC: CET is LOWER than expected by 61 rank pts
6164,EN26262929,DEV UNADKAT,94.3760501,96.996587,81.33,95.6,0,NORMAL,
6165,EN26373333,MAHIMA RAHULSING PATIL,94.3760501,96.5095247,83.0,94.0,0,NORMAL,
6166,EN26329529,SHUKLA SIDDHANT RAJNIKANT,94.3760501,97.2076054,79.67,89.4,0,NORMAL,
6167,EN26228391,AMOL KUMAR,94.3760501,99.2123846,85.0,93.66,0,NORMAL,
6168,EN26134677,JAANYA SANJAY TALREJA,94.3760501,99.333359,91.0,97.4,0,NORMAL,
6169,EN26283325,AVIRAJ VARDE,94.3760501,98.700763,89.0,97.16,0,NORMAL,
6170,EN26293775,WASAMKAR ARYAN SATISH,94.3760501,,83.0,88.0,0,NORMAL,
6171,EN26271270,SRUSHTI PRAMOD NIKHARE,94.3760501,97.6811594,79.0,90.6,0,NORMAL,
6172,EN26141087,SAHU BIPIN RAMESH,94.3760501,96.9465353,81.33,82.2,0,NORMAL,
6173,EN26108037,SAMYAK NANA VALHE,94.3760501,98.7883959,90.67,92.0,0,NORMAL,
6174,EN26130551,ANIKET,94.3760501,98.0913477,79.67,91.2,0,NORMAL,
6175,EN26297051,SNEHA RAJKUMAR DHAMALE,94.3760501,90.5979613,75.67,90.2,0,NORMAL,
6176,EN26374470,ARHAM SUJAL SHAH,94.3760501,95.8890489,89.0,96.85,1,LOW,CET_vs_HSC_SSC: CET is LOWER than expected by 54 rank pts
6177,EN26182183,PREET DEVANG BHUTA,94.3760501,99.6707185,88.0,96.83,0,NORMAL,
6178,EN26245776,SHAIKH REHAN SHAIKH MUMTAZ,94.3760501,99.1295073,69.67,88.0,0,NORMAL,
6179,EN26272188,SHREEANSH PAWAR,94.3660629,97.4360937,83.0,95.33,0,NORMAL,
6180,EN26290601,PRANAV MANOJKUMAR KADAM,94.3660629,91.9326024,61.33,86.16,0,NORMAL,
6181,EN26300733,ASMITA BABURAO BABAR,94.3660629,98.8353329,80.33,98.8,0,NORMAL,
6182,EN26184003,CHAVAN KARTIK RAVINDRAKUMAR,94.3660629,94.1913399,80.33,89.16,0,NORMAL,
6183,EN26182920,NAKSHATRA AMOL DEORUKHKAR,94.3660629,99.4001223,88.67,98.5,0,NORMAL,
6184,EN26101910,HERAMB GEERISH PATIL,94.3655504,98.2441265,78.67,83.5,0,NORMAL,
6185,EN26175841,SWARAJ SANTOSH SHITOLE,94.3655504,99.3554861,87.67,93.2,0,NORMAL,
6186,EN26194354,SNEHA SONAR,94.3655504,98.4497019,93.0,96.83,0,NORMAL,
6187,EN26278237,VIVAAN RAHUL VOHRA,94.3655504,98.7438472,81.33,94.2,0,NORMAL,
6188,EN26222404,CHANDRAKIRAN ADESH SHIRSATH,94.3655504,98.8328486,83.33,90.66,0,NORMAL,
6189,EN26328657,SHUBHAM RAMESH KALE,94.3574607,95.5320057,70.33,84.8,0,NORMAL,
6190,EN26104960,SOHAM JALINDAR PATIL,94.3574607,95.4536104,80.0,96.33,0,NORMAL,
6191,EN26332765,MITIKSHA RAJESH PILARE,94.3574607,97.9141813,86.67,95.2,0,NORMAL,
6192,EN26197723,ABHIDNYA BHALCHANDRA HANCHATE,94.3574607,99.0135423,71.0,95.66,0,NORMAL,
6193,EN26429697,ISHAAN KALIA,94.3574607,,66.0,92.8,0,NORMAL,
6194,EN26206789,DARADE YASH HARIBHAU,94.3574607,97.7345783,73.33,94.4,0,NORMAL,
6195,EN26214437,VARDHAN SAGAR ADE,94.3574607,97.6103268,82.0,93.16,0,NORMAL,
6196,EN26121759,MAITREYEE PRASHANT DONGRE,94.3574607,99.2975956,86.67,98.4,0,NORMAL,
6197,EN26120707,SARANG SANJAY DATEY,94.3574607,87.0084871,64.67,93.4,0,NORMAL,
6198,EN26114915,JATIN YADAV,94.3574607,96.4373935,81.0,96.2,0,NORMAL,
6199,EN26368695,BHAKTI GIRISHBHAI BHANUSHALI,94.3574607,,80.33,83.83,0,NORMAL,
6200,EN26113744,LAKSHYA REDDY PATAKOTA,94.3574607,99.934627,77.33,97.0,1,LOW,CET_vs_HSC: CET is HIGHER than expected by 58 rank pts
6201,EN26431536,DNYANESHWAR MADHAV CHAMLE,94.3574607,93.9707059,64.0,96.6,0,NORMAL,
6202,EN26104847,BIRANGAD SINGH AVTAR SEKHON,94.3574607,98.9897444,82.33,94.0,0,NORMAL,
6203,EN26220669,MANSHREE SARANGDHAR SHINDE,94.3549422,98.9713132,94.0,96.6,0,NORMAL,
6204,EN26374334,ASHISH ANAND SHETTIGAR,94.3549422,99.2007992,90.33,93.8,0,NORMAL,
6205,EN26160174,SHIVAM JALINDAR DHAVALE,94.3549422,98.1552237,84.33,92.6,0,NORMAL,
6206,EN26174730,ANVI PRASHANT AVHAD,94.3549422,99.1062802,81.33,95.8,0,NORMAL,
6207,EN26144481,SUMIT SANTOSH GIRI,94.3549422,99.0069374,87.33,97.5,0,NORMAL,
6208,EN26277021,MAMIDI ABHINAV,94.3549422,95.2312139,96.0,90.4,1,LOW,CET_vs_HSC: CET is LOWER than expected by 63 rank pts
6209,EN26326939,PARTH PARAG PATIL,94.3549422,97.9005056,67.0,93.4,0,NORMAL,
6210,EN26157061,TANISHQ DEEPAK ALHAT,94.3549422,99.6989695,77.33,85.4,1,LOW,CET_vs_HSC_SSC: CET is HIGHER than expected by 57 rank pts
6211,EN26332548,MANAS VIJAY SIRSIKAR,94.3549422,97.9961504,72.0,89.2,0,NORMAL,
6212,EN26332716,SHRAVAN NAVNATH KALKOPARE,94.3549422,95.9558175,70.0,86.0,0,NORMAL,
6213,EN26205284,VISHWA ABASAHEB PAWAL,94.3549422,97.0991989,60.0,98.2,0,NORMAL,
6214,EN26293299,DIVYANSHU DIGAMBAR KUMBHAR,94.3549422,98.9208633,83.0,97.2,0,NORMAL,
6215,EN26419869,VEDANT RAVIKIRAN BALIGHATE,94.3549422,98.6857446,80.33,90.0,0,NORMAL,
6216,EN26100191,SUVIR KOUL,94.3549422,,86.67,90.4,0,NORMAL,
6217,EN26276977,SARTHAK UMESH KOLESHWAR,94.3549422,88.1468922,68.33,92.6,0,NORMAL,
6218,EN26332571,SHRAVANI KAMLAKAR WALEKAR,94.3549422,87.9344536,79.0,79.8,0,NORMAL,
6219,EN26414843,ADITYA RAJ SINGH,94.3508307,98.4131253,79.67,90.2,0,NORMAL,
6220,EN26311246,JAISINH VIKRAMSINH GHORPADE,94.3508307,99.368317,92.33,92.8,0,NORMAL,
6221,EN26265828,RUCHIR SUMIT JARIWALA,94.3508307,98.0447413,79.67,93.0,0,NORMAL,
6222,EN26243781,KUSHAL SHARMA,94.3508307,98.3591071,74.0,94.4,0,NORMAL,
6223,EN26335246,MANTHAN DATTATRAY KAWDE,94.3508307,98.6612515,71.33,91.6,0,NORMAL,
6224,EN26386982,VEDANT CHANDRAKANT KULKARNI,94.3508307,98.3788396,78.67,97.6,0,NORMAL,
6225,EN26360460,KRUSHNA GAJANAN BOMPILWAR,94.3508307,98.4154992,73.33,96.6,0,NORMAL,
6226,EN26404786,SWARALI DILIP VAGAVKAR,94.3508307,93.4649935,65.33,89.2,0,NORMAL,
6227,EN26446790,EKLAVYA JAIN,94.3508307,98.5426548,77.0,94.66,0,NORMAL,
6228,EN26117703,SHREYAS VASUDEV SAWANT,94.3364145,98.0144531,76.67,90.2,0,NORMAL,
6229,EN26246146,SAMIDHA SANTOSH BOTRE,94.3364145,99.7669265,80.33,96.0,0,NORMAL,
6230,EN26315766,NETRAJA MAHADEV MASKE,94.3364145,95.662116,86.33,87.0,0,NORMAL,
6231,EN26214510,PANDE VEDANT AMIT,94.3364145,97.9611464,73.33,91.6,0,NORMAL,
6232,EN26100575,NIEL SHRIRAM SHINDE,94.3364145,88.9445493,59.67,88.83,0,NORMAL,
6233,EN26100986,MAYURESH MAHESH TAMHAN,94.3364145,98.3571807,92.33,96.6,0,NORMAL,
6234,EN26348798,NAKSH VINAY CHOPRA,94.3364145,99.1441534,87.67,89.2,0,NORMAL,
6235,EN26228965,SAHIL SANDEEP GHORDADE,94.3364145,99.5831886,81.67,95.4,0,NORMAL,
6236,EN26296010,ATHARV SUBHASH KALE,94.3364145,95.9433601,75.67,93.0,0,NORMAL,
6237,EN26308394,SOHAM PANKAJ AMRUTKAR,94.3364145,93.276493,79.33,90.0,0,NORMAL,
6238,EN26217884,SWAYAM SACHIN VANKUDRE,94.3364145,98.5836177,77.0,89.2,0,NORMAL,
6239,EN26290638,VEDANT VENKATESH WANKHEDE,94.3364145,96.1068782,81.0,86.5,0,NORMAL,
6240,EN26198354,BHARGAV PANKAJ PATIL,94.3364145,96.8804098,79.67,92.0,0,NORMAL,
6241,EN26285509,KRISHNA SUNIL MISHRA,94.3364145,98.7196399,86.0,88.0,0,NORMAL,
6242,EN26223076,SARTHAK PANDURANG JAMBHALE,94.3364145,98.8276853,71.0,96.4,0,NORMAL,
6243,EN26201171,THOMBRE SACHIN BALU,94.3364145,92.2976964,89.67,97.2,2,MEDIUM,CET_vs_HSC: CET is LOWER than expected by 60 rank pts; CET_vs_HSC_SSC: CET is LOWER than expected by 65 rank pts
6244,EN26398827,ADITYA ABHAY PALVE,94.3364145,97.8346051,79.33,92.0,0,NORMAL,
6245,EN26442585,KARTIK SHIVAJI SHINDE,94.3364145,95.7279024,71.67,93.0,0,NORMAL,
6246,EN26304928,SARAS SAGAR CHAVAN,94.3336822,99.5661605,68.33,94.4,1,LOW,CET_vs_HSC: CET is HIGHER than expected by 57 rank pts
6247,EN26328860,ISHAN VENKATESH JOSHI,94.3336822,98.8276853,89.67,95.66,0,NORMAL,
6248,EN26159064,KRITAGYA MAHAJAN,94.3336822,96.9174524,79.33,88.75,0,NORMAL,
6249,EN26197088,ATHARV SANDIP SHINDE,94.3336822,95.1933808,94.33,94.2,2,MEDIUM,CET_vs_HSC: CET is LOWER than expected by 62 rank pts; CET_vs_HSC_SSC: CET is LOWER than expected by 58 rank pts
6250,EN26146031,SHRIYANSH OJHA,94.3042657,,69.0,93.2,0,NORMAL,
6251,EN26236298,MOHIT RAMSAGAR RAO,94.3042657,97.5416581,55.0,82.8,0,NORMAL,
6252,EN26359656,SOHAM PRAMOD NAGOLKAR,94.3042657,99.5885253,83.67,88.6,0,NORMAL,
6253,EN26397349,PANKE SARTHAK DEVIDAS,94.3042657,92.8705176,70.67,83.8,0,NORMAL,
6254,EN26218810,VIRAJ HEMANT MALPANI,94.3042657,98.8054787,69.67,90.16,0,NORMAL,
6255,EN26154826,SARTHAK SANTOSHKUMAR MALANI,94.3042657,99.2089328,76.33,94.2,0,NORMAL,
6256,EN26257299,TANMAY SANTOSHKUMAR GUPTA,94.3042657,98.0978932,84.33,93.16,0,NORMAL,
6257,EN26238135,TEJAS DEEPAK PATIL,94.3042657,99.0867404,76.33,91.6,0,NORMAL,
6258,EN26174215,AYUSH ATUL MAHALLE,94.3042657,95.022244,77.67,93.4,0,NORMAL,
6259,EN26277335,PUVVADA HRUTHVIKGUPTA,94.3042657,,88.0,96.5,0,NORMAL,
6260,EN26446454,SAFWAN KHAN,94.3042657,96.067455,68.33,92.0,0,NORMAL,
6261,EN26216152,ARNAV AVINASH CHAUDHARI,94.3031124,82.3704723,47.67,84.4,0,NORMAL,
6262,EN26182135,KANNA LIKHITHA NAGA SAI,94.3031124,,98.78,95.6,0,NORMAL,
6263,EN26364082,MANTHAN KHANDEKAR,94.3031124,99.0240529,89.0,90.0,0,NORMAL,
6264,EN26167390,SAMEERA SACHIN WARE,94.3031124,97.9641818,71.67,95.83,0,NORMAL,
6265,EN26253206,RAKSHIT PRASHANT KANKARIA,94.3031124,98.7553466,79.33,83.66,0,NORMAL,
6266,EN26102018,ADITYA MUSALE,94.3031124,99.5111312,75.67,94.4,0,NORMAL,
6267,EN26338707,SMITH RAJESH SONWANE,94.3017165,,52.33,89.8,0,NORMAL,
6268,EN26316458,JASH RAVINDRA MEHERKAR,94.3017165,98.5125814,79.67,92.0,0,NORMAL,
6269,EN26238329,SHAH DEVANSHI RINKU,94.3017165,97.4319413,88.33,96.66,0,NORMAL,
6270,EN26137104,ARSHIA SHAH,94.3017165,,53.67,78.6,0,NORMAL,
6271,EN26190461,GANESH SARASWAT,94.3017165,,85.0,93.83,0,NORMAL,
6272,EN26487562,VIHANG KETAN SHAH,94.3017165,96.7365967,77.33,94.16,0,NORMAL,
6273,EN26212420,SHIVAM DIXIT PANCHAL,94.3017165,98.6222068,77.67,92.0,0,NORMAL,
6274,EN26269318,VEDIKA GAJANANRAO NALADKAR,94.3017165,95.937512,69.0,93.2,0,NORMAL,
6275,EN26387345,ANGAD SARASWAT,94.3017165,97.8346051,90.0,90.16,0,NORMAL,
6276,EN26434760,PRAGANYA SAXENA,94.3017165,,92.67,98.0,0,NORMAL,
6277,EN26128562,NAMAN SATHEESH KULAL,94.3017165,99.3419441,89.33,89.4,0,NORMAL,
6278,EN26105460,KRISHNA RAHUL BHUTE,94.3017165,98.5722045,84.0,86.2,0,NORMAL,
6279,EN26184408,SUSHIL KUMAR ARVIND PRAKASH GAUTAM,94.3017165,97.305038,88.33,95.5,0,NORMAL,
6280,EN26389208,SAHIL MANISH KAKAD,94.3017165,95.6991467,81.0,94.6,0,NORMAL,
6281,EN26367007,ARINJAY ABHAY PAWAR,94.3017165,95.2312139,77.67,88.6,0,NORMAL,
6282,EN26204035,RIYA MANGESH KUMKAR,94.2989992,98.9525497,84.33,96.66,0,NORMAL,
6283,EN26199047,SNEHA SANJAY PATIL,94.2989992,96.9103584,89.67,89.4,0,NORMAL,
6284,EN26491390,AASHISH RAJ,94.2989992,,72.0,85.5,0,NORMAL,
6285,EN26252853,AKSHAT VYAS,94.2989992,98.7109722,89.67,92.83,0,NORMAL,
6286,EN26430392,HARSHAVARDHAN BRAMHADEV METKARI,94.2989992,85.225256,72.67,88.0,0,NORMAL,
6287,EN26254935,SUYASH PRADIP SHINDE,94.2989992,93.737776,60.67,78.0,0,NORMAL,
6288,EN26148434,NIHARIKA ANAND SINGH,94.2989992,98.3463375,77.67,96.66,0,NORMAL,
6289,EN26300748,NIKHIL BABASAHEB JARE,94.2952542,8.1379889,57.67,86.0,0,NORMAL,
6290,EN26268648,KASHISH MAHADEV SATPUTE,94.2952542,93.3747412,74.67,92.0,0,NORMAL,
6291,EN26106533,SAEE UMESH JADHAV,94.2952542,99.5302977,80.33,90.8,0,NORMAL,
6292,EN26194894,ARYAN RAHUL BUGALE,94.2952542,98.4914374,83.33,93.5,0,NORMAL,
6293,EN26405401,VAISHNAVI KUMBAR,94.2952542,96.245889,96.11,93.33,1,LOW,CET_vs_HSC: CET is LOWER than expected by 58 rank pts
6294,EN26339986,ANSHUKA GIRISH PATHAK,94.2952542,97.7896101,92.67,99.4,0,NORMAL,
6295,EN26338589,SUDATTA RISHIKESH GRAMOPADHYE,94.2952542,96.7873551,68.67,96.2,0,NORMAL,
6296,EN26229577,LENDALE GAURI RUKMAKANT,94.2952542,97.7845891,64.67,92.8,0,NORMAL,
6297,EN26339528,VAISHNAVI ANIL CHAUDHARI,94.2952542,85.4974574,74.33,93.8,0,NORMAL,
6298,EN26361542,ISHAAN PRAVEEN PALEKAR,94.2952542,96.5817647,67.33,95.4,0,NORMAL,
6299,EN26116007,RUSHIL VIJAY TAMBE,94.2952542,67.931377,43.33,70.4,0,NORMAL,
6300,EN26339926,HARSH GUPTA,94.2952542,98.2533366,86.67,94.0,0,NORMAL,
6301,EN26195643,ABHISHEK SHIVAJI BODKE,94.2877065,83.4251983,77.0,84.8,0,NORMAL,
6302,EN26294712,AARAV NIKHIL MITKARY,94.2877065,97.8120377,84.67,91.6,0,NORMAL,
6303,EN26306451,DAKSH AGARWAL,94.2877065,97.0946979,79.33,95.33,0,NORMAL,
6304,EN26206297,AARYAN YOGIRAJ TELANG,94.2877065,95.4873006,90.33,87.83,0,NORMAL,
6305,EN26201424,VIDHI MAKARAND NEHETE,94.2877065,98.5909613,87.67,96.0,0,NORMAL,
6306,EN26345675,KETAKI KASHINATH KUTE,94.2877065,97.7688908,74.33,89.0,0,NORMAL,
6307,EN26174755,DEVIKA VILAS BURSE,94.2877065,98.3798345,90.67,89.33,0,NORMAL,
6308,EN26131829,VEERAVALLI HEMANTH HRISHI,94.2877065,,85.67,78.0,0,NORMAL,
6309,EN26308839,NUH NAUSHAD KHAN,94.2877065,99.2629362,86.33,92.4,0,NORMAL,
6310,EN26217854,SIDDH ATUL PHEGADE,94.2877065,98.3067533,84.67,94.6,0,NORMAL,
6311,EN26146258,RASESHWARI VIKASRAO PISAL,94.2877065,98.2016654,90.0,96.0,0,NORMAL,
6312,EN26175716,TANISHKA SURESH JADHAV,94.2685172,96.614828,63.0,94.5,0,NORMAL,
6313,EN26249150,THOMBARE TANMAY RAJENDRA,94.2685172,96.6453344,80.0,92.8,0,NORMAL,
6314,EN26101583,NAKUL RAVINDRA SONJE,94.2685172,96.614828,75.67,92.0,0,NORMAL,
6315,EN26134220,AYAAN KHALID REZA SALAM,94.2583477,89.621821,61.33,92.16,0,NORMAL,
6316,EN26173136,TANMAY ANANT NAGARKAR,94.2583477,94.7805374,71.67,95.8,0,NORMAL,
6317,EN26251546,GUNIKA SANTOSH BADHE,94.2583477,99.335246,86.33,98.0,0,NORMAL,
6318,EN26346833,HITESH ANAND,94.2583477,,83.0,93.0,0,NORMAL,
6319,EN26221868,AARADHYA JAGDISH BAVISKAR,94.2583477,98.5598385,94.33,91.5,0,NORMAL,
6320,EN26246892,ADITYA CHANDAK,94.2583477,97.6587031,73.0,92.2,0,NORMAL,
6321,EN26363959,ADITYA MANISHCHANDRA GUPTA,94.2583477,97.440273,74.33,95.4,0,NORMAL,
6322,EN26467755,AVANI ABHIJIT KULKARNI,94.2583477,97.7919096,81.67,99.0,0,NORMAL,
6323,EN26112668,DHRUV DINESH AMBURE,94.2583477,97.8761672,98.0,97.0,0,NORMAL,
6324,EN26231197,BABARDESAI ARYAN UDAYKUMAR,94.2583477,98.644561,86.0,95.6,0,NORMAL,
6325,EN26465248,WAYAL SHANTANU GAJANAN,94.2583477,93.0651077,86.67,91.33,0,NORMAL,
6326,EN26342227,NACHIKET PRASHANT DEODHAR,94.2583477,99.8250647,98.67,97.0,0,NORMAL,
6327,EN26405456,PRITISH PRADEEP DWIVEDI,94.2583477,99.2534423,78.33,84.4,0,NORMAL,
6328,EN26328016,GOVIND SUHAS KULKARNI,94.2583477,96.5079478,76.67,93.2,0,NORMAL,
6329,EN26214394,JAYWARDHAN DEEPAK PATIL,94.2583477,99.3188428,80.67,93.6,0,NORMAL,
6330,EN26169042,VAIDEHI GIRISH MUTHIYAN,94.2583477,95.978417,75.67,92.83,0,NORMAL,
6331,EN26242195,KHAN SHAN MOHD EJAJ AHMAD,94.2583477,86.6485431,64.67,87.0,0,NORMAL,
6332,EN26430766,SUNNYKUMAR ARUN THAKUR,94.2583477,86.2729883,44.0,79.8,0,NORMAL,
6333,EN26114437,PURVA PRADIP SHIRKE,94.2417616,99.0970568,78.33,100.0,0,NORMAL,
6334,EN26147003,TANISHKA RANJEET CHOUGALE,94.2417616,99.8354508,90.0,95.0,0,NORMAL,
6335,EN26334038,RUDRA VIJAY BODKHE,94.2417616,96.5386733,73.33,94.6,0,NORMAL,
6336,EN26100532,SURAJ KUMAR,94.2417616,97.7383653,89.33,95.16,0,NORMAL,
6337,EN26290754,AMEYA NARESHKUMAR PANGA,94.2417616,98.9118452,87.67,95.0,0,NORMAL,
6338,EN26120310,KRISH RAJESH GUPTA,94.2417616,97.9193354,71.67,92.6,0,NORMAL,
6339,EN26222384,VEDANT RAJKUMAR DUBEY,94.2417616,99.800896,86.67,90.0,0,NORMAL,
6340,EN26115175,DHAVAL PRASAD PANDIT,94.2417616,99.7555656,83.0,96.5,0,NORMAL,
6341,EN26334641,JAYESH RUPESH PURI,94.2417616,92.9222144,73.33,88.6,0,NORMAL,
6342,EN26249334,NINAD PRANAV BARDAPURKAR,94.2417616,98.451797,83.0,94.8,0,NORMAL,
6343,EN26388728,SAMRUDDHI MANISH KATORE,94.2417616,95.6189832,78.0,95.16,0,NORMAL,
6344,EN26481236,DHAYGUDE PRANJALI PRAMOD,94.2417616,,84.33,89.2,0,NORMAL,
6345,EN26174658,SIDDHI SARANGKUMAR PATIL,94.2359082,97.6811594,84.67,97.8,0,NORMAL,
6346,EN26266184,ARPIT GAJANAN JADHAV,94.2359082,94.9596377,88.0,90.2,0,NORMAL,
6347,EN26319231,SIDDHI ASHUTOSH GHANEKAR,94.2359082,99.6230044,85.67,100.0,0,NORMAL,
6348,EN26436384,SAMRUDDHI PRAMOD NIRMALE,94.2359082,98.2320819,72.33,94.08,0,NORMAL,
6349,EN26392208,NIVESH MALLINATH MOGALI,94.2359082,,93.67,92.64,0,NORMAL,
6350,EN26261998,DHAIRYA MANOJ TIWARI,94.2359082,98.9118452,79.67,94.4,0,NORMAL,
6351,EN26393484,SHRISHAM TIWARI,94.2359082,97.440273,92.0,93.8,0,NORMAL,
6352,EN26159104,NEHA DHANAJI JADHAV,94.2359082,98.6222068,78.0,96.4,0,NORMAL,
6353,EN26264195,SUYASH PATIDAR,94.2359082,97.7920203,85.33,89.2,0,NORMAL,
6354,EN26177756,BHUSHAN SHRIKANT BAGMARE,94.2359082,97.3781998,81.33,95.2,0,NORMAL,
6355,EN26250547,HARSH AMOL MUKE,94.2359082,97.023932,84.67,93.4,0,NORMAL,
6356,EN26129816,PRATIMA KEYRAVAN,94.2359082,97.4319502,91.33,94.0,0,NORMAL,
6357,EN26200635,ARYA ANIL THORAT,94.2359082,97.440273,82.0,98.6,0,NORMAL,
6358,EN26382019,JAIN JASH BHARAT,94.2253035,99.1076278,81.0,93.6,0,NORMAL,
6359,EN26170921,JADHAV RUTUJA RAMESH,94.2253035,95.6697928,73.0,98.6,0,NORMAL,
6360,EN26436256,AYUSH SACHIN SASTE,94.2253035,97.3877775,62.67,92.4,0,NORMAL,
6361,EN26377483,SHINDE DHRUVA RAMRAO,94.2253035,40.5616465,71.67,64.16,0,NORMAL,
6362,EN26270396,HARSHIT LAXMAN JAISWAL,94.2253035,90.9144237,73.0,91.0,0,NORMAL,
6363,EN26341053,AARYA ANANT KASARKHEDKAR,94.2253035,98.0919408,74.0,96.0,0,NORMAL,
6364,EN26206933,SATYAM GAJANAN PATIL,94.2253035,98.4561032,82.33,87.8,0,NORMAL,
6365,EN26172849,DESHPANDE SHARWI SAMIR,94.2253035,98.6607658,87.0,97.8,0,NORMAL,
6366,EN26256706,RUTUJA YOGESH DUDHANI,94.2253035,95.8307555,89.0,95.6,0,NORMAL,
6367,EN26367384,JAISILSINH V RAULJI,94.2253035,96.3017082,84.33,94.0,0,NORMAL,
6368,EN26255365,ANAND YADAV,94.2253035,98.0519481,91.33,94.6,0,NORMAL,
6369,EN26173549,SHUBHAM SANJAY MOTE,94.2230321,97.7035859,80.0,88.8,0,NORMAL,
6370,EN26464830,SAMARTH JOYDEEP BANERJEE,94.2230321,,78.0,94.4,0,NORMAL,
6371,EN26238951,KAUSHIKI ANIL SINGH,94.2230321,96.3555898,75.33,88.8,0,NORMAL,
6372,EN26174934,BHAVIK RITESH BANTHIYA,94.2230321,97.6880169,84.0,93.6,0,NORMAL,
6373,EN26300463,ARPRIT ARVIND SAKHARE,94.2230321,98.3131595,83.0,95.5,0,NORMAL,
6374,EN26154589,AARYAN MANOJ VADHER,94.2230321,98.8243967,86.0,91.0,0,NORMAL,
6375,EN26304527,SHRITESH DEEPAK WADKAR,94.2230321,99.6624505,76.33,91.4,0,NORMAL,
6376,EN26222217,RIZWAN MAHIFUZAL CHAUDHARY,94.2230321,99.2696246,83.0,88.6,0,NORMAL,
6377,EN26208345,KANAK PANTILAL SABLE,94.2230321,91.3216011,75.0,95.6,0,NORMAL,
6378,EN26239792,SANIDHYA RAJKUMAR NAGPURE,94.2230321,95.4482415,78.33,90.16,0,NORMAL,
6379,EN26447260,SOHAM VENKAT DHOKALE,94.2230321,98.0547198,63.67,84.5,0,NORMAL,
6380,EN26167823,VEDANT BALWAN CHAUHAN,94.2182559,99.4614349,85.67,89.33,0,NORMAL,
6381,EN26148528,SHRUTI DINKAR MHASKE,94.2182559,99.3729563,80.33,92.6,0,NORMAL,
6382,EN26175516,SIYA DINESH BARE,94.2182559,97.9141813,83.0,90.33,0,NORMAL,
6383,EN26352293,SHASHWAT SHRESTHA,94.2182559,,82.0,95.5,0,NORMAL,
6384,EN26451529,SHREEYASH NAVNATH WAGHERE,94.2182559,98.9208633,88.67,92.0,0,NORMAL,
6385,EN26461745,ROHAN ANIL CHAVAN,94.2182559,69.3900327,65.0,81.8,0,NORMAL,
6386,EN26422111,KIRAN JITENDRA JAGADALE,94.211378,96.1046695,80.67,94.0,0,NORMAL,
6387,EN26281409,ANSHRAJ GANESH NAKAT,94.211378,98.7794007,87.0,92.66,0,NORMAL,
6388,EN26392874,SAKSHAM ANIL WAKODE,94.211378,97.8090928,84.33,91.6,0,NORMAL,
6389,EN26407381,SHANTANU JUGALKISHOR TIWARI,94.211378,97.4146966,75.67,88.4,0,NORMAL,
6390,EN26338307,POOJARY SUCHIT JAGANNATH,94.211378,99.4867045,78.0,87.4,0,NORMAL,
6391,EN26327429,LAXMI VINOD SUPLE,94.211378,98.5909613,82.33,97.2,0,NORMAL,
6392,EN26467630,JAIVAL RAJIV MEHTA,94.211378,,82.67,94.8,0,NORMAL,
6393,EN26255640,SHRAVAN CHANDRAKANT DHANE,94.211378,98.3571807,72.33,94.28,0,NORMAL,
6394,EN26242034,MADHAV RATHI,94.211378,97.0949449,89.67,88.4,0,NORMAL,
6395,EN26206245,VEDANT SOPAN GALANDE,94.211378,98.5168677,85.67,96.4,0,NORMAL,
6396,EN26409544,KUSH AGARWAL,94.2080439,,81.33,91.66,0,NORMAL,
6397,EN26116385,SIDDHESH SUNIL CHAVAN,94.2080439,98.1898548,67.0,88.8,0,NORMAL,
6398,EN26330215,MAYANK KAPSE,94.2080439,97.5904437,83.67,93.4,0,NORMAL,
6399,EN26287238,SHREYASH CHAUHAN,94.2080439,98.9173025,85.0,88.66,0,NORMAL,
6400,EN26359578,TARI ANIMESH SANTOSH,94.2080439,98.5836177,78.33,94.2,0,NORMAL,
6401,EN26290699,KHATAKE KRUSHNA SHASHIKANT,94.2080439,97.7942456,69.0,98.2,0,NORMAL,
6402,EN26230436,PRASHIK KISHOR BHALERAO,94.2080439,93.1341297,87.0,90.0,0,NORMAL,
6403,EN26277807,SHREY HARESHBHAI GABANI,94.2080439,,87.33,93.5,0,NORMAL,
6404,EN26201554,SAIEE SUNIL SHINDE,94.2080439,98.4296784,76.67,96.2,0,NORMAL,
6405,EN26102584,KAVYA AMOL DAMARE,94.2080439,95.7931795,72.67,95.0,0,NORMAL,
6406,EN26323222,ADITYA NITIN TORASKAR,94.2080439,98.3382471,84.33,97.2,0,NORMAL,
6407,EN26224748,PALASH RAJESH MAHAJAN,94.2080439,93.1663509,63.0,88.2,0,NORMAL,
6408,EN26334261,KAARTIKAY BHAT,94.1970708,,79.0,88.83,0,NORMAL,
6409,EN26409647,ADITYA SUDHISH,94.1970708,98.6208828,76.33,97.5,0,NORMAL,
6410,EN26434574,DEEKSHITA,94.1970708,,84.33,94.2,0,NORMAL,
6411,EN26194385,YASHASHREE RAVINDRA CHOUGULE,94.1970708,99.4061378,82.0,98.66,0,NORMAL,
6412,EN26257256,GUNGUN JAIN,94.1970708,,87.67,95.2,0,NORMAL,
6413,EN26221565,JAIN PRATHAM SURESH,94.1970708,96.4922187,77.33,88.8,0,NORMAL,
6414,EN26230495,ARYAN AMISH GANDHI,94.1949794,95.9065146,76.33,98.16,0,NORMAL,
6415,EN26173700,MALAY BHANSALI,94.1949794,99.7282714,80.67,94.16,0,NORMAL,
6416,EN26348239,SHRUTI PRAVIN CHAUDHARI,94.1949794,95.2289207,89.67,97.0,1,LOW,CET_vs_HSC_SSC: CET is LOWER than expected by 58 rank pts
6417,EN26365732,KAUSHAL PRASHANT PANDHRE,94.1949794,99.9732539,54.67,92.6,3,HIGH,CET_vs_JEE: CET is HIGHER than expected by 58 rank pts; CET_vs_HSC: CET is HIGHER than expected by 78 rank pts; CET_vs_HSC_SSC: CET is HIGHER than expected by 75 rank pts
6418,EN26101963,RUDRA HEMANT SOMWANSHI,94.1949794,98.2117385,80.67,87.5,0,NORMAL,
6419,EN26313780,ISHA ABHIJIT BHOJKAR,94.1949794,96.3919151,67.0,97.6,0,NORMAL,
6420,EN26312532,PRACHI SHITAL SURAWASHI,94.1949794,98.935393,73.33,90.8,0,NORMAL,
6421,EN26308508,HIMNISH CHANDRAKANT SHARMA,94.1949794,95.4990284,80.33,81.0,0,NORMAL,
6422,EN26147205,SHIVRAM RATNAKAR KURHADE,94.1949794,98.174902,74.67,92.8,0,NORMAL,
6423,EN26295761,SOHAM SHARAD DINDE,94.1949794,99.6242563,83.0,91.8,0,NORMAL,
6424,EN26117749,LEKSHMI GOPALAKRISHNA PILLAI,94.1949794,97.4167804,87.0,95.66,0,NORMAL,
6425,EN26399054,ANANYA JAYDEEP PATIL,94.1949794,98.6607658,80.33,97.2,0,NORMAL,
6426,EN26169430,UJWAL SHARAD WANKHADE,94.1949794,97.305038,70.33,94.0,0,NORMAL,
6427,EN26152433,TEJAS SHAHAJI KHARADE,94.1949794,33.4150899,91.67,84.8,2,MEDIUM,CET_vs_HSC: CET is LOWER than expected by 73 rank pts; CET_vs_HSC_SSC: CET is LOWER than expected by 59 rank pts
6428,EN26185711,VIRAJ ARUN. MALI,94.1949794,92.9316795,72.33,95.83,0,NORMAL,
6429,EN26236949,UZAIR MUSHEER AHMED,94.1949794,98.0167272,95.67,93.16,0,NORMAL,
6430,EN26207486,KABIR ANANT PHATING,94.1949794,98.1351709,75.67,96.0,0,NORMAL,
6431,EN26372747,PATIL SHRUTI BHAUSAHEB,94.1949794,97.2255266,87.0,95.4,0,NORMAL,
6432,EN26368827,DURGESH RATHOR,94.1949794,,86.33,88.4,0,NORMAL,
6433,EN26373697,YASHIKA MAHESH WANKHEDE,94.1900997,97.5302943,71.0,92.2,0,NORMAL,
6434,EN26323216,VISHWARAJ SANJAY SARAG,94.1900997,99.1739298,87.0,95.0,0,NORMAL,
6435,EN26104844,AYUSH RAJ,94.1900997,97.305038,72.67,90.0,0,NORMAL,
6436,EN26179621,ASMI MAHESH PATIL,94.1900997,98.7279709,80.0,95.2,0,NORMAL,
6437,EN26435146,VEER MANOJ MOHAN,94.1900997,94.1399317,68.67,89.4,0,NORMAL,
6438,EN26336631,MADHURA SUNIL SAWAIKAR,94.1900997,99.9576842,98.67,98.4,0,NORMAL,
6439,EN26355538,EKOM SINGH SAINI,94.1730869,98.4569438,77.0,95.2,0,NORMAL,
6440,EN26119597,MANASVI MANISH SHRIVASTAVA,94.1730869,98.0751569,81.33,93.2,0,NORMAL,
6441,EN26276283,NYSA GANESH AGRAWAL,94.1730869,98.3067533,90.0,98.5,0,NORMAL,
6442,EN26362338,PRANJALI MOHANDAS KADU,94.1730869,97.1601104,85.0,92.0,0,NORMAL,
6443,EN26145811,SHUBHAM ARUN MUSMADE,94.1730869,99.1676621,63.67,87.66,0,NORMAL,
6444,EN26393805,ARYAN GANESH RAJKONDWAR,94.1730869,94.6694641,73.33,87.33,0,NORMAL,
6445,EN26146226,RITESH DURGESH BARDE,94.1730869,96.5079478,94.0,91.33,0,NORMAL,
6446,EN26126786,HIYAN PIYUSH SHAH,94.1730869,99.1029078,78.0,96.71,0,NORMAL,
6447,EN26251891,SUROLIA NEHA SANDEEP,94.1730869,97.192403,86.67,92.0,0,NORMAL,
6448,EN26327846,TANISHA NILAM GHUGE,94.1730869,96.6285136,72.67,96.6,0,NORMAL,
6449,EN26202778,PRATHAMESH DIPAK KHANDEKAR,94.1730869,92.1732083,72.33,91.6,0,NORMAL,
6450,EN26392791,RISHI OMPRAKASH GUPTA,94.1730869,95.1347459,77.33,86.4,0,NORMAL,
6451,EN26489272,RANVIR SACHINKUMAR JAISWAL,94.1730869,,85.33,96.0,0,NORMAL,
6452,EN26327647,MOHAMMAD FAZIL ABDUL RASHID SIDDIQUI,94.167598,69.3105802,37.0,63.33,0,NORMAL,
6453,EN26108707,MAHI SAXENA,94.167598,88.1968791,56.67,87.6,0,NORMAL,
6454,EN26258563,DEVANSH MAHARSHI,94.167598,99.2439457,86.67,96.16,0,NORMAL,
6455,EN26243289,ANSUMAN ROUT,94.167598,,51.67,80.0,0,NORMAL,
6456,EN26391977,ADARSH SANJAY MASUTE,94.167598,93.1341297,68.33,95.6,0,NORMAL,
6457,EN26466032,RUDRAPRASAD RAVINDRA PATIL,94.167598,97.4286115,64.0,93.6,0,NORMAL,
6458,EN26137041,DHRUV NANDLAL TALWARE,94.167598,97.9193354,77.0,94.2,0,NORMAL,
6459,EN26416493,RAUT TANISHKA RAMESH,94.167598,87.1731352,67.33,98.16,0,NORMAL,
6460,EN26392152,MAYANK KHUSHAL HEMDEV,94.167598,98.5858794,69.33,88.2,0,NORMAL,
6461,EN26311669,VEDANG SANJAY UMRIKAR,94.167598,83.2071736,53.0,94.0,0,NORMAL,
6462,EN26144429,ATHARV RAJKUMAR INGOLE,94.1597835,96.7842505,71.33,90.0,0,NORMAL,
6463,EN26426473,KANAK PRAFUL KALANTRI,94.1597835,98.0628957,85.33,92.33,0,NORMAL,
6464,EN26246769,KEYA GARGE,94.1597835,99.2231747,89.33,97.6,0,NORMAL,
6465,EN26179906,ESHAN MAHESH KOTHARI,94.1597835,96.4927019,81.67,91.16,0,NORMAL,
6466,EN26300275,SHREYAS SHEETAL PATIL,94.1481898,99.1394332,82.67,91.83,0,NORMAL,
6467,EN26367011,AARUSH ASHISH LUNAWAT,94.1481898,97.9611464,92.0,95.4,0,NORMAL,
6468,EN26413660,THIRAVIARAJ T JAWAHAR NADAR,94.1481898,,68.67,83.57,0,NORMAL,
6469,EN26390947,HARSHVARDHAN PRABHAKAR KALE,94.1481898,95.1406289,68.0,91.4,0,NORMAL,
6470,EN26182870,PARTH PUNDALIK PANHALAKAR,94.1481898,98.7815884,56.0,88.2,0,NORMAL,
6471,EN26409991,MESHRAM SAMEER GHANSHYAM,94.1481898,97.3681168,80.67,86.0,0,NORMAL,
6472,EN26325850,BALRAM MAHADEV GARDI,94.1481898,98.1021539,85.0,88.8,0,NORMAL,
6473,EN26185950,SARTHAK RAJESH AGRAWAL,94.1481898,96.6453344,69.67,88.4,0,NORMAL,
6474,EN26200880,RAJ SAMIR SHAH,94.1481898,93.887286,76.0,86.33,0,NORMAL,
6475,EN26158400,MOGARGE PRIYA HARISHCHANDRA,94.1481898,96.6956121,74.0,96.0,0,NORMAL,
6476,EN26119191,SWARA DEEPAK GODSE,94.1481898,98.9208633,81.67,96.33,0,NORMAL,
6477,EN26139524,SACHIT KOUL,94.1481898,,87.67,96.2,0,NORMAL,
6478,EN26372345,NEHA SANTOSH KHALADKAR,94.1481898,86.3032893,83.0,95.8,0,NORMAL,
6479,EN26359551,YASH VINOD GAWDE,94.1481898,89.5272602,56.33,85.6,0,NORMAL,
6480,EN26102755,SHUBHAM BALARAM NICHITE,94.1437458,98.1370729,77.0,86.0,0,NORMAL,
6481,EN26366042,SWARIT RAVINDRA AHER,94.1437458,73.0237189,65.67,65.0,0,NORMAL,
6482,EN26212788,ATTHARVA NITIN PATIL,94.1437458,96.7120842,57.33,89.4,0,NORMAL,
6483,EN26387600,TARSH BIRTHARE,94.1437458,98.2126899,98.33,89.0,0,NORMAL,
6484,EN26101118,TANISHKA MAHESH NAGARKAR,94.1437458,97.4371782,80.33,97.8,0,NORMAL,
6485,EN26232058,SWARANG VIJAY WAKADE,94.1437458,97.0489761,83.33,96.6,0,NORMAL,
6486,EN26249254,ARYA MAHESH BUTALE,94.1437458,89.1852024,75.67,97.4,0,NORMAL,
6487,EN26294142,ROHIT WAMAN SATHE,94.1437458,97.0151829,74.67,92.0,0,NORMAL,
6488,EN26214542,SAHIL AJAYKUMAR KATKAR,94.1437458,97.3021583,77.0,91.4,0,NORMAL,
6489,EN26342045,SAHIL PATLE,94.1437458,94.1781526,79.67,88.8,0,NORMAL,
6490,EN26102185,SARASIJ SUBRATA BHATTACHARJEE,94.1437458,98.0848861,75.33,91.2,0,NORMAL,
6491,EN26101703,ANDHE SHIVARAM RAJASHEKHAR,94.1386945,93.8942381,96.67,85.6,2,MEDIUM,CET_vs_HSC: CET is LOWER than expected by 68 rank pts; CET_vs_HSC_SSC: CET is LOWER than expected by 53 rank pts
6492,EN26157605,YASHRAJ SACHIN SONAWANE,94.1386945,74.112751,42.33,65.0,0,NORMAL,
6493,EN26246771,SAI ASHOK INGALE,94.1386945,97.8812233,95.67,96.8,0,NORMAL,
6494,EN26133966,BHUTADA PALAK DINESH,94.1386945,99.2018999,88.33,99.6,0,NORMAL,
6495,EN26359608,GARGI SONAL BHALSING,94.1386945,98.4310487,85.67,95.8,0,NORMAL,
6496,EN26108511,ABHINANDAN BARHATE,94.1386945,99.112515,86.67,92.8,0,NORMAL,
6497,EN26118189,RANVEER MADHAV CHOUDHARI,94.1386945,94.7981886,92.0,93.0,2,MEDIUM,CET_vs_HSC: CET is LOWER than expected by 59 rank pts; CET_vs_HSC_SSC: CET is LOWER than expected by 54 rank pts
6498,EN26347569,KAKADE ARJUN VINOD,94.1386945,96.1461976,72.0,87.6,0,NORMAL,
6499,EN26254650,PURVI SHAHAJI RANE,94.1243399,99.0247667,66.0,85.4,0,NORMAL,
6500,EN26187172,MADHAV SARANG SAWAL,94.1243399,99.3429647,72.67,91.8,0,NORMAL,
6501,EN26220781,MARYAM RAFIK TELI,94.1243399,71.2894525,78.33,88.5,0,NORMAL,
6502,EN26333967,AYUSH ANAND,94.1243399,,57.0,64.4,0,NORMAL,
6503,EN26284660,RHIDANSHI CHAUDHARY,94.1243399,99.4197952,94.33,97.6,0,NORMAL,
6504,EN26451578,PRANAV SHARMA,94.1243399,98.8670753,82.0,92.2,0,NORMAL,
6505,EN26290781,PRANAY KANTILAL HAJARE,94.1099054,77.937978,47.33,90.4,0,NORMAL,
6506,EN26116216,ATHARVA GURUDAS GAWADE,94.1099054,97.9337683,86.67,95.0,0,NORMAL,
6507,EN26233315,ACHINTYA GUPTA,94.1099054,,89.33,92.4,0,NORMAL,
6508,EN26248311,SANCHIT RAMDAS PATIL,94.1099054,99.1952467,74.0,97.4,0,NORMAL,
6509,EN26133715,SNEHA DASH,94.1099054,99.4150471,92.67,92.4,0,NORMAL,
6510,EN26420142,SANKALP UJWAL SUKHADEVE,94.1099054,95.1447135,74.33,91.2,0,NORMAL,
6511,EN26415722,RENUKA ANIRUDDHA INGLE,94.1099054,96.8804098,85.33,95.4,0,NORMAL,
6512,EN26124955,SURYANSH DEY,94.1099054,98.451797,85.0,94.6,0,NORMAL,
6513,EN26371210,MANGESH NARENDRA KAJALE,94.1099054,96.3496751,74.67,96.2,0,NORMAL,
6514,EN26373492,VISHWAJEET ABASAHEB DHAKANE,94.1012515,99.4772864,82.33,100.0,0,NORMAL,
6515,EN26298664,ASTHA MUKESH KOSHTA,94.1012515,97.3687248,78.33,95.4,0,NORMAL,
6516,EN26327349,KRISHNA SURESH PALVE,94.1012515,59.8130199,42.0,59.2,0,NORMAL,
6517,EN26119140,KAAVYA RAMANAN IYER,94.1012515,99.5895601,85.33,96.33,0,NORMAL,
6518,EN26291750,OMKAR NARENDRA KULKARNI,94.1012515,92.8132001,91.33,98.5,2,MEDIUM,CET_vs_HSC: CET is LOWER than expected by 63 rank pts; CET_vs_HSC_SSC: CET is LOWER than expected by 69 rank pts
6519,EN26334241,KALINDI SACHIN KOMBLE,94.1012515,99.6691671,90.33,94.4,0,NORMAL,
6520,EN26249920,SANDIP PRADIP PATIL,94.1012515,89.3655049,49.67,87.4,0,NORMAL,
6521,EN26248260,PRABHAT VAIBHAV KSHATRIYA,94.1012515,98.9173025,79.67,93.5,0,NORMAL,
6522,EN26131361,SHAURYA GIRISH YADAV,94.1012515,97.6214843,81.33,92.2,0,NORMAL,
6523,EN26171164,AARAV JAIN,94.1012515,99.7564624,91.0,95.4,0,NORMAL,
6524,EN26200275,PARTH MAHESH NAGPURE,94.1012515,98.7328923,80.0,92.6,0,NORMAL,
6525,EN26143908,NEELANK SUSHANT JOSHI,94.1012515,99.5936526,79.33,95.0,0,NORMAL,
6526,EN26114946,AYUSH ATUL CHAVAN,94.1012515,98.3688614,70.0,89.2,0,NORMAL,
6527,EN26334255,JAY JIGAR CHHEDA,94.1012515,95.5358718,83.0,95.5,0,NORMAL,
6528,EN26147143,RANVEER SURYAKANT GAIKWAD,94.1012515,94.5391572,70.0,82.8,0,NORMAL,
6529,EN26102673,ARYAN SHARMA,94.1012515,93.9788054,83.0,94.16,0,NORMAL,
6530,EN26136378,ASHISH JAGANNATH INGOLE,94.1012515,92.9026198,81.0,89.8,0,NORMAL,
6531,EN26291680,HEETH BHARAT PUNAMIYA,94.0929144,99.5887328,78.0,92.83,0,NORMAL,
6532,EN26319598,ABHINAV PRAKASH GORE,94.0929144,92.8362212,67.67,93.4,0,NORMAL,
6533,EN26490079,DWIJ DEVANG SHAH,94.0929144,97.4706885,94.33,97.16,0,NORMAL,
6534,EN26434737,MISHRA AAYUSH RAJESH,94.0929144,98.7328923,66.67,91.0,0,NORMAL,
6535,EN26367293,YASH DNYANESHWAR AWACHAR,94.0929144,86.9330662,73.0,87.4,0,NORMAL,
6536,EN26274575,VISHWAKARMA ASHISH RAVISHANKAR,94.0929144,99.1541864,83.67,91.6,0,NORMAL,
6537,EN26198391,PRAKHAR KHAIRARI,94.0929144,99.2441336,85.67,97.6,0,NORMAL,
6538,EN26233749,ANUSHKA ANIL LOKHANDE,94.0929144,97.5427973,82.33,98.2,0,NORMAL,
6539,EN26385846,RITESH PRABHAKAR KARAD,94.0929144,93.1635295,85.67,85.6,0,NORMAL,
6540,EN26206303,TRIPTI RANI CHOUDHARY,94.0929144,,97.33,98.66,0,NORMAL,
6541,EN26100567,DHANE ANUSHKA,94.0929144,98.5473765,81.0,95.4,0,NORMAL,
6542,EN26249715,MAHESH SHRIRAM SHINDE,94.0929144,96.6217418,82.0,95.4,0,NORMAL,
6543,EN26384640,ADVAIT ANIL KHADE,94.0838502,71.7544603,47.0,85.2,0,NORMAL,
6544,EN26231182,RUHAN VERMA,94.0838502,95.1330171,82.67,90.8,0,NORMAL,
6545,EN26413244,ABHYUDAY SHARMA,94.0838502,98.8869054,90.67,82.0,0,NORMAL,
6546,EN26353267,TANMAY AMOL PATIL,94.0838502,76.3172626,58.67,85.6,0,NORMAL,
6547,EN26401938,RAYMALE SHIVRAJ NAGNATH,94.0838502,96.6879243,75.67,87.4,0,NORMAL,
6548,EN26322725,UTKARSH UMAKANT BHUSARI,94.0838502,74.8088122,64.0,87.0,0,NORMAL,
6549,EN26291692,SARTHAK JANRAO,94.0838502,99.3515358,85.0,98.0,0,NORMAL,
6550,EN26161456,KRUSHNA SURYABHAN HARIJIVAN,94.0838502,99.098911,78.0,94.6,0,NORMAL,
6551,EN26360398,SWAPNALI MILIND KULKARNI,94.0838502,98.6166496,96.0,96.6,0,NORMAL,
6552,EN26411420,RITESH JAGDISH BAJANLAWAR,94.0838502,98.0628957,82.67,91.2,0,NORMAL,
6553,EN26298965,SHIVAM SURESH KALE,94.0838502,62.8284912,55.33,86.8,0,NORMAL,
6554,EN26364039,SHIVPRASAD MAROTI KARALE,94.0838502,92.4858168,51.0,97.0,0,NORMAL,
6555,EN26313186,JARE SAMRUDDHI SANDIP,94.0838502,89.4554822,57.33,95.4,0,NORMAL,
6556,EN26367000,TEJAS SANTOSH SAPKAL,94.0838502,96.9526275,77.67,91.83,0,NORMAL,
6557,EN26358292,SHUBHANGI MISHRA,94.0827616,,85.33,97.8,0,NORMAL,
6558,EN26139518,HARSH RAJKUMAR KATKAR,94.0827616,99.0212323,82.67,97.4,0,NORMAL,
6559,EN26311909,SAHIL DILIP BHOPSE,94.0827616,97.9779158,69.67,91.6,0,NORMAL,
6560,EN26273539,SHAIKH JUNED JAVED,94.0827616,97.887694,76.33,88.8,0,NORMAL,
6561,EN26190598,HARSHADA SATISH CHAVAN,94.0827616,98.0751569,79.0,96.8,0,NORMAL,
6562,EN26101147,MRUNMAYEE AJEET MOGARKAR,94.0827616,97.8729143,93.0,94.6,0,NORMAL,
6563,EN26286017,NIKHIL KASHYAP,94.0827616,97.9141813,90.33,95.8,0,NORMAL,
6564,EN26363820,DIVYANSH DEVENDRA SINGH,94.0827616,94.8648367,74.0,83.33,0,NORMAL,
6565,EN26143837,CHAITANYA SANDIP PATIL,94.0827616,98.72142,75.0,81.6,0,NORMAL,
6566,EN26294923,SAI VIJAY PARDESHI,94.0827616,97.6880169,80.33,91.4,0,NORMAL,
6567,EN26258111,SANKET DUBEY,94.0827616,98.6575619,74.0,89.0,0,NORMAL,
6568,EN26445674,TANKAR SUDIKSHA MANOHAR,94.0827616,95.2778203,75.0,91.0,0,NORMAL,
6569,EN26403102,GOVINDRAJ AMBADAS MOTBA,94.0761599,86.5951005,43.67,93.0,0,NORMAL,
6570,EN26448852,KHAPARE HARSH MANOHAR,94.0761599,,73.0,93.0,0,NORMAL,
6571,EN26450457,CHIRAG NARENDRA RISHI,94.0761599,96.8314615,73.67,92.2,0,NORMAL,
6572,EN26309619,KALBANDE YASH RAHUL,94.0761599,96.8737201,81.67,89.2,0,NORMAL,
6573,EN26116928,SHAIKH AMENA MAZIYA GULAM MUDASSIR,94.0735358,97.9641818,75.33,91.8,0,NORMAL,
6574,EN26188455,VIBHOR HARISHKUMAR GUPTA,94.0735358,98.6222068,83.67,93.66,0,NORMAL,
6575,EN26260870,HERAMB NAWARKHELE,94.0735358,96.7828418,72.0,89.2,0,NORMAL,
6576,EN26305376,MEHTA AARYA PANKAJ,94.0735358,97.305038,76.0,97.0,0,NORMAL,
6577,EN26398077,ANSH AVINASH KHEDIKAR,94.0735358,83.1030453,71.0,86.2,0,NORMAL,
6578,EN26241875,NISHANT SHASHIKANT SUTAR,94.0735358,96.5496042,72.67,94.6,0,NORMAL,
6579,EN26140831,ATHARVA SHIVAJI SANGLE,94.0735358,77.0914416,58.67,93.0,0,NORMAL,
6580,EN26204474,VISHNU PHARSARAM BHADU,94.0735358,98.5070698,58.0,89.2,0,NORMAL,
6581,EN26292187,CHIRAG DESHMUKH,94.0735358,98.4666744,78.67,97.2,0,NORMAL,
6582,EN26407252,SHENDURKAR AVADHUT GOKUL,94.0735358,95.4482415,69.33,92.0,0,NORMAL,
6583,EN26460764,ANSH RAGHUWANSHI,94.0735358,,83.33,87.4,0,NORMAL,
6584,EN26138569,PARTH HRISHIKESH KULKARNI,94.0735358,98.3591071,88.33,89.6,0,NORMAL,
6585,EN26328997,PRAJVAL JANAK BHUVA,94.0735358,98.1351709,82.0,96.16,0,NORMAL,
6586,EN26186908,AROHI RAMESH PATEL,94.0735358,98.4399761,85.33,90.0,0,NORMAL,
6587,EN26121107,SUMIT PANDHARINATH PATIL,94.0735358,99.3966183,87.33,92.6,0,NORMAL,
6588,EN26267990,ARYA GANESH BORSE,94.0735358,95.101416,74.0,94.16,0,NORMAL,
6589,EN26285445,GARIMA SINGH,94.0735358,,88.33,95.33,0,NORMAL,
6590,EN26262306,RATHOD SHRIKANT BALAJI,94.0735358,,82.33,89.4,0,NORMAL,
6591,EN26412489,ADITYA SHARAD GHUGE,94.0735358,63.5035466,76.33,90.4,0,NORMAL,
6592,EN26249641,SUYASH SACHIN CHAUGULE,94.0735358,98.0357905,81.33,95.0,0,NORMAL,
6593,EN26125763,TANIM PAUL,94.0735358,,88.0,89.0,0,NORMAL,
6594,EN26206064,SIDDHANT SANTOSH BHOSALE,94.0723561,98.8353329,78.33,96.4,0,NORMAL,
6595,EN26229619,PRATHMESH KRUSHNA CHAUDHARI,94.0723561,74.5525612,55.33,69.8,0,NORMAL,
6596,EN26164907,SANMITA SANJAY TIKKE,94.0723561,98.2764644,77.33,96.33,0,NORMAL,
6597,EN26112758,JAIN VIPRA SHEETAL,94.0723561,98.0182404,64.33,92.6,0,NORMAL,
6598,EN26292213,PRANAV AHIRE,94.0723561,95.2312139,71.33,91.4,0,NORMAL,
6599,EN26145797,MRUDULA VIJAY MULEY,94.0723561,96.8016647,88.67,97.0,0,NORMAL,
6600,EN26176396,BHARGAV SHAILESH CHOUGULE,94.0723561,97.4146966,85.33,92.83,0,NORMAL,
6601,EN26186807,ISHA UNMESH JOSHI,94.0723561,97.7312329,88.0,97.0,0,NORMAL,
6602,EN26288640,TANAY GAUTAM JAIN,94.0421925,99.3168292,83.0,94.16,0,NORMAL,
6603,EN26406059,SOHAM MARUTI YADAV,94.0421925,99.8577575,85.67,94.2,0,NORMAL,
6604,EN26150263,MAYANK LAKSHMINARAYAN CHOUDHARY,94.0421925,84.2510483,57.0,76.4,0,NORMAL,
6605,EN26375600,SHIVAM ARUN DOSE,94.0421925,54.873582,58.33,82.4,0,NORMAL,
6606,EN26249271,KRUTIKA GOPAL BAJAJ,94.0421925,98.7223398,90.0,95.8,0,NORMAL,
6607,EN26254235,BHATT RAJAT PRADEEP,94.0421925,99.8098391,61.67,92.0,2,MEDIUM,CET_vs_HSC: CET is HIGHER than expected by 70 rank pts; CET_vs_HSC_SSC: CET is HIGHER than expected by 69 rank pts
6608,EN26183334,AVADHOOT DEEPAK KHANDAGALE,94.0373141,96.787533,81.67,94.2,0,NORMAL,
6609,EN26141047,ANVAY AMBARISH PATKAR,94.0373141,99.3986188,77.33,94.66,0,NORMAL,
6610,EN26431175,PAWAR YASH VASANTRAO,94.0373141,97.5701659,87.0,93.2,0,NORMAL,
6611,EN26257785,SHANTANU SUJIT TAPAS,94.0373141,98.797718,75.67,96.2,0,NORMAL,
6612,EN26205068,HARSH SANJAY KIRANGE,94.0373141,99.3660169,83.67,91.7,0,NORMAL,
6613,EN26270549,PALAK PIYUSH ZAWAR,94.0373141,97.6534296,91.0,93.5,0,NORMAL,
6614,EN26118233,ROHIT RAMAKANT PAWAR,94.0373141,97.7845891,74.67,96.8,0,NORMAL,
6615,EN26268601,SHRAVAN SUNIL PATIL,94.0373141,97.5707384,73.67,91.8,0,NORMAL,
6616,EN26242749,VEDANT LAKESH DESALE,94.0373141,97.5416581,74.33,93.16,0,NORMAL,
6617,EN26193572,MALHAR SACHIN LOKHANDE,94.0373141,95.4799,88.67,90.5,0,NORMAL,
6618,EN26247367,SARTHAK NAMDEV CHOUDHARI,94.0373141,97.7924434,85.0,96.2,0,NORMAL,
6619,EN26357828,YASH RAMNATH DHAKANE,94.0373141,95.2933057,87.0,92.6,0,NORMAL,
6620,EN26111914,AADI SACHIN KHAIRNAR,94.0373141,96.6963838,89.0,93.0,0,NORMAL,
6621,EN26138386,VIJAY VITHAL MANTHALKAR,94.0373141,95.6826425,68.67,95.8,0,NORMAL,
6622,EN26198696,AARYA VIKAS GOSAVI,94.0373141,98.4325799,70.33,97.8,0,NORMAL,
6623,EN26103496,DARSH PURUSHOTTAM PATIL,94.0370606,98.2414965,75.33,96.8,0,NORMAL,
6624,EN26375964,SAMIKSHA KHANDERAO PATHARE,94.0370606,99.0737525,72.33,91.4,0,NORMAL,
6625,EN26334651,SHRAVANI SACHIN MANE,94.0370606,99.8456465,92.67,95.2,0,NORMAL,
6626,EN26305900,BHAVISHYA RAVINDRA BODKHE,94.0370606,98.0593407,89.0,94.6,0,NORMAL,
6627,EN26108197,NARAYAN KESHAV TALEKAR,94.0370606,99.1326609,66.0,95.6,0,NORMAL,
6628,EN26185870,PRIT DHARMESH BADHIVALA,94.0370606,98.435333,71.67,87.0,0,NORMAL,
6629,EN26195183,MADHURA SHASHANK CHINCHOLKAR,94.0365069,99.9824598,96.67,97.6,1,LOW,CET_vs_JEE: CET is HIGHER than expected by 59 rank pts
6630,EN26110852,ANISH VINOD KHALSE,94.0365069,95.4830918,86.33,91.4,0,NORMAL,
6631,EN26290959,ADITYARAJ AMAR SHINDE,94.0365069,98.0655851,72.67,88.2,0,NORMAL,
6632,EN26174027,PAYAL AGRAWAL,94.0365069,93.2287366,86.0,92.4,0,NORMAL,
6633,EN26159366,VEDANT VIJAY KUMBHAR,94.0365069,99.2320819,80.67,94.8,0,NORMAL,
6634,EN26279552,MANISH NITIN PATIL,94.0365069,95.0750038,86.0,93.4,0,NORMAL,
6635,EN26264587,ARYAVEER VIJAYKUMAR RANE,94.0365069,99.5638918,85.33,93.8,0,NORMAL,
6636,EN26240257,MATHEW G THOMAS,94.0365069,98.9726962,91.0,89.4,0,NORMAL,
6637,EN26206787,PRAVIN DATTATRAY DIGOLE,94.0365069,94.4877916,73.33,98.6,0,NORMAL,
6638,EN26345626,YASHASHRI PRAKASH ANDRASKAR,94.0365069,96.4812287,80.0,96.0,0,NORMAL,
6639,EN26297374,ADITYA MAHADEV RANANAVARE,94.0365069,89.1791812,78.0,90.6,0,NORMAL,
6640,EN26143895,SATYAM SANTOSH HIVARKAR,94.0365069,7.6400322,43.0,81.6,0,NORMAL,
6641,EN26381873,JAYESH BALIRAM JIRE,94.0306786,95.5511974,75.0,93.0,0,NORMAL,
6642,EN26160800,HARSHALI SANJAY KATTIKAR,94.0306786,98.0818957,74.33,93.6,0,NORMAL,
6643,EN26366365,VIDHI PRAMOD VERULKAR,94.0306786,97.5152589,92.67,94.2,0,NORMAL,
6644,EN26122280,SAKSHI SIDDHESHWAR WARADE,94.0306786,96.614828,80.0,91.8,0,NORMAL,
6645,EN26309525,DHAKATE VISHAKHA SANJAY,94.0306786,97.5416581,72.33,92.8,0,NORMAL,
6646,EN26277942,PANDA AARYAN SHRINIVAS,94.0306786,95.3151853,63.67,83.4,0,NORMAL,
6647,EN26208696,SNEHA SINGHAL,94.0306786,96.5873016,84.67,92.6,0,NORMAL,
6648,EN26491586,GITTE PAVAN GOPINATH,94.0306786,,76.0,94.6,0,NORMAL,
6649,EN26330987,PUSHKAR SATISH PATIL,94.0306786,98.4431408,78.0,90.4,0,NORMAL,
6650,EN26131734,SATYAM KUMAR,94.0219535,,63.33,85.0,0,NORMAL,
6651,EN26391591,JAY BHARATKUMAR PRAJAPATI,94.0219535,99.7007285,84.33,92.33,0,NORMAL,
6652,EN26485208,YASHWARDHAN JANARDHANAN MENON,94.0219535,99.3416992,90.33,97.66,0,NORMAL,
6653,EN26176443,SWAPNIL RAWAT,94.0219535,,83.67,93.0,0,NORMAL,
6654,EN26180775,ARYA SACHIN GURAV,94.0219535,98.5404249,86.33,97.5,0,NORMAL,
6655,EN26161676,ARYAN ASHOK VISHE,94.0219535,99.6577918,80.67,96.2,0,NORMAL,
6656,EN26238848,ABHIK ANAND,94.0219535,99.4800962,87.33,95.8,0,NORMAL,
6657,EN26233773,ARYAN SHREYAS MANGALEKAR,94.0219535,99.1774657,84.0,94.6,0,NORMAL,
6658,EN26332151,ILAG SHRAVANI GANESH,94.0219535,97.5124204,91.67,97.0,0,NORMAL,
6659,EN26314989,SHRAVANI KIRAN BARAGE,94.0162441,92.7160749,67.0,94.2,0,NORMAL,
6660,EN26274068,TIRTH JATIN GALA,94.0162441,99.8919378,81.33,94.6,0,NORMAL,
6661,EN26260027,PRATHAMESH PRASHANT PAWADE,94.0162441,98.8193489,74.33,92.8,0,NORMAL,
6662,EN26293656,ATHARV MANISH GUJARATHI,94.0162441,97.0049392,86.33,88.6,0,NORMAL,
6663,EN26438270,VATSA SHASHIN DEPUTY,94.0162441,,80.0,91.33,0,NORMAL,
6664,EN26217789,JAGDISH PARMAR,94.0162441,96.6480662,80.33,89.4,0,NORMAL,
6665,EN26173485,SMITA KASHINATH JONG,93.9996248,96.5336351,85.33,93.2,0,NORMAL,
6666,EN26213966,SHRUTI KISHOR DANGE,93.9996248,93.9707059,71.67,84.0,0,NORMAL,
6667,EN26167618,PREM UTTAM THOMBARE,93.9996248,92.8362212,78.33,93.6,0,NORMAL,
6668,EN26135640,SAHIL NARNAWARE,93.9996248,98.9224519,81.0,94.14,0,NORMAL,
6669,EN26131385,PATEL NEEL KAMLESHBHAI,93.9996248,96.7550691,72.0,91.0,0,NORMAL,
6670,EN26167237,YADNYA NAMIT SATAM,93.9996248,98.5909613,83.67,92.33,0,NORMAL,
6671,EN26140597,PARAS MAHENDRAKUMAR SHAHA,93.9996248,80.9705409,42.0,69.16,0,NORMAL,
6672,EN26222076,AARYA APURVA BENGALI,93.9996248,98.6762936,83.67,95.16,0,NORMAL,
6673,EN26129590,ADVAIT HEGDE,93.9996248,98.7035739,76.0,96.16,0,NORMAL,
6674,EN26349041,AASHI AMIT CHAWANDE,93.9804842,98.2894535,81.67,93.8,0,NORMAL,
6675,EN26483782,OM SUDHIR GUPTA,93.9804842,88.2603909,73.0,86.5,0,NORMAL,
6676,EN26368011,SOHAM NANDKISHOR PAWAR,93.9804842,88.7231708,57.33,90.0,0,NORMAL,
6677,EN26389857,BHARGAVI RAJKUMAR LILHARE,93.9804842,93.7060041,84.67,91.5,0,NORMAL,
6678,EN26181134,TANAY NIKHIL PATIL,93.9804842,94.5074586,83.33,89.4,0,NORMAL,
6679,EN26378508,SARANSH KUMAR,93.9804842,97.6294546,84.0,93.0,0,NORMAL,
6680,EN26217527,SHAURYA SAHU,93.9804842,98.3067533,65.67,93.83,0,NORMAL,
6681,EN26170315,DIPTI KALYANKAR,93.9804842,90.0621118,85.67,93.0,0,NORMAL,
6682,EN26369818,DUKARE AVNISH VINOD,93.9804842,79.0264353,83.0,88.83,0,NORMAL,
6683,EN26111905,SHRIHARI HEMANT BHAVSAR,93.9804842,99.5350803,85.67,95.0,0,NORMAL,
6684,EN26334627,MRUDULA SURESH CHAVAN,93.9804842,95.6189832,65.33,94.4,0,NORMAL,
6685,EN26247586,PRERNA NANDU KAWARE,93.9732143,94.8431909,73.0,93.0,0,NORMAL,
6686,EN26276439,TANISHKA RAMESH YADAV,93.9732143,98.4914374,82.0,92.8,0,NORMAL,
6687,EN26240123,SAMYAK NILESHKUMAR SONI,93.9732143,,91.33,92.6,0,NORMAL,
6688,EN26193015,MOHAMMAD ATHAR MOHAMMAD AFZAL,93.9732143,69.8131691,71.33,81.2,0,NORMAL,
6689,EN26337932,MAYANK RUPESH MAINDRE,93.9732143,99.4283995,73.67,90.66,0,NORMAL,
6690,EN26115429,PRATIK RAJENDRA DERE,93.9536454,99.8156997,85.0,90.8,0,NORMAL,
6691,EN26246809,ATHARV PRABHAKAR KOLHE,93.9536454,98.3382471,87.0,93.0,0,NORMAL,
6692,EN26160773,RISHABH LAXMAN WAGH,93.9536454,99.112515,85.67,82.8,0,NORMAL,
6693,EN26372859,PATIL LAVANY PRAMOD,93.9536454,,76.0,84.66,0,NORMAL,
6694,EN26186578,SOHAM VINOD MUNJEWAR,93.9536454,96.1739609,82.33,89.8,0,NORMAL,
6695,EN26334449,PARTH KHADAKE,93.9536454,97.6214843,88.33,86.6,0,NORMAL,
6696,EN26112505,MEHUL VYAS,93.9536454,98.6285832,91.33,95.16,0,NORMAL,
6697,EN26159572,GARGI AMIT PATEL,93.9536454,97.1170545,76.0,94.6,0,NORMAL,
6698,EN26449372,ANSARI ARSALAN QAYAMUDDIN,93.9536454,95.9433601,79.0,93.8,0,NORMAL,
6699,EN26310857,RAJAS SANTOSH TERKHEDKAR,93.9536454,98.4431408,85.0,97.6,0,NORMAL,
6700,EN26259291,MAHESH SANTOSH GUPTA,93.9536454,98.6607658,90.0,87.6,0,NORMAL,
6701,EN26163102,SIDDHESH ARUN BEDRE,93.9536454,97.8021978,76.0,92.6,0,NORMAL,
6702,EN26282791,SHREYA ANIL KOLHE,93.9527057,99.6884735,95.67,97.0,0,NORMAL,
6703,EN26134135,DHRUVYAN NILESH KANTHARIA,93.9527057,98.5669073,89.0,97.5,0,NORMAL,
6704,EN26246577,NEHAL SANTOSH MACHA,93.9527057,97.8835793,78.33,93.8,0,NORMAL,
6705,EN26276939,ATHARVA BHANUDAS DHORE,93.9527057,97.0991989,79.0,96.2,0,NORMAL,
6706,EN26188402,PAVANI KHATY,93.9527057,98.204189,92.0,95.6,0,NORMAL,
6707,EN26174417,RUDRAKSH BASAVRAJ SHEELVANTH,93.9527057,98.6186186,73.67,94.0,0,NORMAL,
6708,EN26144247,SWARA GAURAV MANGAL,93.951279,99.3245604,82.67,98.2,0,NORMAL,
6709,EN26197684,PRAJWAL NITIN GUND,93.951279,84.3808448,52.33,90.6,0,NORMAL,
6710,EN26138657,SIRIMELLA SANJANA,93.951279,98.3761272,88.33,86.0,0,NORMAL,
6711,EN26456732,ARYAN RISHIVANSHI,93.951279,90.1004135,81.0,91.4,0,NORMAL,
6712,EN26298693,HITAKSHI KAMLESH NENWANI,93.951279,99.7190687,90.33,92.66,0,NORMAL,
6713,EN26149819,VAISHNVI DEEPAK PACHPATTE,93.951279,97.7948817,89.0,91.8,0,NORMAL,
6714,EN26196855,SANSKRUTI VENKATRAO BHERE,93.951279,93.9788054,67.67,92.8,0,NORMAL,
6715,EN26278478,NIHAL NAVINCHANDRA ANCHAN,93.951279,98.6186186,83.33,97.83,0,NORMAL,
6716,EN26275551,NACHIKET RUPESH NERKAR,93.951279,96.9526275,83.0,93.0,0,NORMAL,
6717,EN26273108,NIVRATI EKNATH RACHEWAD,93.951279,40.4681495,45.33,89.0,0,NORMAL,
6718,EN26277476,PRACHITI SACHIN WARWANTKAR,93.951279,97.1546136,81.67,91.8,0,NORMAL,
6719,EN26171219,SHIVAM SHARMA,93.951279,,87.67,96.5,0,NORMAL,
6720,EN26327503,NAMAN VAIBHAV DOSHI,93.9440672,97.6874562,83.33,90.6,0,NORMAL,
6721,EN26393185,SANKI YAKSH BIMAL,93.9440672,98.4327624,72.33,86.0,0,NORMAL,
6722,EN26244421,MUGDHA KIRAN NARWADE,93.9440672,97.7345783,78.0,91.83,0,NORMAL,
6723,EN26371493,VEDANT LALIT WAGH,93.9440672,94.5264816,82.0,94.83,0,NORMAL,
6724,EN26133712,ATHARVA SHYAM VIKHORE,93.9440672,94.8648367,80.67,93.5,0,NORMAL,
6725,EN26243485,ADITYA RAVINDRA DASARWAR,93.9440672,76.6993653,42.33,75.8,0,NORMAL,
6726,EN26129533,VARAD MAKARAND KATE,93.9440672,95.9271498,77.67,98.6,0,NORMAL,
6727,EN26192960,PRAJWAL VIKRAM WAGH,93.9440672,93.1708179,90.0,90.8,1,LOW,CET_vs_HSC: CET is LOWER than expected by 59 rank pts
6728,EN26236868,ISHWARI BHARAT ADSUL,93.9440672,99.1839813,86.67,94.0,0,NORMAL,
6729,EN26238230,PARTH VASANT CHAVAN,93.9440672,94.6694641,89.33,98.6,2,MEDIUM,CET_vs_HSC: CET is LOWER than expected by 55 rank pts; CET_vs_HSC_SSC: CET is LOWER than expected by 62 rank pts
6730,EN26377360,AVISHI SENGAR,93.9440672,98.5350565,86.0,93.0,0,NORMAL,
6731,EN26235452,AARYA NILESH SHAH,93.927999,99.712889,75.67,84.66,1,LOW,CET_vs_HSC_SSC: CET is HIGHER than expected by 61 rank pts
6732,EN26260405,INAKSHI GOEL,93.927999,98.8308304,88.33,94.2,0,NORMAL,
6733,EN26366848,SHRUTI UDAY PINGALE,93.927999,97.5046401,77.0,95.0,0,NORMAL,
6734,EN26297837,ADITYA NAGNATH HIWARE,93.927999,96.8091806,79.67,94.33,0,NORMAL,
6735,EN26159208,SHRUTI PRASHANT SHETE,93.927999,97.6882405,74.0,94.0,0,NORMAL,
6736,EN26398689,RAJESH LALCHAND PAWAR,93.927999,59.0801845,53.0,79.8,0,NORMAL,
6737,EN26275575,MANOMAY SWAPNIL BHANAGE,93.927999,98.3477163,78.67,93.33,0,NORMAL,
6738,EN26291038,ROHAN ASHUTOSH CHAUDHARI,93.927999,97.1923599,64.33,97.0,0,NORMAL,
6739,EN26203277,VARAD VINOD DESHPANDE,93.927999,97.0991989,75.33,90.33,0,NORMAL,
6740,EN26332513,DESHMUKH SAMARTH SANJAY,93.927999,97.5701659,58.0,97.6,0,NORMAL,
6741,EN26136857,SAVI VIKAS BOROLE,93.9257083,98.9760049,84.0,86.2,0,NORMAL,
6742,EN26410045,LAKSHYA,93.9257083,97.6587031,82.67,93.4,0,NORMAL,
6743,EN26346525,GARGI SHIVRAJ KALE,93.9257083,94.8609201,85.33,97.2,0,NORMAL,
6744,EN26386831,AKANKSHA ABHIJIT GADAM,93.9257083,95.5792202,77.0,93.6,0,NORMAL,
6745,EN26226418,SHRAVANI SITARAM KALE,93.9257083,98.0357905,67.33,93.0,0,NORMAL,
6746,EN26196218,KENNETH JOHN,93.9257083,99.1415633,84.33,92.6,0,NORMAL,
6747,EN26364933,RAJ SHIVPUJAN PANDEY,93.9257083,98.7488829,91.33,94.0,0,NORMAL,
6748,EN26377363,VANSH PRADIP BOBADE,93.9257083,95.6128536,56.67,76.2,0,NORMAL,
6749,EN26332618,AUM PRAFULLA KELASKAR,93.9257083,94.6959625,81.33,94.8,0,NORMAL,
6750,EN26418564,HARSHIT PANDURANG RAVNANG,93.9257083,98.3966019,90.89,91.5,0,NORMAL,
6751,EN26254514,VED GANESH JOSHI,93.9114246,95.6763142,59.0,84.6,0,NORMAL,
6752,EN26210642,PRATIK SANDIPAN LAWAND,93.9114246,93.0903303,45.67,79.0,0,NORMAL,
6753,EN26204235,PANAV RAINA,93.9114246,,83.33,94.83,0,NORMAL,
6754,EN26265668,UTKARSHA UTTAM PATIL,93.9114246,98.4154992,67.0,92.8,0,NORMAL,
6755,EN26132690,JAYDEEP RANJITSINH WAGH,93.9114246,71.7544603,51.33,90.4,0,NORMAL,
6756,EN26291044,JEET HEMAL MUNI,93.9114246,99.8376681,83.0,84.5,0,NORMAL,
6757,EN26289937,HARMAN RAJNI SUVAGIYA,93.9114246,97.6103268,92.67,95.6,0,NORMAL,
6758,EN26302192,PAREET PRAVIN JAIN,93.9114246,96.9750684,86.33,87.8,0,NORMAL,
6759,EN26165581,JANMESH VIKAS GAJARE,93.9114246,98.2126899,84.0,94.5,0,NORMAL,
6760,EN26242787,PRANAV DARSHAN AJMERA,93.9114246,99.0382766,89.33,96.2,0,NORMAL,
6761,EN26131511,KAUSTUBH SUBHASH SAWANT,93.9114246,98.6898385,77.67,95.6,0,NORMAL,
6762,EN26362440,CHAITANYA JAYDEEP KULKARNI,93.9114246,96.3555898,74.33,93.4,0,NORMAL,
6763,EN26382798,SHUBHAM GAJANAN BHOSALE,93.9114246,97.7341914,68.67,87.2,0,NORMAL,
6764,EN26346247,GAURAV SANDIP BABAR,93.9114246,98.8515144,85.33,97.66,0,NORMAL,
6765,EN26309475,AJAY KALGONDA BALIKAI,93.9114246,98.6758679,79.67,89.6,0,NORMAL,
6766,EN26170206,ANAND YALBAREDDY GOMARE,93.9114246,,61.0,84.8,0,NORMAL,
6767,EN26307214,YASH NAVNATH NICHIT,93.9114246,96.6963838,77.67,94.2,0,NORMAL,
6768,EN26344895,SHELKE ANUJ PRADEEP,93.9056339,98.3761272,77.33,90.4,0,NORMAL,
6769,EN26345509,SHRIJEET KAILAS KADAM,93.9056339,98.5690295,91.67,90.66,0,NORMAL,
6770,EN26332014,CHAITANYA VINAY SALASKAR,93.9056339,98.6108985,75.67,96.2,0,NORMAL,
6771,EN26295057,GADPAL AKARSH PRAVIN,93.9056339,96.8016647,70.0,95.6,0,NORMAL,
6772,EN26104543,JAGRAV HITENDRA MALI,93.9056339,87.5237763,51.0,89.6,0,NORMAL,
6773,EN26186269,MANSI RAVINDRA DESALE,93.9056339,41.153186,79.33,93.4,0,NORMAL,
6774,EN26382338,UJWAL SHANTARAM SHIRSATH,93.9055297,41.1906024,93.33,70.6,2,MEDIUM,CET_vs_HSC: CET is LOWER than expected by 75 rank pts; CET_vs_HSC_SSC: CET is LOWER than expected by 59 rank pts
6775,EN26361690,ISHANVI SANTOSH PAWAR,93.9055297,98.2788178,93.33,92.2,0,NORMAL,
6776,EN26129289,SURYAWANSHI SHLOK LAHU,93.9055297,99.4543918,67.67,95.83,0,NORMAL,
6777,EN26218791,VISHAL RAMSHABAD SHARMA,93.9055297,98.1399096,77.0,92.6,0,NORMAL,
6778,EN26243706,PATIL RUTVIK SANTOSH,93.9055297,97.9285034,67.0,91.16,0,NORMAL,
6779,EN26297313,MAHESH RAMESH PADMAWAR,93.9055297,49.3545528,77.67,94.0,0,NORMAL,
6780,EN26378117,VALLABH BALASAHEB GHOGARE,93.9055297,96.3586613,71.33,82.2,0,NORMAL,
6781,EN26217460,ATHARVA AMOL BHANDARKAR,93.8951062,99.0069374,76.67,91.4,0,NORMAL,
6782,EN26423212,ADITI SHANKAR MANDALE,93.8951062,90.9727817,93.33,91.2,2,MEDIUM,CET_vs_HSC: CET is LOWER than expected by 67 rank pts; CET_vs_HSC_SSC: CET is LOWER than expected by 58 rank pts
6783,EN26335632,RACHIT PURVESH SHAH,93.8951062,97.1175428,54.33,89.8,0,NORMAL,
6784,EN26171831,SAI RAINA,93.8951062,,85.0,97.33,0,NORMAL,
6785,EN26278952,SIDDHARTH SUNIL SABOO,93.8951062,99.1344285,85.0,92.0,0,NORMAL,
6786,EN26105531,RAKSHIT NILESH NEHETE,93.8951062,99.9731038,92.0,96.0,1,LOW,CET_vs_JEE: CET is HIGHER than expected by 60 rank pts
6787,EN26139364,SANDESH ARUN SAWANT,93.8951062,98.6857446,76.67,100.0,0,NORMAL,
6788,EN26336891,HARSHITA SINGH,93.8951062,98.2452519,73.67,95.0,0,NORMAL,
6789,EN26180342,VEDANT PRAVIN PATIL,93.8951062,96.3555898,78.0,88.16,0,NORMAL,
6790,EN26409461,NEEV KUMAR GOGAD,93.8951062,85.9003507,72.0,91.0,0,NORMAL,
6791,EN26274946,CLIVE JOHN TUSCANO,93.8951062,98.9203105,71.67,93.5,0,NORMAL,
6792,EN26294026,RHUGVED MANISH KADAM,93.8951062,87.4466038,57.67,89.8,0,NORMAL,
6793,EN26409772,PAWAR YASH DEEPAK,93.8951062,95.8070096,70.33,92.0,0,NORMAL,
6794,EN26150544,PRATIK PRAVIN KAREKAR,93.8951062,97.7449977,82.33,92.8,0,NORMAL,
6795,EN26383804,GOURAV SARDAR PATIL,93.8951062,96.1393231,68.0,80.2,0,NORMAL,
6796,EN26240159,PRANAV PAWAR,93.8951062,98.4131253,83.33,92.8,0,NORMAL,
6797,EN26129850,SHANMUGA PRIYAN DURAIRAJ,93.8951062,99.8524902,85.33,91.2,0,NORMAL,
6798,EN26466209,AMAN KUMAR PATEL,93.8951062,,74.33,91.0,0,NORMAL,
6799,EN26266997,SARTHAK SARWATE,93.889996,98.6206102,79.33,95.6,0,NORMAL,
6800,EN26228337,KESHAV VERMA,93.889996,74.1899324,61.33,63.4,0,NORMAL,
6801,EN26242925,MIHIR SAMEER JOSHI,93.889996,98.9199753,74.33,91.6,0,NORMAL,
6802,EN26243934,OM PARAG MEHTA,93.889996,96.6937233,86.33,98.33,0,NORMAL,
6803,EN26287035,ANIKET JAIN,93.889996,,81.33,91.8,0,NORMAL,
6804,EN26224898,VISHWAKARMA GAJANAN MAHAMUNE,93.889996,98.2148483,77.33,88.8,0,NORMAL,
6805,EN26435045,OM NANDKISHOR RATNAPARKHI,93.889996,,89.0,92.8,0,NORMAL,
6806,EN26492185,VEDANT VIDHYADHAR AUTE,93.889996,,77.0,93.8,0,NORMAL,
6807,EN26330270,AARAV SAMDANI,93.889996,98.1582562,86.67,94.66,0,NORMAL,
6808,EN26113833,VISHWAJEET BABASAHEB PAWAR,93.889996,98.2533366,80.33,84.8,0,NORMAL,
6809,EN26140662,PRATHAMESH LIMBAJI SANAP,93.889996,90.1775065,78.0,92.8,0,NORMAL,
6810,EN26121058,ALI ASGAR FIROZ MITHAIWALA,93.889996,98.5125814,82.0,83.8,0,NORMAL,
6811,EN26267356,ADITYA UNMESH KALE,93.889996,95.5358718,85.67,96.4,0,NORMAL,
6812,EN26284821,JANHAVI HEMANTKUMAR SANKPAL,93.889996,98.797718,79.33,96.6,0,NORMAL,
6813,EN26309060,PIYUSH NITIN MAHINDRAKAR,93.8887788,99.5111312,66.0,92.6,2,MEDIUM,CET_vs_HSC: CET is HIGHER than expected by 57 rank pts; CET_vs_HSC_SSC: CET is HIGHER than expected by 55 rank pts
6814,EN26154661,KUNAL SHIVDAYAL PATLE,93.8887788,68.5042436,56.0,81.8,0,NORMAL,
6815,EN26420009,OM AJIT DISALE,93.8887788,87.2379152,94.0,93.6,2,MEDIUM,CET_vs_HSC: CET is LOWER than expected by 71 rank pts; CET_vs_HSC_SSC: CET is LOWER than expected by 65 rank pts
6816,EN26188842,PARTH KISHOR CHAVAN,93.8887788,93.7060041,68.67,82.16,0,NORMAL,
6817,EN26123262,AAYUSH RAVINDRA SHELKE,93.8887788,84.5857013,79.33,94.0,0,NORMAL,
6818,EN26109524,ARNAV SWANAND DHAKANE,93.8887788,97.0489761,79.33,95.2,0,NORMAL,
6819,EN26367911,MAYANK BRIJESH TAKSANDE,93.8887788,98.003413,79.33,93.16,0,NORMAL,
6820,EN26166871,ARCHIT SUNIL JOSHI,93.8887788,99.3245604,84.0,94.6,0,NORMAL,
6821,EN26189872,ISHAN ANUP KATARIYA,93.8887788,96.1393231,66.0,92.2,0,NORMAL,
6822,EN26240866,DANISH RAMESH KAWALE,93.8887788,99.0867404,80.0,96.0,0,NORMAL,
6823,EN26434024,AYUSH KUMAR SHUKLA,93.8887788,,85.0,88.5,0,NORMAL,
6824,EN26454359,MIMANSA JHA,93.8887788,,89.0,95.4,0,NORMAL,
6825,EN26167962,KHUSHI GANGADHAR HAJARE,93.8887788,96.161333,72.67,91.0,0,NORMAL,
6826,EN26295932,SAMRUDDHI VIJAYKUMAR PATIL,93.8887788,97.8978979,80.0,93.66,0,NORMAL,
6827,EN26277039,GRANTH BHAVSAR,93.8887788,93.8417347,84.67,91.0,0,NORMAL,
6828,EN26191897,SURYAKANT VISHAL ZALTE,93.8818167,96.6879243,69.33,87.4,0,NORMAL,
6829,EN26279544,ANUSHKA VAIBHAV KALE,93.8818167,99.9438715,93.67,100.0,1,LOW,CET_vs_JEE: CET is HIGHER than expected by 59 rank pts
6830,EN26320577,HEM KEJAS CHHEDA,93.8818167,99.1945392,89.0,96.83,0,NORMAL,
6831,EN26329195,GANGAVANE KARAN PRALHAD,93.8818167,97.5446034,79.0,87.4,0,NORMAL,
6832,EN26217160,GAIKWAD NIKHIL SANJAY,93.8818167,95.1577916,90.0,93.0,0,NORMAL,
6833,EN26305835,JAY SHARAD SAWANT,93.8818167,99.5887328,87.67,95.4,0,NORMAL,
6834,EN26118512,PRABHAV RAWAL,93.8818167,,89.67,77.5,0,NORMAL,
6835,EN26356500,DHAIRYASHEEL DHANAJI BARKALE,93.8818167,85.3230758,49.33,83.2,0,NORMAL,
6836,EN26202321,MAYANK MUNNALAL RATHOR,93.8818167,96.7149758,77.0,93.8,0,NORMAL,
6837,EN26156479,SARTHAK SANJAY BHORE,93.8694861,62.6016833,74.0,73.4,0,NORMAL,
6838,EN26109980,HRIDAY KASAT,93.8694861,99.0804687,85.67,93.6,0,NORMAL,
6839,EN26219725,AYUSH MOHAN YADAV,93.8694861,65.6970807,69.33,78.4,0,NORMAL,
6840,EN26234058,YASH GANESH NIGHOT,93.8694861,95.4430646,73.67,93.83,0,NORMAL,
6841,EN26159464,NIVED VYAS,93.8694861,98.5669073,89.67,93.2,0,NORMAL,
6842,EN26176758,SWAPNIL KALIYA,93.8694861,99.5344145,88.67,95.16,0,NORMAL,
6843,EN26467230,SK ROHAN,93.8694861,,84.67,95.2,0,NORMAL,
6844,EN26264374,ANANYA VINAY TIDKE,93.8694861,98.5283812,87.67,91.71,0,NORMAL,
6845,EN26367943,VIHAAN VIKRANT GADKARI,93.8694861,99.3268652,85.33,95.16,0,NORMAL,
6846,EN26124794,RAM DIPAK BHENDEKAR,93.8473082,98.9702605,83.33,93.16,0,NORMAL,
6847,EN26240067,KARTIK MAHESH MUDAFARE,93.8473082,95.7405512,77.33,94.6,0,NORMAL,
6848,EN26166925,AAYUSH RAKESH PATEL.,93.8473082,98.4879654,67.33,96.66,0,NORMAL,
6849,EN26242992,SHAUNOK GUPTA,93.8473082,91.6068238,92.0,90.5,2,MEDIUM,CET_vs_HSC: CET is LOWER than expected by 65 rank pts; CET_vs_HSC_SSC: CET is LOWER than expected by 55 rank pts
6850,EN26119552,SHLOK VILAS PATIL,93.8473082,97.0049392,84.67,94.0,0,NORMAL,
6851,EN26333238,SHRIRUP ARVIND TATTE,93.8473082,97.7920203,84.67,79.2,0,NORMAL,
6852,EN26256060,PRADYUN PADMALACHAN PAUL,93.8420112,98.2385756,89.0,90.6,0,NORMAL,
6853,EN26245200,AARZOO SHRIKANT PATIL,93.8420112,96.6205541,88.67,83.8,0,NORMAL,
6854,EN26349701,SRUSHTI LALIT RANADE,93.8420112,94.2691204,92.33,91.8,2,MEDIUM,CET_vs_HSC: CET is LOWER than expected by 61 rank pts; CET_vs_HSC_SSC: CET is LOWER than expected by 53 rank pts
6855,EN26157932,THAKARE NIKHIL SHAMKANT,93.8375783,95.9447134,93.67,87.6,1,LOW,CET_vs_HSC: CET is LOWER than expected by 57 rank pts
6856,EN26183430,PARINITA AMIT NAIK,93.8375783,98.8054787,83.0,97.0,0,NORMAL,
6857,EN26234292,VEDIKA JAIRAJ MORE,93.8375783,98.2117385,83.33,91.5,0,NORMAL,
6858,EN26155712,TEJAS VINOD SHINDE,93.8375783,96.8391244,73.67,91.5,0,NORMAL,
6859,EN26270581,SHANTANU BHOPALE,93.8375783,98.1453042,76.67,97.2,0,NORMAL,
6860,EN26449910,SANJALI SHREYA,93.8375783,99.3132614,89.0,90.66,0,NORMAL,
6861,EN26103007,SHAH HITANSH VINAY,93.8375783,97.3781998,68.33,84.6,0,NORMAL,
6862,EN26357344,TIRTH AVINASH KADAM,93.8375783,95.5076994,68.33,92.6,0,NORMAL,
6863,EN26433277,SHREEYASH SOPAN KULAWADE,93.8278044,94.0581104,68.33,90.2,0,NORMAL,
6864,EN26283712,SAHIL SISODE,93.8278044,93.7445639,93.0,89.6,1,LOW,CET_vs_HSC: CET is LOWER than expected by 64 rank pts
6865,EN26175518,ABHINAV KISHOR KALE,93.8278044,96.0219043,73.67,90.8,0,NORMAL,
6866,EN26136302,DHIREN MOR,93.8278044,99.0125241,83.67,88.33,0,NORMAL,
6867,EN26289567,VEDANT ATRE,93.8278044,95.4536104,86.67,91.8,0,NORMAL,
6868,EN26129520,JANGIR NIRBHAY SUNILKUMAR,93.8278044,98.9118452,85.0,96.0,0,NORMAL,
6869,EN26151735,PRASAD HEMANT DABHADE,93.8278044,99.2018999,85.67,92.33,0,NORMAL,
6870,EN26361380,BADGUJAR DAKSH KISHOR,93.8278044,97.628377,80.33,85.0,0,NORMAL,
6871,EN26390584,BADGUJAR DAKSH KISHOR,93.8278044,,80.33,85.0,0,NORMAL,
6872,EN26444376,ADITI NARAIN,93.8278044,,86.0,95.16,0,NORMAL,
6873,EN26295594,RAGHAV KAILAS DAUD,93.8278044,96.5458686,88.0,91.6,0,NORMAL,
6874,EN26202928,PANDEY SHIKHAR VIJAY,93.8278044,99.4160243,75.0,91.4,0,NORMAL,
6875,EN26162297,ANEESH VIVEK POPHALE,93.8278044,,86.0,93.6,0,NORMAL,
6876,EN26198984,APURV UMESH CHAVAN,93.8278044,90.8447181,67.0,91.0,0,NORMAL,
6877,EN26327266,SARTH SANDEEP BANDEKAR,93.8212201,98.6762936,81.67,98.6,0,NORMAL,
6878,EN26255361,ADITI ASHOK DHANWADE,93.8212201,98.5909613,80.0,96.4,0,NORMAL,
6879,EN26460696,VIJAY RAJENDRA BHOGIL,93.8212201,62.6016833,81.67,95.8,0,NORMAL,
6880,EN26135893,DEVANSH ABHIJIT RANE,93.8212201,99.1918414,82.0,87.66,0,NORMAL,
6881,EN26266177,VARAD GAJANAN YADAV,93.8212201,99.6887728,94.33,90.8,0,NORMAL,
6882,EN26415041,CHINMAYI SHANTANU PAWAR,93.8212201,96.9232385,73.0,91.4,0,NORMAL,
6883,EN26106772,RAJNANDINI PRAVIN HOLE,93.8212201,98.4666744,84.67,95.16,0,NORMAL,
6884,EN26139730,AYUSH KAMLESH YADAV,93.8212201,96.4033308,79.33,90.0,0,NORMAL,
6885,EN26267905,ARYAN AJIT NADGIRE,93.8212201,96.3494357,77.67,93.2,0,NORMAL,
6886,EN26193785,SAI MININATH NAGARGOJE,93.7987536,98.1066,75.0,95.8,0,NORMAL,
6887,EN26302932,ARYAN DEEPAK CHOUDHARI,93.7987536,88.118041,69.0,89.8,0,NORMAL,
6888,EN26335684,ATHARV AMAR KHOT,93.7987536,99.7368975,94.67,93.2,0,NORMAL,
6889,EN26246030,VIREN VIKRANT PAWAR,93.7987536,91.7858261,73.67,83.6,0,NORMAL,
6890,EN26444339,PRIYANSH SAHU,93.7987536,,86.33,87.2,0,NORMAL,
6891,EN26283208,VAIBHAV BABASAHEB ROTE,93.7987536,98.8328486,87.0,95.2,0,NORMAL,
6892,EN26277178,MANAN SANJAY SUTEDI,93.789082,98.6182541,79.33,86.8,0,NORMAL,
6893,EN26118829,SATHE YASHRAJ ANNASAHEB,93.789082,98.7815884,85.67,94.66,0,NORMAL,
6894,EN26264290,CHAITANYA GORAKH CHOLE,93.789082,93.442623,55.0,98.2,0,NORMAL,
6895,EN26168336,GARGI SACHIN KARNIK,93.789082,99.3988671,87.33,98.4,0,NORMAL,
6896,EN26148071,JANHAVI SANDEEP KULTHE,93.789082,98.7109722,81.33,95.2,0,NORMAL,
6897,EN26303019,ARYAN DADASO NIKAM,93.789082,97.9153809,76.33,96.6,0,NORMAL,
6898,EN26322276,HARSH PRASHANT VYAS,93.789082,96.3919151,62.33,94.2,0,NORMAL,
6899,EN26211789,OM UMESH PARDESHI,93.789082,95.0867052,83.67,91.0,0,NORMAL,
6900,EN26186209,TANISHA AMIT DUMBRE,93.789082,96.9477536,81.33,97.5,0,NORMAL,
6901,EN26413256,OJAS DIPAK CHOUDHARI,93.789082,98.174902,93.0,93.0,0,NORMAL,
6902,EN26203876,MOHD SAMEE SADIQUE ALEKAR,93.789082,98.1178026,89.33,91.6,0,NORMAL,
6903,EN26177304,RUSHIKESH GHONGE,93.789082,94.3906546,78.33,95.4,0,NORMAL,
6904,EN26148297,ROHIT MANOJ BHURE,93.789082,92.3740511,90.67,90.6,1,LOW,CET_vs_HSC: CET is LOWER than expected by 62 rank pts
6905,EN26416260,JAYOM JOSHI,93.7826588,,80.67,93.33,0,NORMAL,
6906,EN26186682,DHAIRYA SUBHASH KASUNDRA,93.7826588,98.8513922,84.0,96.0,0,NORMAL,
6907,EN26262374,SHINDE AKSHAT ARJUN,93.7826588,98.7196399,73.33,92.6,0,NORMAL,
6908,EN26179649,PALLAVJYOTI BARUAH,93.7826588,98.8193489,87.0,94.0,0,NORMAL,
6909,EN26224220,TEJASWI TIRUPATI INDURI,93.7826588,99.057971,82.67,95.8,0,NORMAL,
6910,EN26108778,SOHAM GURUPRASAD KAPADI,93.7826588,,46.0,79.6,0,NORMAL,
6911,EN26121830,MANDAR DHANANJAY KANHED,93.7826588,96.86711,77.0,88.6,0,NORMAL,
6912,EN26332742,AARUSH AMEY LATKAR,93.7826588,99.0382766,87.67,96.0,0,NORMAL,
6913,EN26260211,PRAJWAL PRASHANT SAWANT,93.7817,74.8088122,42.0,87.4,0,NORMAL,
6914,EN26274020,THOSAR SHASHANK BAJRANG,93.7817,99.1425468,72.0,97.8,0,NORMAL,
6915,EN26395377,MAYUR SHRIKRISHNA PATIL,93.7817,99.2703291,85.67,92.6,0,NORMAL,
6916,EN26158545,SHIVAM RAJESHWAR KAPALE,93.7817,98.4569438,59.67,94.6,0,NORMAL,
6917,EN26113236,PALAK DILIP GANGWANI,93.7817,98.7645051,88.0,95.4,0,NORMAL,
6918,EN26386195,POOJA MUKUNDA WAGHMARE,93.7817,97.0151829,76.67,93.4,0,NORMAL,
6919,EN26172600,SANCHIT VAIBHAV NALAWADE,93.7817,99.4800962,86.0,92.6,0,NORMAL,
6920,EN26157789,ATHARVA KANTILAL SHIPKULE,93.7817,98.2385756,91.33,95.2,0,NORMAL,
6921,EN26111550,KARTIK RAMRAO POKALE,93.7817,97.2076054,87.0,89.6,0,NORMAL,
6922,EN26351854,DHAIRYA CHETAN BHAGAT,93.7817,97.0317477,80.67,86.2,0,NORMAL,
6923,EN26276114,ADITYA UTTEKAR,93.7817,98.8270624,81.67,94.4,0,NORMAL,
6924,EN26125547,KHWAJA IZZUDDIN KHWAJA NIZAMUDDIN,93.7817,96.433947,75.67,87.4,0,NORMAL,
6925,EN26213811,KANISHKA SANDIP MAHAJAN,93.7817,98.3237666,78.33,95.2,0,NORMAL,
6926,EN26386381,AKSHAD SACHIN BHABAD,93.7817,96.8036058,81.0,98.4,0,NORMAL,
6927,EN26140060,DHRUV MILIND BADE,93.7817,98.6108985,86.33,94.8,0,NORMAL,
6928,EN26489944,ARYAN KUMAR,93.7817,,79.67,94.16,0,NORMAL,
6929,EN26341425,VISHISHT SINGH,93.7817,96.8875086,84.67,83.2,0,NORMAL,
6930,EN26151157,ISHAAN SABHAJEET SHARMA,93.7817,96.1559696,77.0,95.2,0,NORMAL,
6931,EN26236420,PRANAV SHRIDHAR MANE,93.7817,35.508346,54.0,84.2,0,NORMAL,
6932,EN26275651,PALRECHA NIYUT SANDEEP,93.7817,96.3722342,73.67,97.2,0,NORMAL,
6933,EN26393243,ANUSHKA HARKESH MURAI,93.7817,99.3554861,82.67,93.5,0,NORMAL,
6934,EN26458169,PRIYANSHI SANJAYKUMAR UTANE,93.7737729,95.1933808,81.0,96.8,0,NORMAL,
6935,EN26152594,MITHIL MAYUR KORGAONKAR,93.7737729,98.8016073,76.0,98.0,0,NORMAL,
6936,EN26450813,RUSHABH RAJESH BOHARA,93.7737729,,78.67,84.0,0,NORMAL,
6937,EN26397636,AKANKSHA GUPTA,93.7737729,96.5496042,95.67,96.5,2,MEDIUM,CET_vs_HSC: CET is LOWER than expected by 56 rank pts; CET_vs_HSC_SSC: CET is LOWER than expected by 58 rank pts
6938,EN26197250,AYUSH SANDEEP SONAWANE,93.7737729,98.4879654,76.67,95.4,0,NORMAL,
6939,EN26280388,ANUSHKA AJIT POLAWAR,93.7737729,97.148562,71.33,92.0,0,NORMAL,
6940,EN26296682,SHUBH KEDAR CHANDAK,93.7737729,98.5823981,79.0,95.6,0,NORMAL,
6941,EN26286331,SOMNATH GOVIND MUNDE,93.7737729,91.7316874,83.67,89.5,0,NORMAL,
6942,EN26142012,NISHTHA PRASHANT ZALONE,93.7670922,99.0049751,80.33,93.8,0,NORMAL,
6943,EN26258269,SHREYASH VITTHAL WAKHARE,93.7670922,73.2041877,62.67,86.0,0,NORMAL,
6944,EN26232726,RISHIKESH ASHISH BORKAR,93.7670922,97.545444,70.67,87.6,0,NORMAL,
6945,EN26116271,HARSHAL SHARAD DEORE,93.7670922,96.3586613,87.0,89.2,0,NORMAL,
6946,EN26114286,RIDHIMAN RAJENDRA GAIKWAD,93.7670922,97.023932,79.67,94.5,0,NORMAL,
6947,EN26107063,CHIRAG SATISH SHETTY,93.7670922,96.1725088,80.0,95.4,0,NORMAL,
6948,EN26342363,HITANSH PANKAJ LANGAPURE,93.7670922,98.4446702,81.33,92.2,0,NORMAL,
6949,EN26346623,SHINDE PREMRAJ RAJESH,93.7670922,94.1913399,78.67,96.2,0,NORMAL,
6950,EN26365712,AYUSH MILIND MULE,93.7670922,96.8875086,75.0,95.0,0,NORMAL,
6951,EN26300159,SOHAM DNYANESHWAR SOLANKE,93.7670922,97.5890264,78.33,94.0,0,NORMAL,
6952,EN26134638,SHAURYA KISHORKUMAR SHINDE,93.7670922,99.5392491,85.0,96.8,0,NORMAL,
6953,EN26358280,MAVKAR BHAVESH KAILASH,93.7670922,97.0823011,78.0,89.6,0,NORMAL,
6954,EN26362914,KIRTI PARESH PRAJAPATI,93.7670922,98.1695568,89.0,98.0,0,NORMAL,
6955,EN26264981,AKRUTI TUSHAR CHANDAK,93.7670922,95.9054033,83.0,95.2,0,NORMAL,
6956,EN26122461,RISHIT PRADIPKUMAR KATRE,93.7670922,95.9065146,85.0,95.83,0,NORMAL,
6957,EN26104540,SRUSHTI NIKKHIEL YEWALE,93.7670922,97.0287935,71.67,98.4,0,NORMAL,
6958,EN26355877,SOHAM VINOD JADHAV,93.7670922,90.8566407,86.0,98.2,1,LOW,CET_vs_HSC_SSC: CET is LOWER than expected by 60 rank pts
6959,EN26167101,KARTHIK MANOJ NAIR,93.7670922,94.893496,83.33,87.6,0,NORMAL,
6960,EN26301289,SAMARTH SURESH TARGE,93.7670922,98.1161695,69.33,91.0,0,NORMAL,
6961,EN26251583,SHREYA KAILASHRAO AHER,93.7670922,97.3781998,74.33,97.2,0,NORMAL,
6962,EN26440917,VISHNU SHRIDHAR SAGDE,93.7670922,93.9486424,67.67,91.8,0,NORMAL,
6963,EN26101686,SHISHIR SHARMA,93.7670922,97.4499655,79.33,95.2,0,NORMAL,
6964,EN26366642,SANKET KOMDEO KOLE,93.7670922,96.9526275,78.33,95.6,0,NORMAL,
6965,EN26230173,KAVYA PRITESH SHAH,93.7619472,97.4499655,74.67,92.8,0,NORMAL,
6966,EN26370632,SUYASH DILIP BHOSALE,93.7619472,99.4867045,77.33,92.2,0,NORMAL,
6967,EN26122642,RAM GANESH WAGHMODE,93.7619472,94.8648367,64.0,86.8,0,NORMAL,
6968,EN26130133,ARIN SATISH AGRAWAL,93.7619472,94.4638756,76.0,82.8,0,NORMAL,
6969,EN26205782,OJAS DEVENDRA DHERE,93.7611517,99.9614116,97.67,97.4,1,LOW,CET_vs_JEE: CET is HIGHER than expected by 61 rank pts
6970,EN26414291,AARYA PARAG PANDIT,93.7611517,87.0084871,48.67,87.2,0,NORMAL,
6971,EN26113246,SHAURYA C SONWANE,93.7611517,97.9968203,80.67,82.4,0,NORMAL,
6972,EN26246691,VAIBHAV PRASAD KSHIRSAGAR,93.7611517,97.9497586,76.33,94.4,0,NORMAL,
6973,EN26427296,AMIT SANJU DOBLE,93.7611517,96.6453344,81.33,91.0,0,NORMAL,
6974,EN26131191,ARYAN KOTTAYIL SYAMSUNDAR,93.7611517,98.2016654,85.0,94.0,0,NORMAL,
6975,EN26228534,ISHAN SACHIN SALVI,93.7611517,99.0471821,90.0,88.83,0,NORMAL,
6976,EN26106273,ADITYA ATMARAM BHONG,93.7386692,51.5429844,46.33,60.0,0,NORMAL,
6977,EN26344220,AKSHAD GANESH ANDURE,93.7386692,98.5205065,77.67,97.4,0,NORMAL,
6978,EN26219703,TEJASWINI GANESH PATIL,93.7386692,99.0189208,86.67,96.2,0,NORMAL,
6979,EN26332932,VEDIKA SANTOSH TRIMBAKE,93.7386692,97.7919096,81.33,93.83,0,NORMAL,
6980,EN26370911,SANIKA ANANDARAO SHINDE,93.7386692,98.3540373,80.33,94.4,0,NORMAL,
6981,EN26204756,DEEP SATISH INGOLE,93.7386692,98.2533366,76.33,94.2,0,NORMAL,
6982,EN26389035,KETAN YOGESH PAWAR,93.7386692,96.9836582,67.67,91.33,0,NORMAL,
6983,EN26183825,AMOL KISHAN BIDWE,93.7386692,98.366571,79.33,95.2,0,NORMAL,
6984,EN26207646,AYAANA HITESH MAKKAR,93.7386692,96.4320221,82.33,93.0,0,NORMAL,
6985,EN26326714,KRUSHNA NITIN AWARI,93.7386692,97.1665783,72.67,89.6,0,NORMAL,
6986,EN26150334,OMKAR RAMESH BHENDEKAR,93.7386692,98.1351709,80.67,92.83,0,NORMAL,
6987,EN26119893,AARYA VINAYAK SHELAR,93.7386692,74.75684,54.33,94.8,0,NORMAL,
6988,EN26141773,VARAD SHIVNATH LONDHE,93.7386692,97.7924434,84.0,94.4,0,NORMAL,
6989,EN26194132,MORE PRANAV NITIN,93.7386692,96.7647625,75.67,92.0,0,NORMAL,
6990,EN26278059,SACHIN KANHAIYALAL PAL,93.7386692,99.1295073,85.0,92.6,0,NORMAL,
6991,EN26143662,SHAH SOHAM RAHUL,93.7355043,99.1425468,80.67,98.2,0,NORMAL,
6992,EN26120587,PRATHMESH TANAJI PAWAR,93.7355043,97.9497586,72.33,90.0,0,NORMAL,
6993,EN26172308,AKSHATT AGARWAL,93.7355043,99.0390182,91.67,93.2,0,NORMAL,
6994,EN26192316,RUGVED JITENDRA DAUNDKAR,93.7355043,99.0203625,96.0,97.0,0,NORMAL,
6995,EN26104953,ATHARVA SURYAKANT PAWAR,93.7355043,98.4569438,75.33,91.8,0,NORMAL,
6996,EN26484635,PALAK YADAV,93.7355043,,75.67,86.33,0,NORMAL,
6997,EN26457554,SANSKRUTI MAHENDRA CHOUDHARI,93.7355043,63.8128892,38.67,73.4,0,NORMAL,
6998,EN26214786,ADITYA SUNIL BHITE,93.7355043,99.2190806,84.0,89.2,0,NORMAL,
6999,EN26284565,SATOSE MANTHAN MADAN,93.7355043,97.4360937,76.33,94.4,0,NORMAL,
7000,EN26140298,SHIVAM GANESH PAWANKAR,93.7355043,98.8328486,63.0,88.0,0,NORMAL,
7001,EN26298276,SWAR SANKHLA,93.7355043,,97.67,96.2,0,NORMAL,
7002,EN26442408,VEDANT VINOD PANCHLINGE,93.7355043,73.7754477,43.0,78.6,0,NORMAL,
7003,EN26218946,AKSHAY ANURATH BHISE,93.7355043,57.5477401,63.0,86.0,0,NORMAL,
7004,EN26252413,HIMESH SOMINATH NIMBORE,93.7312579,,79.0,95.8,0,NORMAL,
7005,EN26212951,HARSH JIGNESH MEHTA,93.7312579,99.8803597,90.67,93.2,1,LOW,CET_vs_JEE: CET is HIGHER than expected by 58 rank pts
7006,EN26298151,JANHAVI AJIT SHARMA,93.7312579,97.4286115,94.33,97.2,0,NORMAL,
7007,EN26303795,YUVRAJ AMRUT MALI,93.7312579,99.0471853,76.33,90.0,0,NORMAL,
7008,EN26113489,BIRADAR KRISHNA VILAS,93.7312579,99.372715,81.67,92.8,0,NORMAL,
7009,EN26154387,FALGUNI PRAMOD SAHARE,93.7312579,97.8881988,86.0,91.6,0,NORMAL,
7010,EN26221483,JAYDIP BABURAV EKAD,93.7312579,96.4185055,67.0,94.0,0,NORMAL,
7011,EN26263887,PARTH BALBHIM GARJE,93.7312579,99.1739298,81.0,95.4,0,NORMAL,
7012,EN26360106,ARJUN UMESH RODAGE,93.7312579,98.7883959,83.33,91.2,0,NORMAL,
7013,EN26270324,SMITH SUNIL LADOLE,93.7312579,99.5156527,86.0,92.6,0,NORMAL,
7014,EN26106714,ALOK DILIP BURDE,93.7312579,99.398859,90.0,81.8,0,NORMAL,
7015,EN26319141,MORE PRASAD MAHESH,93.7312579,97.406218,68.67,95.0,0,NORMAL,
7016,EN26431254,RUCHIR GIRISH KATHALE,93.7142814,83.7431799,54.0,90.8,0,NORMAL,
7017,EN26292117,ATHARV GIRISH PUKALE,93.7142814,,78.67,93.8,0,NORMAL,
7018,EN26210353,ONKAR SUDHAKAR JADHAV,93.7142814,93.1255955,79.0,93.6,0,NORMAL,
7019,EN26155024,KARTIKESH AFRE,93.7142814,87.7884762,57.67,81.5,0,NORMAL,
7020,EN26370156,ADITYA BABLU PARMAR,93.7142814,99.5638918,83.0,89.33,0,NORMAL,
7021,EN26244888,OMKAR MARUTI DESAI,93.7142814,97.0317477,79.67,96.0,0,NORMAL,
7022,EN26283109,HARSHITA SINGH BHATI,93.7142814,,85.33,90.5,0,NORMAL,
7023,EN26255130,PATIL VAIBHAV VASANT,93.7142814,99.9527466,63.67,93.0,3,HIGH,CET_vs_JEE: CET is HIGHER than expected by 61 rank pts; CET_vs_HSC: CET is HIGHER than expected by 75 rank pts; CET_vs_HSC_SSC: CET is HIGHER than expected by 72 rank pts
7024,EN26130100,LATISH PRAMOD AMRUTKAR,93.7142814,99.1476881,81.33,95.2,0,NORMAL,
7025,EN26242906,ASAD SARFARAJ MULANI,93.7142814,77.8612083,39.33,81.0,0,NORMAL,
7026,EN26182648,KANISHK JITENDRA NAIK,93.7142814,93.3319332,65.0,75.2,0,NORMAL,
7027,EN26308672,ATHARAV RAVINDRA BHAT,93.7142814,99.2799835,84.67,90.8,0,NORMAL,
7028,EN26424475,PRACHI DHARMRAJ KAKADE,93.7142814,98.1672355,87.33,95.8,0,NORMAL,
7029,EN26477895,MANISH KUMAR,93.7142814,,71.33,92.0,0,NORMAL,
7030,EN26459573,IFHAM USAID MOHAMMAD AJMAL,93.7142814,93.4329298,76.0,92.8,0,NORMAL,
7031,EN26125454,SURYAWANSHI PEEYUSH MAROTIRAO,93.7137498,74.6275026,91.33,81.0,2,MEDIUM,CET_vs_HSC: CET is LOWER than expected by 69 rank pts; CET_vs_HSC_SSC: CET is LOWER than expected by 54 rank pts
7032,EN26345994,ANIKET NEEKHRA,93.7137498,,93.33,93.8,0,NORMAL,
7033,EN26233147,ANEESH MAHAPATRA,93.7137498,,54.33,77.0,0,NORMAL,
7034,EN26188407,UJWAL VIJAY BHAMBERE,93.7137498,98.4879654,92.67,94.0,0,NORMAL,
7035,EN26299422,VIDHATE PRANAV NARAYAN,93.7137498,97.7845891,73.67,76.4,0,NORMAL,
7036,EN26109036,AARYA MAHESH BHAMRE,93.7137498,99.6443286,73.0,93.0,2,MEDIUM,CET_vs_HSC: CET is HIGHER than expected by 55 rank pts; CET_vs_HSC_SSC: CET is HIGHER than expected by 53 rank pts
7037,EN26348262,ADITYA PRAKASH,93.7137498,,83.0,95.2,0,NORMAL,
7038,EN26451002,NEERAV TAKKAR,93.7137498,97.1170667,87.0,93.83,0,NORMAL,
7039,EN26330501,ADITYA SHRIKANT SHINDE,93.7137498,99.2439457,66.67,90.2,0,NORMAL,
7040,EN26273434,AVANI BHUSHAN DHULE,93.7137498,98.9608845,87.67,94.0,0,NORMAL,
7041,EN26280535,SUMIT RAJENDRA WALUJKAR,93.7137498,94.4720497,74.0,82.6,0,NORMAL,
7042,EN26141372,RUSHIL SURESHCHANDRA BANKHEDE,93.7137498,94.0032188,70.67,81.2,0,NORMAL,
7043,EN26434766,ANUSHKA SATISH CHAVRE,93.7137498,93.757466,75.33,94.6,0,NORMAL,
7044,EN26203184,ABHAY RAMDAS KANKATE,93.7137498,96.5024907,80.0,82.2,0,NORMAL,
7045,EN26252762,ARYAN SUNIL SHUKLA,93.7137498,96.4812287,67.33,86.0,0,NORMAL,
7046,EN26377139,SARTHAK GANESH JADHAV,93.708262,92.3740511,92.0,85.4,1,LOW,CET_vs_HSC: CET is LOWER than expected by 64 rank pts
7047,EN26228545,YASHRAJ ASHOK MAKARIYE,93.708262,99.6091136,85.33,93.0,0,NORMAL,
7048,EN26194158,HARSH KEDAR DATAR,93.708262,98.451797,79.67,98.0,0,NORMAL,
7049,EN26205527,SHIV RANDHIRSINGH PAWAR,93.708262,94.9408232,76.67,89.6,0,NORMAL,
7050,EN26410754,OMKAR MANGESH DHUMANE,93.708262,92.8241551,63.67,94.6,0,NORMAL,
7051,EN26164937,ANSHU CHAPARA,93.708262,96.4033308,78.33,96.0,0,NORMAL,
7052,EN26355497,ROHIT GOPAL SHINDE,93.708262,96.7828418,73.67,83.4,0,NORMAL,
7053,EN26180792,VAISHNAVI SANJAY MISHRA,93.708262,96.7149758,79.0,93.6,0,NORMAL,
7054,EN26349238,DIPANSHU RADHESHYAM KATHANE,93.708262,87.0771468,66.33,81.66,0,NORMAL,
7055,EN26267415,ADITYA ANKUSH RATHOD,93.708262,56.2435713,75.33,81.5,0,NORMAL,
7056,EN26201459,NIV KANERIA,93.708262,,78.33,81.8,0,NORMAL,
7057,EN26242859,VEER YOGESH DESHPANDE,93.7030939,94.7100963,69.67,97.4,0,NORMAL,
7058,EN26273184,NEELRAJ VISHWANATH MHATRE,93.7030939,97.9005056,82.67,92.16,0,NORMAL,
7059,EN26362814,SYEDA SANA ANJUM TAMEEZUDDIN SHAH,93.7030939,,70.0,95.4,0,NORMAL,
7060,EN26367812,SOHAM RAJESH PATIL,93.7030939,99.0390182,84.67,95.0,0,NORMAL,
7061,EN26461844,RISHA VISHAL KARNJKAR,93.7030939,95.4060578,81.33,94.5,0,NORMAL,
7062,EN26199820,PRATHMESH PRAVIN DAYMA,93.7030939,94.1906967,87.33,94.6,0,NORMAL,
7063,EN26243156,NIRLEP RAJKUMAR YADAV,93.6809778,98.6729671,73.33,82.2,0,NORMAL,
7064,EN26354828,HIMANSHU RAJESH DHIRAN,93.6809778,97.6294546,76.0,90.8,0,NORMAL,
7065,EN26290168,PARTH SUDARSHAN BUBANE,93.6809778,93.3554944,73.33,87.66,0,NORMAL,
7066,EN26403432,KUMAR PRIYANSHU PREMCHAND,93.6809778,97.7035859,89.67,88.0,0,NORMAL,
7067,EN26438726,DEEPAK RANJEET JHA,93.6809778,89.6568852,68.0,72.2,0,NORMAL,
7068,EN26401246,AARYA ASHISH BHOSALE,93.6809778,42.1633326,44.67,79.2,0,NORMAL,
7069,EN26176730,PRANITI SHIVAJI DHERE,93.6809778,87.6469672,88.67,96.4,2,MEDIUM,CET_vs_HSC: CET is LOWER than expected by 60 rank pts; CET_vs_HSC_SSC: CET is LOWER than expected by 64 rank pts
7070,EN26295150,AARNAV NEERAJ BHOYAR,93.6614091,96.4542259,86.33,95.16,0,NORMAL,
7071,EN26295869,SAIRAJ SACHIN AREKAR,93.6614091,69.0271267,81.67,77.8,0,NORMAL,
7072,EN26168567,PIYUSH VAIBHAV PATIL,93.6614091,98.6206102,85.33,95.16,0,NORMAL,
7073,EN26273157,SACHIN DINESH GHARTE,93.653961,98.8167764,79.0,90.16,0,NORMAL,
7074,EN26415583,AJAY VISHNU GALANDE,93.653961,99.4543918,79.0,96.6,0,NORMAL,
7075,EN26158804,SIDDHANT SHARMA,93.653961,98.8739213,80.0,90.4,0,NORMAL,
7076,EN26300257,DHRUV SHRIVASTAVA,93.653961,94.6049213,71.33,84.8,0,NORMAL,
7077,EN26334645,RASHI VINAYAK PUSDEKAR,93.653961,96.4449717,86.0,95.0,0,NORMAL,
7078,EN26266470,KARAN KANOJ DEBNATH,93.653961,98.3131595,72.33,86.8,0,NORMAL,
7079,EN26232745,ARYAN RAJU RIKKAL,93.653961,91.3857287,53.0,91.0,0,NORMAL,
7080,EN26107835,SOHAM SATYAJIT PATIL,93.653961,98.003413,74.0,93.66,0,NORMAL,
7081,EN26257318,MANAS OMPRAKASH ADLING,93.653961,96.4542259,80.0,96.2,0,NORMAL,
7082,EN26202483,SYED RAHBER SYED SHOEB,93.653961,,58.0,83.2,0,NORMAL,
7083,EN26106639,AARUSH ARUN BHILARE,93.653203,15.1948779,58.0,86.66,0,NORMAL,
7084,EN26153428,ARNISH GOKUL SONJE,93.653203,97.440273,81.0,84.0,0,NORMAL,
7085,EN26269449,SUJAL SACHIN MANDLECHA,93.653203,99.0189208,80.33,89.2,0,NORMAL,
7086,EN26121150,KHEDKAR POOJA ARUN,93.653203,99.1739298,92.67,94.2,0,NORMAL,
7087,EN26339772,PRAJWAL PRAKASH RAMTEKE,93.653203,98.0921502,75.0,92.0,0,NORMAL,
7088,EN26257371,SHREYANSH MISRA,93.653203,97.3781998,93.0,95.6,0,NORMAL,
7089,EN26100031,SHIKHAR JAISWAL,93.653203,97.0991989,74.67,94.8,0,NORMAL,
7090,EN26173701,SAMEER RAJ,93.653203,99.4547232,81.0,90.4,0,NORMAL,
7091,EN26101921,NEEL VIJAY CHAVAN,93.653203,98.935393,74.0,93.0,0,NORMAL,
7092,EN26253913,VIRAJ RAVINDRA DUBAL,93.653203,99.1583618,72.67,89.0,0,NORMAL,
7093,EN26233836,SATYAM BHAGWAN SHELAR,93.653203,96.9234547,79.0,93.0,0,NORMAL,
7094,EN26280878,SWAYAM MANGESHRAO DHOTE,93.6365288,49.6322266,44.67,69.4,0,NORMAL,
7095,EN26455713,ADEEB SIDDIEQ SAYYED,93.6365288,75.1493199,48.67,75.6,0,NORMAL,
7096,EN26352040,SUJAL AMIT BHAISWAR,93.6365288,98.3540373,72.67,96.0,0,NORMAL,
7097,EN26116365,DHIRAJ CHANDU PATIL,93.6365288,92.5267651,84.0,91.4,0,NORMAL,
7098,EN26124368,VEDIKA MADAN NAGARE,93.6365288,99.6340419,83.33,93.8,0,NORMAL,
7099,EN26337252,ANURAG SHIMPI,93.6365288,96.79592,65.33,87.4,0,NORMAL,
7100,EN26182689,DHOBLE OM KESHAV,93.6365288,91.9525714,85.33,93.0,0,NORMAL,
7101,EN26373305,AARAMBH MISHRA,93.6325434,99.2441336,81.0,97.6,0,NORMAL,
7102,EN26293727,PRATYUSH SARAF,93.6325434,,51.0,90.5,0,NORMAL,
7103,EN26265350,PRAMOD DATTATRAY MALI,93.6325434,98.5598385,75.0,85.2,0,NORMAL,
7104,EN26162801,DHRUV CHANDRASHEKHAR PUJARI,93.6325434,46.7128425,58.33,88.8,0,NORMAL,
7105,EN26291851,SANVI SHARAN,93.6325434,99.4005994,92.33,95.66,0,NORMAL,
7106,EN26100545,MOHAMMAD AHMAD AYUB,93.6325434,98.9525497,78.33,88.66,0,NORMAL,
7107,EN26345497,RIYA MAULIK VIRA,93.6325434,98.8626758,84.0,99.0,0,NORMAL,
7108,EN26253629,AARYA RAJESH HADAWALE,93.6325434,91.0668866,73.67,92.0,0,NORMAL,
7109,EN26181968,RAJIT VENKATESH,93.6325434,98.196704,88.33,98.16,0,NORMAL,
7110,EN26188244,JUEE SHARAD GAWANDE,93.6325434,95.84196,84.0,94.8,0,NORMAL,
7111,EN26112395,PURVA MANGESH GODAGE,93.6325434,97.0151829,84.0,86.6,0,NORMAL,
7112,EN26457340,VAISHNAVI GUPTA,93.6325434,,77.0,92.83,0,NORMAL,
7113,EN26185574,ABHISHEKH ANIL KHANDAGALE,93.6325434,99.9116268,95.33,94.6,1,LOW,CET_vs_JEE: CET is HIGHER than expected by 60 rank pts
7114,EN26134962,PARTH PRATEEK KHARE,93.6270536,95.881079,78.0,83.0,0,NORMAL,
7115,EN26165071,AGASTYA VISHWANATH SAWANT,93.6270536,99.3045416,82.67,96.2,0,NORMAL,
7116,EN26251710,PRATHAMESH NITIN SHINDE,93.6270536,99.9230325,98.67,94.0,1,LOW,CET_vs_JEE: CET is HIGHER than expected by 61 rank pts
7117,EN26299153,ATHARVA VINAY PATIL,93.6270536,97.9285523,71.0,90.33,0,NORMAL,
7118,EN26461118,SASWATA PANDA,93.6270536,,74.33,94.8,0,NORMAL,
7119,EN26167685,ROHIT RAJESH LONDHE,93.6270536,98.511518,77.67,95.28,0,NORMAL,
7120,EN26463193,SHOBHIT BALKRISHNA TIWARI,93.6270536,96.2409787,81.67,85.2,0,NORMAL,
7121,EN26219077,SARTHAK MAHENDRA DEORUKHKAR,93.6270536,98.4431408,86.67,89.4,0,NORMAL,
7122,EN26300653,VAISHNAVI HANUMANT KHOND,93.6236324,99.3275256,90.33,98.6,0,NORMAL,
7123,EN26394540,DERIA VRITI JAYANTIBHAI,93.6236324,99.4684566,91.67,94.33,0,NORMAL,
7124,EN26225561,HARSHAL SATYABHAN SANGLE,93.6236324,96.7647625,90.33,95.16,0,NORMAL,
7125,EN26276252,TAJMEEN SHAKIL ATTAR,93.6236324,98.8957902,74.33,92.0,0,NORMAL,
7126,EN26336780,OJAS BIPIN ODHEKAR,93.6236324,98.8270624,87.0,97.5,0,NORMAL,
7127,EN26292072,PALASH SURESH NANNAWARE,93.6236324,99.0804687,83.0,95.8,0,NORMAL,
7128,EN26210428,AKSHAY SHRIDHAR HEBBAR,93.6183911,97.6294546,75.33,92.16,0,NORMAL,
7129,EN26104222,TEJAS PATKAR,93.6183911,98.3788396,76.33,91.6,0,NORMAL,
7130,EN26150318,MANUSHREE MAHESH VARMA,93.6183911,98.2786369,81.67,98.0,0,NORMAL,
7131,EN26210336,AMAN SACHIN MANDAVGADE,93.6183911,98.5426548,80.33,89.4,0,NORMAL,
7132,EN26191895,AKMAL AMJADALI KHATIB MULANI,93.6183911,86.560206,48.33,79.6,0,NORMAL,
7133,EN26251245,SWANANDI PURKAR,93.6183911,97.7919096,75.33,82.83,0,NORMAL,
7134,EN26454572,RASHI,93.6183911,,86.0,83.4,0,NORMAL,
7135,EN26196454,SHUBHAM VIPUL KARDE,93.6183911,98.5858794,82.67,90.2,0,NORMAL,
7136,EN26294171,SUYASH KANITKAR,93.6183911,98.7235067,90.67,95.5,0,NORMAL,
7137,EN26113136,PRAVINKUMAR GOPAL LANJE,93.6183911,98.8209363,86.67,84.0,0,NORMAL,
7138,EN26255629,ARSHISH ABHAY SHRIRANGWAR,93.6183911,96.5496042,73.67,93.2,0,NORMAL,
7139,EN26123189,SARTHAK CHANDRAKANT WADKAR,93.6183911,96.5594281,61.33,92.2,0,NORMAL,
7140,EN26306909,SARTHAK KIRAN JADHAV,93.6183911,97.8835793,74.0,80.2,0,NORMAL,
7141,EN26254229,KEYUR NILESH TENDULKAR,93.6183911,98.4599733,87.33,96.3,0,NORMAL,
7142,EN26183388,ANIKET GOVIND GORE,93.6183911,94.9572138,79.33,95.8,0,NORMAL,
7143,EN26373359,KAUSHAL MANOJ BOOB,93.6183911,96.7919146,79.33,90.8,0,NORMAL,
7144,EN26279294,PARA SANJAY DHAGE,93.6183911,95.2179107,80.0,95.8,0,NORMAL,
7145,EN26232448,PRASENJEET SIDDHARTH AHIRE,93.6183911,92.0615223,91.67,95.8,2,MEDIUM,CET_vs_HSC: CET is LOWER than expected by 64 rank pts; CET_vs_HSC_SSC: CET is LOWER than expected by 65 rank pts
7146,EN26205344,SHREYASH ANANT PAGADE,93.6183911,59.950946,39.67,79.6,0,NORMAL,
7147,EN26467258,SHREYASH BHARAT BONGANE,93.6183911,90.1218002,80.33,79.8,0,NORMAL,
7148,EN26414943,ADITYA SHIVPRAKASH SHARMA,93.6161545,,45.33,75.0,0,NORMAL,
7149,EN26341063,KIRTI ASHOK PANSARE,93.6161545,98.6836998,89.0,96.6,0,NORMAL,
7150,EN26362457,SHRAVANI NANASAHEB SHINDE,93.6161545,96.9840554,78.67,94.2,0,NORMAL,
7151,EN26170414,SHRAWANI POHANRAJ LUTE,93.6161545,97.023932,84.33,92.0,0,NORMAL,
7152,EN26273035,PIYUSH SATISH PARDESHI,93.6161545,95.8699876,87.33,94.2,0,NORMAL,
7153,EN26224875,SHAURYA DATTANAND SONWALKAR,93.6161545,96.3919151,76.67,88.4,0,NORMAL,
7154,EN26112445,ARYAN JOSHI,93.6161545,95.862761,89.67,89.6,0,NORMAL,
7155,EN26410572,JOSHI AMIT BHAGWATILAL,93.6161545,98.9010239,52.0,93.6,0,NORMAL,
7156,EN26298382,NAITIK GUPTA,93.6161545,,83.0,90.6,0,NORMAL,
7157,EN26357778,VEER SWAROOP,93.6161545,99.3139932,92.0,97.33,0,NORMAL,
7158,EN26108573,LAKSHIT SHARMA,93.6118464,88.0941637,70.0,98.6,0,NORMAL,
7159,EN26485718,ANSHIKA KHARB,93.6118464,,93.33,96.5,0,NORMAL,
7160,EN26162139,KAUHSIK KOTHA,93.6118464,90.8134561,79.67,90.66,0,NORMAL,
7161,EN26203843,ATHARV MAHESH PATIL,93.6118464,91.8455822,77.0,94.8,0,NORMAL,
7162,EN26248884,SARJE VYANKATESH SUDHAKAR,93.6118464,95.721604,58.67,87.0,0,NORMAL,
7163,EN26116439,YATHARTH JITENDRA CHAVAN,93.6118464,97.5707384,82.67,94.4,0,NORMAL,
7164,EN26375299,VEDANT SANJAYRAO WAGHMARE,93.6118464,95.3082494,86.67,94.4,0,NORMAL,
7165,EN26114215,PATIL DHRUV SHRIKANT,93.6118464,90.3566145,81.0,89.2,0,NORMAL,
7166,EN26180162,PARVEZ RAHIL,93.6118464,,83.33,87.16,0,NORMAL,
7167,EN26291464,SURYANSH SHARMA,93.6118464,96.0805719,76.0,92.33,0,NORMAL,
7168,EN26339970,SUBODH SANTOSH DHAWADE,93.6118464,97.6214843,88.67,96.2,0,NORMAL,
7169,EN26159211,MEKHLA KATARIYA,93.6118464,,77.67,95.0,0,NORMAL,
7170,EN26361551,SHANTANU SHRIKRISHNA TEJANKAR,93.6118464,95.3686007,94.0,87.0,1,LOW,CET_vs_HSC: CET is LOWER than expected by 61 rank pts
7171,EN26368563,SIDDHARTH ARUN SINGH,93.6118464,99.0597598,83.0,89.8,0,NORMAL,
7172,EN26402053,ADITYA SUNIL HAGE,93.6105659,83.9283276,78.67,81.0,0,NORMAL,
7173,EN26238780,ABHISHEK GHOSH,93.6105659,98.2635235,80.33,88.33,0,NORMAL,
7174,EN26432372,MOHAMMED ARAFAT MOHD SALIM FAROOQUI,93.6105659,93.7694824,49.33,70.8,0,NORMAL,
7175,EN26491353,HARSH AMOL SARODE,93.6105659,90.112628,74.67,63.6,0,NORMAL,
7176,EN26189005,AARYA PANKAJ PATIL,93.6105659,98.546257,74.67,92.2,0,NORMAL,
7177,EN26362922,SIDDHESH SUNILRAO MULI,93.6105659,97.8702175,67.0,93.4,0,NORMAL,
7178,EN26323027,TEJAL ARORA,93.6105659,97.2159208,85.33,96.6,0,NORMAL,
7179,EN26283069,AARYA BHAMBHANI,93.6105659,98.9695496,89.0,97.16,0,NORMAL,
7180,EN26302059,ATHARVA SANJAY GHAVAT,93.6105659,97.8729143,82.67,92.0,0,NORMAL,
7181,EN26467274,JOSHUA KOMBAN,93.6105659,97.286596,78.0,96.6,0,NORMAL,
7182,EN26220806,PARTH VIKRANT PATIL,93.6105659,97.1576493,73.67,94.6,0,NORMAL,
7183,EN26128899,SHUBHAM HEMANT TAMBE,93.6105659,69.8418157,41.67,74.2,0,NORMAL,
7184,EN26263342,PATHAN FAUJIYA FAROOKH,93.6105659,92.9541398,86.0,89.8,0,NORMAL,
7185,EN26432019,MOKSH AMIT JAIN,93.6022253,97.8054608,77.33,85.2,0,NORMAL,
7186,EN26307672,SAMARTH GAJANANRAO KADAM,93.6022253,99.1326609,78.67,91.5,0,NORMAL,
7187,EN26411165,RACHIT JAIN,93.6022253,,96.0,92.6,0,NORMAL,
7188,EN26196304,SHUBHAM MAHADEV NIRMALE,93.6022253,92.7517958,60.67,92.2,0,NORMAL,
7189,EN26196525,SANKET SANJAY MORE,93.6022253,83.769652,85.33,97.4,1,LOW,CET_vs_HSC_SSC: CET is LOWER than expected by 61 rank pts
7190,EN26151679,UDAY DAHAKE,93.6022253,99.3416992,79.33,88.83,0,NORMAL,
7191,EN26180285,AMEYA VINOD DUSANE,93.6022253,96.5674269,88.67,95.66,0,NORMAL,
7192,EN26202766,RAJESH BHARAT GHOLAP,93.6022253,98.5074053,75.33,88.8,0,NORMAL,
7193,EN26196711,DEVANSH SHIVDAS KUKADKAR,93.6022253,95.4161223,80.33,90.2,0,NORMAL,
7194,EN26414919,VED VIJAY GEDAM,93.6022253,94.3811959,76.0,95.8,0,NORMAL,
7195,EN26142433,SHRAVANI SANDEEP SHINDE,93.6022253,97.6214843,74.67,98.4,0,NORMAL,
7196,EN26391686,GARJANA NAMDEO GARKAL,93.6022253,67.458483,71.67,87.2,0,NORMAL,
7197,EN26203448,RENUKA PRAMOD JAISWAL,93.6022253,95.073949,62.67,91.8,0,NORMAL,
7198,EN26414670,KRRISH MUKESH KUDTARKAR,93.6022253,,74.67,97.0,0,NORMAL,
7199,EN26389844,SWARANI MAHESH MOHITE,93.5658639,98.626659,79.0,96.2,0,NORMAL,
7200,EN26435216,SATYAM CHORGHADE,93.5658639,97.077156,83.0,87.2,0,NORMAL,
7201,EN26385166,PREM NAVNATH SABLE,93.5658639,97.3130965,58.67,92.4,0,NORMAL,
7202,EN26147776,CHIRAYU ASHISH GADKARI,93.5658639,96.0041408,71.0,87.0,0,NORMAL,
7203,EN26305611,MADHUKAR DATTARAM TATE,93.5658639,94.6011366,62.0,86.0,0,NORMAL,
7204,EN26255524,PYANSHU SHAILENDRA VISHWAKARMA,93.5643174,97.4286115,64.33,83.8,0,NORMAL,
7205,EN26255346,PAHEL MONISH GHOLANI,93.5643174,98.7920754,86.33,98.83,0,NORMAL,
7206,EN26226821,DIVYANSH PANDEY,93.5643174,98.6208828,71.67,89.6,0,NORMAL,
7207,EN26118787,SURBHI AMIT BHIDE,93.5643174,96.7673658,72.67,96.2,0,NORMAL,
7208,EN26273501,OMKAR SHRIDHAR PATIL,93.5643174,96.5079478,75.33,95.4,0,NORMAL,
7209,EN26305266,VEDANT VIKAS TANDALE,93.5643174,99.1749938,85.33,91.8,0,NORMAL,
7210,EN26314640,HARIOM NAJUKRAO THAKARE,93.5643174,99.6989695,89.67,96.4,0,NORMAL,
7211,EN26461019,RAJDEEP,93.5643174,,86.0,94.8,0,NORMAL,
7212,EN26335893,PRANAV PRADEEP RAWOOL,93.5643174,99.8131278,87.0,95.8,0,NORMAL,
7213,EN26392142,URVEE ANIL KAD,93.5643174,92.5914149,96.0,98.2,2,MEDIUM,CET_vs_HSC: CET is LOWER than expected by 69 rank pts; CET_vs_HSC_SSC: CET is LOWER than expected by 74 rank pts
7214,EN26228680,CHETAN SRINIVASA RAO NARSUPALLI,93.5643174,99.2190806,90.33,96.16,0,NORMAL,
7215,EN26258059,UDAYANRAJ SANJAY SAWANT PATIL,93.5643174,97.5738558,74.0,84.6,0,NORMAL,
7216,EN26380474,KUSH HARISH BHANGALE,93.5643174,91.4806522,85.0,93.6,0,NORMAL,
7217,EN26330004,TANVI BANDU PAWAR,93.5643174,97.4328274,94.33,94.2,0,NORMAL,
7218,EN26397683,YASHRAJ RAMESH WANVE,93.5643174,97.1665783,71.33,85.4,0,NORMAL,
7219,EN26366047,KETAKEE KIRAN PATIL,93.5633815,98.3776334,72.0,98.0,0,NORMAL,
7220,EN26119728,TANMAY KISHOR KADAM,93.5633815,68.4225402,38.0,87.4,0,NORMAL,
7221,EN26247692,ADITYA DEVENDRA GIRASE,93.5633815,97.259303,82.33,93.4,0,NORMAL,
7222,EN26482148,KANISHKA JAIN,93.5633815,,78.0,82.33,0,NORMAL,
7223,EN26238761,DAS RRIKTA ANIRBAN,93.5633815,96.7647625,65.67,86.42,0,NORMAL,
7224,EN26224759,ARYAN NITIN SATHE,93.5633815,99.2534423,85.67,92.6,0,NORMAL,
7225,EN26118951,RUSHIKESH JAIDEEP AWARI,93.5633815,95.4830918,73.33,93.6,0,NORMAL,
7226,EN26194994,UTKARSH DHANAJI GALANDE,93.5633815,98.3571807,82.0,92.0,0,NORMAL,
7227,EN26324204,KRISH GUNVANT RAUT,93.5633815,97.9497586,89.0,92.6,0,NORMAL,
7228,EN26329250,GHOLKAR ARNAV ABHIJEET,93.5633815,99.4614349,82.67,92.8,0,NORMAL,
7229,EN26113053,PRITAM ATUL SURVASE,93.5633815,53.8067479,58.0,74.2,0,NORMAL,
7230,EN26134448,SHREETOSH PARAG SALUNKE,93.5633815,99.23538,74.33,95.0,0,NORMAL,
7231,EN26276536,ROSHAN DNYANESHWAR PATIL,93.5633815,98.9613527,82.33,86.8,0,NORMAL,
7232,EN26105945,TRUPTI DILIP LILHARE,93.5633815,94.6959625,69.67,94.8,0,NORMAL,
7233,EN26280599,SAMYAK VENKURAM KAMBLE,93.5633815,95.7888266,72.0,93.0,0,NORMAL,
7234,EN26380528,SIDDHI SATISH DEOKATE,93.5540341,,57.33,88.4,0,NORMAL,
7235,EN26125239,SHUBH MURARI MUNDADA,93.5540341,98.3477163,96.33,89.8,0,NORMAL,
7236,EN26297729,SARVESH SACHIN DABHADE,93.5540341,98.6206102,83.0,91.8,0,NORMAL,
7237,EN26134275,DHRUV CHIRAG SHAH,93.5540341,98.72142,75.67,92.66,0,NORMAL,
7238,EN26295357,KADAM ARYAN AJIT,93.5540341,99.22161,79.67,92.2,0,NORMAL,
7239,EN26136272,ATHARV GAJANAN WARADE,93.5540341,98.3571807,93.33,90.2,0,NORMAL,
7240,EN26449630,PARTH NENAWA,93.5540341,,82.67,86.4,0,NORMAL,
7241,EN26270539,SANEEDH SANJAY DOSHI,93.5540341,98.4678322,78.33,95.0,0,NORMAL,
7242,EN26391850,DHRUV SHRIKANT BIYANI,93.5540341,97.2913667,71.67,92.6,0,NORMAL,
7243,EN26205479,ANUBHAV TIWARI,93.5540341,98.3688614,76.67,88.33,0,NORMAL,
7244,EN26120957,AKHIL ANILKUMAR,93.5540341,97.0049392,88.67,97.6,0,NORMAL,
7245,EN26115896,KARTIK SATISH SHELKE,93.5540341,96.3586613,88.67,90.5,0,NORMAL,
7246,EN26248093,SONIYA UPENDRA ABHYANKAR,93.5540341,99.3045416,86.33,94.4,0,NORMAL,
7247,EN26170420,PIYUSH NITIN KACHAVE,93.5540341,47.7838912,66.67,88.6,0,NORMAL,
7248,EN26100242,KEDAR NAGESH VIBHUTE,93.5540341,99.3685902,76.67,98.6,0,NORMAL,
7249,EN26431898,UTKARSH SUNIL WANJARI,93.5540341,58.1324148,40.0,64.8,0,NORMAL,
7250,EN26251824,BHUVANESHWARI ATUL PUTHAN,93.5540341,95.6554616,78.33,92.0,0,NORMAL,
7251,EN26300481,YASH PREMRAJ PAWAR,93.5449259,99.5328194,93.0,92.4,0,NORMAL,
7252,EN26445523,PRIYANKA SINGH,93.5449259,,83.0,96.0,0,NORMAL,
7253,EN26401150,PANDURANG MAROTI NARAWATE,93.5449259,98.9795918,67.33,93.0,0,NORMAL,
7254,EN26216432,HARIOM ASHISH JUNEJA,93.5449259,97.8587922,82.33,87.4,0,NORMAL,
7255,EN26393853,SAISH DATTKUMAR CHAVAN,93.5449259,98.4131253,83.0,93.6,0,NORMAL,
7256,EN26214119,SANSKAR VIJAY HUNDARE,93.5449259,97.0213585,74.67,90.0,0,NORMAL,
7257,EN26238267,RISHI SANTOSH BASTIA,93.5449259,97.9731032,79.33,94.83,0,NORMAL,
7258,EN26228163,SHLOK GHANSHYAM DHOOT,93.5449259,,73.67,97.0,0,NORMAL,
7259,EN26227512,TEJAS KESHAV DEORE,93.5449259,48.1318449,83.33,85.8,0,NORMAL,
7260,EN26258468,AYUSH LALITKUMAR BAJAJ,93.5449259,98.5058661,83.0,96.0,0,NORMAL,
7261,EN26116468,VANSH SURESHKUMAR PANCHAL,93.5260679,60.6803919,46.0,69.6,0,NORMAL,
7262,EN26198477,VEDANT DEVANAND PANDHARE,93.5260679,69.9192754,58.33,77.8,0,NORMAL,
7263,EN26176535,ABHISHT BHARADWAJ,93.5260679,99.0273038,78.33,92.8,0,NORMAL,
7264,EN26445337,RISHABH RAMAKANT JAKHOTIA,93.5260679,97.9285523,76.67,90.0,0,NORMAL,
7265,EN26326359,MALAY KAIVAL MISTRY,93.5260679,73.2908824,65.33,88.83,0,NORMAL,
7266,EN26321037,SAI GAJANAN SANAP,93.5260679,82.3704723,90.67,91.6,2,MEDIUM,CET_vs_HSC: CET is LOWER than expected by 66 rank pts; CET_vs_HSC_SSC: CET is LOWER than expected by 58 rank pts
7267,EN26372319,ANUSHKA ANKUSH PAWAR,93.5260679,98.9525497,77.0,98.4,0,NORMAL,
7268,EN26199321,ANUSHKA SOMESHWAR DHUMAL,93.5260679,97.9005056,87.67,92.6,0,NORMAL,
7269,EN26189383,KHALID AZMATULLAH,93.5260679,99.1359803,77.67,90.8,0,NORMAL,
7270,EN26291940,RAJ BHIMA JADHAV,93.5260679,98.545009,78.0,87.0,0,NORMAL,
7271,EN26286246,SHAMBHURAJE PRAMOD KAKADE,93.5260679,97.3257727,86.0,97.4,0,NORMAL,
7272,EN26252773,ATHARVA CHETAN BHOSALE,93.5260679,97.98376,87.67,94.0,0,NORMAL,
7273,EN26104747,HARSHAD SANJAY NANDANWAR,93.5111447,98.5690295,82.37,89.0,0,NORMAL,
7274,EN26237445,RAJ VISHWANATH VAITY,93.5111447,98.8270624,78.0,94.9,0,NORMAL,
7275,EN26238177,CHINMAY HEMANT PATIL,93.5111447,84.2401501,56.67,88.8,0,NORMAL,
7276,EN26322597,VEDANT VIJAY SHETE,93.5111447,72.8488305,63.67,73.4,0,NORMAL,
7277,EN26163161,DAKSHESH SHASHIKANT APKARE,93.5111447,97.2913667,74.67,93.2,0,NORMAL,
7278,EN26338875,ADARSH MANOJ SINGH,93.5111447,99.0374182,88.33,94.8,0,NORMAL,
7279,EN26132802,SHIVAM KUMAR PRAJAPATI,93.5111447,,92.33,82.4,0,NORMAL,
7280,EN26408601,SIDDHANSH LAXMAN RAKH,93.5111447,96.4542259,61.33,85.8,0,NORMAL,
7281,EN26273927,JAWANJAL PRANAV SHIVAJI,93.5111447,95.8307555,92.33,87.6,1,LOW,CET_vs_HSC: CET is LOWER than expected by 56 rank pts
7282,EN26207687,SANKET HARISHCHANDRA BAGUL,93.5024608,52.8560653,90.67,66.4,2,MEDIUM,CET_vs_HSC: CET is LOWER than expected by 70 rank pts; CET_vs_HSC_SSC: CET is LOWER than expected by 55 rank pts
7283,EN26462718,SWARAJ SATISH PATIL,93.5024608,98.6186186,77.33,94.6,0,NORMAL,
7284,EN26428691,SANDHU RAJVEER SINGH GURJEET SINGH,93.5024608,98.991977,77.0,92.8,0,NORMAL,
7285,EN26174463,SHRUTI CHANDRAKANT TEKADE,93.5024608,99.6230044,90.33,94.8,0,NORMAL,
7286,EN26360109,MURARI BHORE,93.5024608,95.4536104,75.67,90.2,0,NORMAL,
7287,EN26180319,ANSHUL HEMCHANDRA SALODKAR,93.5024608,98.2126899,82.0,90.4,0,NORMAL,
7288,EN26265030,REETIK UDAYPRATAP YADAV,93.5024608,97.077156,77.67,86.6,0,NORMAL,
7289,EN26179165,HANISH RAMESHWAR KHAPEKAR,93.4955183,97.4460796,86.0,91.2,0,NORMAL,
7290,EN26290513,ADITYA AJIT JOSHI,93.4955183,92.2402301,79.67,92.6,0,NORMAL,
7291,EN26256131,SHIJAN ASLAM KHAN,93.4955183,99.1888167,88.67,96.6,0,NORMAL,
7292,EN26155740,ZAMBARE VEDANT RAHUL,93.4955183,99.1107033,84.67,87.0,0,NORMAL,
7293,EN26301465,MITHIL RAMESH SHRIYAN,93.4955183,97.5899394,85.33,89.6,0,NORMAL,
7294,EN26330942,SHRUTIKA CHANDRAKANT SURYAWANSHI,93.4955183,95.978417,71.33,98.2,0,NORMAL,
7295,EN26214812,RAJVARDHAN SUJIT THORAT,93.4955183,99.4612563,69.0,93.2,0,NORMAL,
7296,EN26113542,AVDHUT DILIP GHADAGE,93.4955183,97.7777778,70.0,93.0,0,NORMAL,
7297,EN26478857,BIRADAR ANUSHKA ANAND,93.4955183,,87.0,94.4,0,NORMAL,
7298,EN26392184,HIMANSHU GARG,93.4861643,,75.67,84.33,0,NORMAL,
7299,EN26280826,SUMIT PRAMOD VIDHATE,93.4861643,96.6453344,89.67,85.16,0,NORMAL,
7300,EN26124971,JINAY VIMAL GADA,93.4861643,97.1665783,78.33,94.8,0,NORMAL,
7301,EN26467098,APRAJITA,93.4861643,,59.16,93.16,0,NORMAL,
7302,EN26329779,OMKAR SURESH MULE,93.4861643,91.3216011,74.67,96.2,0,NORMAL,
7303,EN26161773,ACHINTYA TANDON,93.4861643,93.6609837,79.67,93.4,0,NORMAL,
7304,EN26283971,STUTI SANDEEP SHAH,93.4679201,98.6962457,83.0,91.83,0,NORMAL,
7305,EN26423874,SWARAJ GAJENDRA RAUT,93.4679201,99.515364,83.0,96.8,0,NORMAL,
7306,EN26235358,MADHAV GAUTAM DALAL,93.4679201,98.9208633,71.0,96.66,0,NORMAL,
7307,EN26273330,SHLOK KAMAL KISHORE MODANI,93.4679201,98.345367,87.67,93.8,0,NORMAL,
7308,EN26181314,TANISHQ VIJAY SHIRSATH,93.4679201,99.1326609,79.0,94.8,0,NORMAL,
7309,EN26402794,ATHARVA KUMAR,93.466255,98.7096527,74.33,94.2,0,NORMAL,
7310,EN26339123,MALAY JIGAR RAMBHIA,93.466255,97.2984447,77.67,88.87,0,NORMAL,
7311,EN26146917,VEDANT VIKAS PACHKUDE,93.466255,98.6762936,82.33,94.5,0,NORMAL,
7312,EN26108179,SHANTANU VINAYAK YADAV,93.466255,99.398859,84.67,94.4,0,NORMAL,
7313,EN26277425,SOUMILI GHOSH,93.466255,98.2478484,80.0,93.0,0,NORMAL,
7314,EN26368951,VERMA SOUMYA,93.466255,97.4280163,76.33,95.6,0,NORMAL,
7315,EN26204112,HIMANSHU RAMAKANT MOTGHARE,93.466255,93.9374669,78.0,92.0,0,NORMAL,
7316,EN26254982,SARTHAK VIJAY CHOUKADE,93.466255,99.0240529,80.0,95.8,0,NORMAL,
7317,EN26223849,TANISH AMOL BAVISKAR,93.466255,98.5404249,79.67,95.0,0,NORMAL,
7318,EN26283651,KAVYA HITESH PATEL,93.466255,90.9657321,54.67,77.4,0,NORMAL,
7319,EN26446978,SAPTAK GHORAI,93.466255,,83.0,90.5,0,NORMAL,
7320,EN26143095,ARYAA HANSAL PARIKH,93.4565204,98.9616221,90.0,98.0,0,NORMAL,
7321,EN26249567,ANUPOORNIMA SWAMYNATHAN,93.4565204,99.2434663,90.67,97.0,0,NORMAL,
7322,EN26126651,ANSH RAJESH KHAPEKAR,93.4565204,96.279915,82.67,82.5,0,NORMAL,
7323,EN26244895,MOHAMMED UMAR ZAHEER ABBAS QURESHI,93.4565204,74.7351841,66.0,77.8,0,NORMAL,
7324,EN26432426,ARYAN SANTOSH MANKAR,93.4565204,96.79592,84.0,95.1,0,NORMAL,
7325,EN26207485,VINAYAK GUPTA,93.4565204,90.8134561,74.33,89.8,0,NORMAL,
7326,EN26110223,AADIT BHARDWAJ,93.4524969,97.6103268,75.0,95.0,0,NORMAL,
7327,EN26356227,YUVRAJ SAMPAT AUTI,93.4524969,62.5282864,41.67,84.0,0,NORMAL,
7328,EN26246092,VIKAS SAHDEV PATIL,93.4524969,93.757466,73.0,92.4,0,NORMAL,
7329,EN26214914,ATHARVA BALASAHEB KSHIRSAGAR,93.4524969,95.7070884,54.0,92.8,0,NORMAL,
7330,EN26126358,KRISHNA SHANTARAM MALODE,93.4524969,93.1341297,89.33,82.8,1,LOW,CET_vs_HSC: CET is LOWER than expected by 58 rank pts
7331,EN26104457,ARUNDHATI PRAMOD KAMBLE,93.4524969,96.389325,63.0,81.16,0,NORMAL,
7332,EN26300740,PRANAV SURESH PATIL,93.4524969,98.2016654,79.0,89.4,0,NORMAL,
7333,EN26481607,LOKESH TEKLAL PUSHPATODE,93.4524969,99.5675391,73.0,90.4,1,LOW,CET_vs_HSC_SSC: CET is HIGHER than expected by 55 rank pts
7334,EN26371116,HARSHIT GOPAL CHEJARA,93.4524969,98.5565976,89.0,90.4,0,NORMAL,
7335,EN26277274,ISHA RAJEEV KULLARWAR,93.4524969,98.5484356,90.33,98.5,0,NORMAL,
7336,EN26489358,NAMANGE SHRINIVAS KISHOR,93.4524969,97.2913667,75.67,100.0,0,NORMAL,
7337,EN26292418,VEDANT CHINTAN SHAH,93.4524969,94.2691204,62.0,96.66,0,NORMAL,
7338,EN26287410,HANDEWAR PRAJWAL PRAKASH,93.4524969,99.0183906,95.22,90.4,0,NORMAL,
7339,EN26391830,ARADHYA RAJENDRA MOGHE,93.4524969,96.1725088,76.33,91.6,0,NORMAL,
7340,EN26222469,SHIVAM DHAVAL VASHI,93.4524969,93.158138,69.0,95.2,0,NORMAL,
7341,EN26167287,ARNAV MOHAN GOLE,93.4524969,96.8524368,81.67,99.2,0,NORMAL,
7342,EN26339352,SHRAVAN KAILASRAO TAYADE,93.4524969,98.2171021,76.67,94.0,0,NORMAL,
7343,EN26214353,ATIF KHAN ILIYAS KHAN PATHAN,93.4524969,97.6372992,87.0,87.6,0,NORMAL,
7344,EN26322732,SUMIT VISHNU KHARAT,93.4478788,97.7845891,88.0,92.0,0,NORMAL,
7345,EN26222197,ISHAAN PRASHANT KONDI,93.4478788,99.3817347,74.0,88.33,0,NORMAL,
7346,EN26450081,ASHMEET SINGH,93.4478788,,81.33,94.33,0,NORMAL,
7347,EN26285540,ROHIT SUNIL SALUNKE,93.4478788,96.9993813,93.33,90.0,0,NORMAL,
7348,EN26199055,TANISH LAXMIKANT MALPANI,93.4478788,99.1029078,76.67,94.4,0,NORMAL,
7349,EN26434400,NIVA BHARDWAJ,93.4478788,,96.0,95.16,0,NORMAL,
7350,EN26206253,ASHUTOSH GANESH TIWARI,93.4478788,98.9153784,81.67,94.2,0,NORMAL,
7351,EN26168219,SIDARTH TIKOO,93.4478788,,86.67,92.0,0,NORMAL,
7352,EN26219901,ISHAN VINAYAK SAMANT,93.4448948,92.0888164,58.33,88.4,0,NORMAL,
7353,EN26171330,MOHUL SIDHANT TANGRI,93.4448948,98.7189844,87.67,97.33,0,NORMAL,
7354,EN26183509,AKSHAT VEMULAPALLI,93.4448948,98.5144209,82.67,88.2,0,NORMAL,
7355,EN26140326,PAARTH SUSHILKUMAR SANGHVI,93.4448948,95.764879,76.33,98.0,0,NORMAL,
7356,EN26114028,BANSAL KUNAL SHYAMSUNDAR,93.4448948,95.1990767,67.67,86.2,0,NORMAL,
7357,EN26299502,SHALIN BERA,93.4448948,,88.33,96.6,0,NORMAL,
7358,EN26105902,ISHAAN ANANT,93.4448948,98.8660774,87.0,94.5,0,NORMAL,
7359,EN26223426,NAMIT GOPAL GUPTA,93.4448948,98.0105894,85.33,94.0,0,NORMAL,
7360,EN26201615,AARYA DEVENDRAKUMAR BAHEKAR,93.4448948,98.7019803,93.33,95.5,0,NORMAL,
7361,EN26278441,NAKUL RAMAN PAWAR,93.4448948,98.2505176,85.33,91.8,0,NORMAL,
7362,EN26341108,NIKITA SHARAD BHUJBAL,93.4448754,37.2578704,58.0,77.4,0,NORMAL,
7363,EN26146008,AAYUSH PRADEEP NAIR,93.4448754,99.1546915,79.0,88.4,0,NORMAL,
7364,EN26184710,KAUSTUBH SHANKAR LAAD,93.4448754,97.4319413,67.67,93.6,0,NORMAL,
7365,EN26231165,OMKAR SANTOSH PATIL,93.4448754,96.4033464,67.67,93.4,0,NORMAL,
7366,EN26271877,CHAITANYA BALWANTSINGH DIGARI,93.4448754,96.6480662,61.33,96.0,0,NORMAL,
7367,EN26412777,VIVAAN GIRISH TANDON,93.4448754,98.4879654,79.0,83.28,0,NORMAL,
7368,EN26320313,RUTUJA GANESHRAO SHINDE,93.4448754,87.3518409,83.0,96.4,0,NORMAL,
7369,EN26445975,PRATYUSH SHISHIR CHOUBEY,93.4448754,95.7931795,72.0,92.16,0,NORMAL,
7370,EN26297011,RUSHIKESH SANDESH PHADKE,93.4448754,96.5458686,74.33,90.4,0,NORMAL,
7371,EN26331312,PRATIK KRISHNA KHARJULE,93.4448754,96.067455,69.0,93.0,0,NORMAL,
7372,EN26254985,PRIYANK JAGDISH URKUDE,93.4448754,97.4360937,76.67,88.83,0,NORMAL,
7373,EN26351810,PRAGATI DWIVEDI,93.4415161,,83.67,95.2,0,NORMAL,
7374,EN26124407,TANISH AMIT NAUNI,93.4415161,95.9447134,68.67,92.0,0,NORMAL,
7375,EN26167774,ARVI ABA KADUS,93.4415161,97.0991989,76.33,98.8,0,NORMAL,
7376,EN26114900,RISHIT SATISH JATHAN,93.4415161,99.2007992,75.67,96.33,0,NORMAL,
7377,EN26100902,KIAH BRAMHANAND KEDIA,93.4415161,99.1344285,81.0,92.0,0,NORMAL,
7378,EN26339233,YASHRAJ OMPRAKASH GUPTA,93.4415161,98.996822,73.0,95.2,0,NORMAL,
7379,EN26211003,SMIT TUSHAR PRABHU,93.4415161,98.291758,77.0,95.4,0,NORMAL,
7380,EN26155080,SUMEDH VIKAS KHAKARE,93.4415161,97.8998215,72.0,89.6,0,NORMAL,
7381,EN26294427,SUDHANSHU PRASHANT WANGE,93.4415161,97.5014998,89.33,90.2,0,NORMAL,
7382,EN26260296,VEDANT GAJANAN KAMBLE,93.4415161,97.1170667,81.33,86.4,0,NORMAL,
7383,EN26395651,PRINCE RAMKEVAL KUSHWAHA,93.4415161,99.5888727,93.33,93.0,0,NORMAL,
7384,EN26339860,KRISHNA KAILASH CHHATWANI,93.4415161,99.0434195,77.67,87.4,0,NORMAL,
7385,EN26171488,MRUNAL GANESH KINAGI,93.4415161,96.5079478,89.33,97.4,0,NORMAL,
7386,EN26279505,MAHANYA JHA,93.4415161,98.72142,90.0,96.5,0,NORMAL,
7387,EN26434059,SIDDHESHWAR DHONDIRAM BHAJIBHAKARE,93.4415161,,63.67,93.8,0,NORMAL,
7388,EN26162159,GITTE SHUBHAM YADAV,93.4415161,94.1906967,81.67,90.2,0,NORMAL,
7389,EN26214468,SHLOK ASHOK CHAVAN,93.4123549,98.9726962,74.67,90.2,0,NORMAL,
7390,EN26115055,SANKET RAJENDRA DHAKANE,93.4123549,56.5505021,87.67,91.8,2,MEDIUM,CET_vs_HSC: CET is LOWER than expected by 63 rank pts; CET_vs_HSC_SSC: CET is LOWER than expected by 56 rank pts
7391,EN26155483,SHLOK VIPIN CHAVAN,93.4123549,98.7328923,80.67,89.16,0,NORMAL,
7392,EN26230235,MANDHANI NETAL RADHESHYAM,93.4123549,98.2975444,74.0,95.6,0,NORMAL,
7393,EN26240015,ABHINAV ANNASO GATKUL,93.4123549,97.7383653,76.33,79.8,0,NORMAL,
7394,EN26310958,RITESH RAHUL SHETE,93.4123549,96.8070391,74.0,92.8,0,NORMAL,
7395,EN26221657,AMEY MAHADEV NIMBALKAR,93.4123549,93.9788054,77.33,98.2,0,NORMAL,
7396,EN26350945,VEDANT ARVIND KANDALKAR,93.4123549,96.5386733,71.0,91.6,0,NORMAL,
7397,EN26108214,SUMIT NARASING GHOTANE,93.4123549,98.3761272,73.33,90.8,0,NORMAL,
7398,EN26348192,VEDIKA PRASHANT BANDE,93.4123549,94.8861284,82.67,92.6,0,NORMAL,
7399,EN26140156,SHIVAM RAJENDRA POKALE,93.4105172,98.60121,88.0,91.0,0,NORMAL,
7400,EN26430880,RAGHAV BHARATLAL HURKAT,93.4105172,97.7130906,81.33,92.0,0,NORMAL,
7401,EN26353903,KANNAMWAR PARTH KHEMDEO,93.4105172,96.8804098,70.33,95.4,0,NORMAL,
7402,EN26308150,VIVHAN VIKRAM BHALLA,93.4105172,96.9618772,76.67,93.8,0,NORMAL,
7403,EN26294604,ADIL MANDAR PATANKAR,93.4105172,99.7827268,91.33,95.6,0,NORMAL,
7404,EN26158702,ARYAN UTTAM BAIT,93.4105172,88.4226013,83.0,91.16,0,NORMAL,
7405,EN26409311,ANSHUL PUNDLIK CHOUDHARI,93.4105172,98.7279709,79.33,88.5,0,NORMAL,
7406,EN26100278,SAAHIL HARISH NAGAONKAR,93.4105172,98.905322,83.67,94.6,0,NORMAL,
7407,EN26277783,AMRITANSH PANDEY,93.4105172,98.5598385,80.33,89.42,0,NORMAL,
7408,EN26124667,SHORYA ANIL JAIN,93.4105172,96.7647625,80.0,81.4,0,NORMAL,
7409,EN26414017,GAIKWAD ABHIJEET MITHU,93.4105172,97.4706885,90.67,94.66,0,NORMAL,
7410,EN26249038,PARTH RAMESH TANK,93.4105172,98.4278063,75.67,91.4,0,NORMAL,
7411,EN26215743,SWAROOP SHANTANU KHATAVKAR,93.4105172,90.1262916,84.67,94.6,0,NORMAL,
7412,EN26177676,AYUSH SANTOSH MANDHARE,93.4105172,95.3185047,69.67,94.0,0,NORMAL,
7413,EN26368359,PRATIK NARESH HEDA,93.4041748,97.2027972,72.67,93.0,0,NORMAL,
7414,EN26158847,SHALAKA RAVI JADHAV,93.4041748,97.0655663,85.67,93.4,0,NORMAL,
7415,EN26172352,AYANNA JAIN,93.4041748,95.2142832,75.67,92.8,0,NORMAL,
7416,EN26352979,HARSHAD TULASHIDAS KUMBHAR,93.4041748,97.9141813,74.67,94.8,0,NORMAL,
7417,EN26222800,GUJAR AAYUSH,93.4041748,98.8513922,84.67,88.8,0,NORMAL,
7418,EN26164969,PRATIK KISHOR GAI,93.4041748,99.3520602,69.33,86.2,1,LOW,CET_vs_HSC_SSC: CET is HIGHER than expected by 54 rank pts
7419,EN26267159,ISHU MAHAJAN,93.4041748,95.2882188,79.67,87.2,0,NORMAL,
7420,EN26284093,SHLOK SATISH PATIL,93.4041748,92.9026198,82.67,91.33,0,NORMAL,
7421,EN26231972,DHANI VINODKUMAR AMBULE,93.4041748,98.7612146,80.0,97.4,0,NORMAL,
7422,EN26367669,HARSHAL PRAKASH RAJURKAR,93.4041748,97.305038,71.0,85.0,0,NORMAL,
7423,EN26387093,HITESH RAJESH MANDLE,93.4041748,97.8054608,72.33,94.2,0,NORMAL,
7424,EN26241430,SHLOK AMOL KOLHE,93.4041748,97.225256,78.33,92.6,0,NORMAL,
7425,EN26334833,SARVADNYA KISHAN CHOPADE,93.4041748,96.8091806,70.0,91.6,0,NORMAL,
7426,EN26154235,ANSARI MOHAMMED IZAAN ABDUL MAJED,93.4041748,99.4150471,82.0,91.4,0,NORMAL,
7427,EN26288598,AANYA SANJITH SHETTY,93.4041748,94.963529,88.33,98.0,1,LOW,CET_vs_HSC_SSC: CET is LOWER than expected by 58 rank pts
7428,EN26212939,RISHABH RAJESH CHAUHAN,93.3822808,98.0103906,73.33,92.0,0,NORMAL,
7429,EN26310831,SHUBHAM LEELARAM JOSHI,93.3822808,99.3268652,75.67,96.0,0,NORMAL,
7430,EN26238128,ANSH DIPAK SHETTY,93.3822808,96.7550691,78.0,95.16,0,NORMAL,
7431,EN26136383,JANHAVI PANKAJ GAVHALE,93.3822808,97.8346051,82.67,97.2,0,NORMAL,
7432,EN26101145,YAKSH NILESH THAKKAR,93.3822808,98.03989,75.0,91.8,0,NORMAL,
7433,EN26143451,PRASAD DASHRATH RAUT,93.3822808,94.5705862,63.0,82.0,0,NORMAL,
7434,EN26172535,DEVAL ARYA SANDEEP,93.3822808,99.2231747,77.0,93.4,0,NORMAL,
7435,EN26248190,OM SHARAD JAGTAP,93.3822808,80.4716144,85.67,93.0,1,LOW,CET_vs_HSC: CET is LOWER than expected by 55 rank pts
7436,EN26134357,BISHAL BANERJEE,93.3822808,,61.67,92.33,0,NORMAL,
7437,EN26410417,ANANDITA KAUSTUBH GADGIL,93.3822808,97.321565,83.33,94.5,0,NORMAL,
7438,EN26251338,RAGHAV JOSHI,93.3822808,99.4547232,86.67,93.4,0,NORMAL,
7439,EN26444772,VAIBHAVI SURESH ARDHAPURE,93.3822808,96.6852182,92.67,96.0,0,NORMAL,
7440,EN26106820,PARTH MAHESH DOSHI,93.3822808,97.0949449,87.0,85.0,0,NORMAL,
7441,EN26139202,BHAKARE KAILAS SURYAKANT,93.3822808,98.1734676,95.67,95.4,0,NORMAL,
7442,EN26116831,GHULE ADITYA RAMESH,93.3822808,,79.33,95.6,0,NORMAL,
7443,EN26108272,DHRUV NAIMESHKUMAR PRAJAPATI,93.3763758,84.2510483,60.0,66.0,0,NORMAL,
7444,EN26122110,RAJIV PRAKASH PUJARI,93.3763758,94.4264691,74.33,96.0,0,NORMAL,
7445,EN26286003,ANISH GORAKH JAGTAP,93.3763758,88.2059917,47.67,93.2,0,NORMAL,
7446,EN26102218,RONALD ARNOLD JOSEPH,93.3763758,96.3586613,90.0,96.0,0,NORMAL,
7447,EN26337660,ROHAN MARK SANJAY DCUNHA,93.3763758,99.4020758,75.67,93.5,0,NORMAL,
7448,EN26361457,ASMI JAYESH LAD,93.3763758,97.3099865,87.67,91.8,0,NORMAL,
7449,EN26442186,GORE SHUBHAM DATTARAO,93.3763758,93.9578436,75.0,95.0,0,NORMAL,
7450,EN26284857,ARJUN RAKESH VISHWAKARMA,93.3675279,98.3591071,77.0,95.0,0,NORMAL,
7451,EN26336286,ABHINAV ANANT WADATKAR,93.3675279,95.8890489,76.33,94.0,0,NORMAL,
7452,EN26389224,NIRVAAN RITESH JAIN,93.3675279,98.5914005,68.67,96.17,0,NORMAL,
7453,EN26296575,BANKAR SHUBHAM VISHNU,93.3675279,98.7223398,78.33,95.8,0,NORMAL,
7454,EN26445097,PAWAR DHIREN JAYESH,93.3573438,,68.33,94.6,0,NORMAL,
7455,EN26353908,POORVI BHUSHAN SATARDEKAR,93.3573438,99.23538,81.33,98.5,0,NORMAL,
7456,EN26393901,GAURI SATISH BALPANDE,93.3573438,97.8188113,89.0,95.2,0,NORMAL,
7457,EN26149930,AWACHAT SHIVAM SANDIP,93.3573438,97.7345783,76.33,94.2,0,NORMAL,
7458,EN26134365,ANIKA GOYAL,93.3573438,96.9615697,67.33,91.6,0,NORMAL,
7459,EN26411955,SHRESTHA SINHA,93.3573438,95.5773573,80.67,92.66,0,NORMAL,
7460,EN26266923,TANUSHA MANOJ PATEL,93.3573438,97.610882,80.67,95.0,0,NORMAL,
7461,EN26230681,RUSHABH TARLE,93.3573438,97.7312329,82.0,95.0,0,NORMAL,
7462,EN26367061,SHASHANK SURYAKANT KANMUSE,93.3395517,69.7621466,62.0,86.2,0,NORMAL,
7463,EN26281245,SUMANYU SANJAY SAHU,93.3395517,98.003413,78.67,96.2,0,NORMAL,
7464,EN26409281,SUNNY KUMAR,93.3395517,,84.67,92.16,0,NORMAL,
7465,EN26107047,ANAND SRIVASTAVA,93.3395517,79.3794141,70.0,81.4,0,NORMAL,
7466,EN26326299,MANAPURE SWAYAM RAVINDRA,93.3370925,81.1271398,56.67,94.0,0,NORMAL,
7467,EN26148558,ARJUN PARASRAM SHASTRI,93.3370925,61.114444,46.33,85.4,0,NORMAL,
7468,EN26147111,HARBAANI KAUR SIBAL,93.3370925,98.8588712,62.67,94.2,0,NORMAL,
7469,EN26411824,VEDANT SHASHIKANT JAGDALE,93.3370925,95.022244,77.67,89.4,0,NORMAL,
7470,EN26461105,ANIKET PANDEY,93.3370925,,57.0,72.33,0,NORMAL,
7471,EN26207894,VIVEK PREMCHANDRA PAL,93.3370925,99.0892392,88.67,94.16,0,NORMAL,
7472,EN26205386,RISHIKA NITIN GOHIL,93.3370925,99.335246,92.0,95.6,0,NORMAL,
7473,EN26100676,SAHIL SUNIL MAGAR,93.3370925,98.0447413,76.0,91.8,0,NORMAL,
7474,EN26137131,RISHU KUMAR,93.3370925,98.4053698,90.67,92.6,0,NORMAL,
7475,EN26252710,PARTH RAJESH YEWALE,93.3370925,99.4960569,83.33,93.2,0,NORMAL,
7476,EN26188857,RAJEBHAU RADHAJI KANADE,93.3370925,97.4167804,84.67,95.4,0,NORMAL,
7477,EN26391298,HITESH DHANRAJ PATIL,93.3370925,97.5416581,72.67,91.83,0,NORMAL,
7478,EN26336612,ABHISHEK SANJAY SONUNE,93.3370925,92.1242775,90.0,94.5,2,MEDIUM,CET_vs_HSC: CET is LOWER than expected by 61 rank pts; CET_vs_HSC_SSC: CET is LOWER than expected by 59 rank pts
7479,EN26102317,AARYAN JEETENDRA PAWAR,93.3370925,98.6663866,89.67,90.2,0,NORMAL,
7480,EN26242212,BHAKTI GANESHRAO WAYAL,93.3370925,94.2160225,77.0,94.2,0,NORMAL,
7481,EN26112447,HARSH PRASHANT JAGTAP,93.3370925,96.9840554,62.67,89.16,0,NORMAL,
7482,EN26329471,SHRAVANI LAXMAN PAWAGE,93.3370925,94.7105213,70.33,96.2,0,NORMAL,
7483,EN26221365,SHRUTI SATISH KOTHAWADE,93.3370925,76.2591061,72.33,95.4,0,NORMAL,
7484,EN26231990,GANESH VIJAYKUMAR WADDI,93.3370925,90.8037449,69.33,74.2,0,NORMAL,
7485,EN26298579,JAY RAJESH NAGHATE,93.3357073,98.3816163,76.33,94.4,0,NORMAL,
7486,EN26253154,PATIL HARSHDEEP DILIP,93.3357073,99.8229748,67.0,96.0,3,HIGH,CET_vs_JEE: CET is HIGHER than expected by 59 rank pts; CET_vs_HSC: CET is HIGHER than expected by 68 rank pts; CET_vs_HSC_SSC: CET is HIGHER than expected by 58 rank pts
7487,EN26355384,SUJAL GAJANAN BELODE,93.3357073,93.5072524,92.67,94.66,2,MEDIUM,CET_vs_HSC: CET is LOWER than expected by 64 rank pts; CET_vs_HSC_SSC: CET is LOWER than expected by 62 rank pts
7488,EN26317720,SAI SOMASEKHAR MYLAVARAPU,93.3357073,98.2258996,84.33,92.2,0,NORMAL,
7489,EN26392329,YASHVI JAGDISH BHADRA,93.3357073,98.3622982,91.0,98.83,0,NORMAL,
7490,EN26197469,CHINMAY UMESH GRAMOPADHYE,93.3357073,92.1789653,53.67,85.8,0,NORMAL,
7491,EN26308416,NIRBHAY JITENDRA MODE,93.3244144,97.628377,76.33,90.0,0,NORMAL,
7492,EN26167480,RAJ AMIT SARDA,93.3244144,98.1898548,68.67,86.0,0,NORMAL,
7493,EN26325554,YUGANDHAR SANJAY VASEKAR,93.3244144,98.2117385,75.0,83.2,0,NORMAL,
7494,EN26351878,SAIRAJ ANANDA PATIL,93.3244144,97.7845891,78.0,96.6,0,NORMAL,
7495,EN26283550,SHREYASH MUKESH NAVALAKHE,93.3244144,95.4990284,67.33,82.4,0,NORMAL,
7496,EN26134345,GOURI KIRTI NERLEKAR,93.3244144,96.6285136,96.67,97.33,2,MEDIUM,CET_vs_HSC: CET is LOWER than expected by 56 rank pts; CET_vs_HSC_SSC: CET is LOWER than expected by 60 rank pts
7497,EN26161216,ANUBHI SOLANKI,93.3244144,98.3540373,79.33,94.2,0,NORMAL,
7498,EN26101654,PRISHA KUNAL SHAH,93.3244144,99.7422581,90.0,94.2,0,NORMAL,
7499,EN26413688,KHUSHI MAHESHWARI,93.3244144,99.4772864,93.67,98.16,0,NORMAL,
7500,EN26391277,SANSKRUTI SHRIKRUSHNA KASURKAR,93.3244144,98.6182541,69.67,96.2,0,NORMAL,
7501,EN26100283,SAIYYAD REHANALI FARUK ALI,93.3244144,94.4877916,74.33,92.0,0,NORMAL,
7502,EN26399193,KIRTI AGARWAL,93.3244144,93.7276356,81.67,92.6,0,NORMAL,
7503,EN26186724,DANDNAIK SHREYASH SOMNATH,93.3244144,98.302867,75.33,96.6,0,NORMAL,
7504,EN26213184,HARSH MUKUND JAWANJAL,93.3244144,99.0948365,86.67,93.2,0,NORMAL,
7505,EN26443630,HARSHAD NARWAL,93.3244144,,86.33,95.16,0,NORMAL,
7506,EN26290643,ATHARV SHARAD SHINDE,93.3244144,97.2950127,72.0,94.6,0,NORMAL,
7507,EN26266520,MRUDUL SUDHAKAR WADEKAR,93.3146493,98.8923623,71.0,92.4,0,NORMAL,
7508,EN26467610,VIBHOR KUMAR LAL,93.3146493,66.1311211,55.0,91.8,0,NORMAL,
7509,EN26372724,HITESH PUNARAM CHOUDHARY,93.3146493,99.0049751,90.0,95.2,0,NORMAL,
7510,EN26282668,REHAAN RAFIQUE SHAIKH,93.3136941,99.6230044,82.67,89.0,0,NORMAL,
7511,EN26271778,DHRUV AMIT CHHEDA,93.3136941,98.9480174,90.33,94.4,0,NORMAL,
7512,EN26154854,RITIKA CHELLAPANDIAN NADAR,93.3136941,99.3245604,87.33,93.0,0,NORMAL,
7513,EN26161472,MAYURESH VIJAY KARANGALE,93.3136941,27.2101033,38.33,91.0,0,NORMAL,
7514,EN26413763,AVANI YADAV,93.3136941,,89.0,92.4,0,NORMAL,
7515,EN26308265,HARSHAL PRADIP DESALE,93.3136941,76.973775,86.33,90.8,1,LOW,CET_vs_HSC: CET is LOWER than expected by 57 rank pts
7516,EN26287349,HARSHPREET SINGH KAURA,93.3136941,98.2788178,88.67,94.5,0,NORMAL,
7517,EN26404512,SWARAJ DEEPAKRAO PAWAR,93.3136941,80.4716144,66.0,65.8,0,NORMAL,
7518,EN26400483,RUPAK RAJESHWAR CHAHANDE,93.3136941,91.2552493,86.0,95.4,1,LOW,CET_vs_HSC_SSC: CET is LOWER than expected by 54 rank pts
7519,EN26354731,SAMIDHA SAMBHAJI GUDMEWAR,93.2933436,96.0715243,64.33,98.8,0,NORMAL,
7520,EN26201305,KASHYAP DEVIDAS PATIL,93.2933436,97.2886818,87.0,96.66,0,NORMAL,
7521,EN26295760,AFRAH SHOAIB KHAN,93.2933436,94.9817021,62.67,92.2,0,NORMAL,
7522,EN26100306,SHAMBHAVI ABHISHEK KADAM,93.2933436,98.797718,81.33,98.0,0,NORMAL,
7523,EN26165810,YASHVI NIMISH SHAH,93.2933436,97.8587922,82.0,94.33,0,NORMAL,
7524,EN26232051,AKSHADA JAGDISH SHINDE,93.2933436,95.4799,75.0,96.6,0,NORMAL,
7525,EN26246408,PURVA SUBHASH PATIL,93.2933436,98.5075769,81.67,93.0,0,NORMAL,
7526,EN26322641,VIHAAN KAMAL BHUPTANI,93.2933436,97.077156,60.0,86.16,0,NORMAL,
7527,EN26121050,CHETAN KRISHNAT PATIL,93.2933436,98.0921502,79.67,95.6,0,NORMAL,
7528,EN26266490,TANMAY SUDHIR RAJBHAR,93.2933436,94.2477571,71.0,91.8,0,NORMAL,
7529,EN26116442,KAYAAN PRASHANT SHAH,93.2933436,99.3419441,83.33,94.4,0,NORMAL,
7530,EN26129489,SUDHRITI KULKARNI,93.2933436,97.3877775,80.33,87.6,0,NORMAL,
7531,EN26250961,VARAD SHRIKANT KARANJKAR,93.2933436,99.7236023,80.33,91.2,0,NORMAL,
7532,EN26462260,ARNAV MAHADEV HARER,93.2933436,93.8558913,84.0,91.8,0,NORMAL,
7533,EN26381933,TANISHQ TANAJI DESAI,93.2933436,97.1665783,85.33,92.6,0,NORMAL,
7534,EN26269129,SARTHAK JITENDRA PATIL,93.2933436,96.5594281,79.33,93.8,0,NORMAL,
7535,EN26294265,HIMANSHU MISHRA,93.2933436,,88.33,95.16,0,NORMAL,
7536,EN26268393,PRANALI DHANANJAY AANDHALKAR,93.2933436,96.2623043,76.67,94.6,0,NORMAL,
7537,EN26411135,KHUSHBU SAINI,93.2933436,,91.33,87.16,0,NORMAL,
7538,EN26181725,NIHIR SANJAY PARIHAR,93.2884347,94.4912483,47.67,83.2,0,NORMAL,
7539,EN26205684,PRASAD HARISHCHANDRA AUTADE,93.2884347,33.4150899,80.33,84.2,0,NORMAL,
7540,EN26262438,YADNYA RAJENDRA MAHAJAN,93.2884347,72.4223602,62.33,89.2,0,NORMAL,
7541,EN26231560,MANYA NAGDEV,93.2884347,,81.33,95.33,0,NORMAL,
7542,EN26432642,PRINCE KUMAR DWIVEDI,93.2884347,89.2303375,54.33,85.6,0,NORMAL,
7543,EN26206484,LAKSHYA SIDDHARTH CHANDAK,93.2884347,97.2937644,86.0,94.5,0,NORMAL,
7544,EN26134234,RITESH AJIT KANCHAN,93.2884347,98.7055937,76.0,92.6,0,NORMAL,
7545,EN26109537,TIRTH SHAILESH DOSHI,93.2884347,96.5565559,81.67,88.4,0,NORMAL,
7546,EN26178127,MANTHAN NAMDEV OULKAR,93.2884347,99.2441336,77.0,92.4,0,NORMAL,
7547,EN26101275,INAYA TAMSIL PATEL,93.2884347,99.5629061,78.33,97.8,0,NORMAL,
7548,EN26144122,BHUJANG TIRUPATI MORE,93.2884347,97.5715826,67.67,95.2,0,NORMAL,
7549,EN26167348,ANUSHKA BALKRUSHNA NANAVARE,93.2884347,99.5915379,79.33,97.0,0,NORMAL,
7550,EN26333327,MOHD ARSLAAN AHMAD IMRAN AHMAD KHAN,93.2884347,52.0988164,47.67,84.4,0,NORMAL,
7551,EN26170447,NIRAJ MAHADEO FATE,93.2884347,95.662116,78.67,84.4,0,NORMAL,
7552,EN26408960,PRANAV GIRJAPPA BARVE,93.2884347,94.5705862,90.0,95.0,2,MEDIUM,CET_vs_HSC: CET is LOWER than expected by 56 rank pts; CET_vs_HSC_SSC: CET is LOWER than expected by 56 rank pts
7553,EN26407608,ATHARV VIKAS MAHIND,93.2884347,98.302867,64.33,91.4,0,NORMAL,
7554,EN26384682,SAKSHAM SUDARSHAN BAND,93.2884347,95.4482415,81.33,96.4,0,NORMAL,
7555,EN26161238,BHAIRAVEE JITENDRA DOIFODE,93.2884347,96.4266503,63.0,97.6,0,NORMAL,
7556,EN26393676,SHREYAS SANTOSH RAKSHE,93.28531,81.9275869,47.0,95.0,0,NORMAL,
7557,EN26115733,TANMAY NARENDRA PANWAL,93.28531,95.7868519,86.0,91.6,0,NORMAL,
7558,EN26368317,JAGRAT HITESH WAGHELA,93.28531,98.5473765,84.67,91.2,0,NORMAL,
7559,EN26365087,HANOKH SACHIN CHHAPANI,93.28531,73.2908824,59.33,77.2,0,NORMAL,
7560,EN26295766,ARYAMAN KUKREJA,93.28531,98.6663866,84.67,91.0,0,NORMAL,
7561,EN26100669,RUTURAJ DEEPAK ANWAT,93.28531,96.5917775,76.0,88.16,0,NORMAL,
7562,EN26446374,ARYAN KUNAL,93.28531,99.3569495,91.94,88.6,0,NORMAL,
7563,EN26102475,NAVNEET PANDEY,93.28531,95.9338334,83.33,92.4,0,NORMAL,
7564,EN26235770,KAUSHAL SURYAKANT BHARATI,93.28531,99.8001998,81.67,92.4,1,LOW,CET_vs_JEE: CET is HIGHER than expected by 59 rank pts
7565,EN26329610,RUDRAKSH SHARAD NEVGE,93.28531,96.4449717,79.0,91.66,0,NORMAL,
7566,EN26337238,BHUMIKA TEJPAL MAHAJAN,93.28531,98.6962457,87.67,96.4,0,NORMAL,
7567,EN26238525,ANURAG AVINASH LOHAR,93.28531,97.5446034,74.33,93.2,0,NORMAL,
7568,EN26450842,DEV MISHRA,93.2750221,,73.67,91.83,0,NORMAL,
7569,EN26180099,SANSKAR SHARAD SONAWANE,93.2750221,96.8804098,67.67,85.8,0,NORMAL,
7570,EN26219827,ANIKET AABARAO AUTADE,93.2750221,98.5058661,74.0,82.6,0,NORMAL,
7571,EN26238173,KAUSTUK RAJENDRA BHOSALE,93.2750221,93.603531,89.0,93.8,2,MEDIUM,CET_vs_HSC: CET is LOWER than expected by 56 rank pts; CET_vs_HSC_SSC: CET is LOWER than expected by 53 rank pts
7572,EN26184364,PRAJWAL ANIKET KATE,93.2750221,97.628377,89.0,95.16,0,NORMAL,
7573,EN26173205,VEDANT YOGESH BHAT,93.2750221,97.4460796,81.0,92.16,0,NORMAL,
7574,EN26322120,VIVEK BHAGIRAM PATWARI,93.2750221,99.0024152,76.0,84.2,0,NORMAL,
7575,EN26363358,BELAPURE OMKAR SANTOSH,93.2750221,97.4499655,88.0,77.0,0,NORMAL,
7576,EN26166639,KUNAL SHIVDAS TAYDE,93.2750221,93.3747412,94.0,95.0,2,MEDIUM,CET_vs_HSC: CET is LOWER than expected by 66 rank pts; CET_vs_HSC_SSC: CET is LOWER than expected by 65 rank pts
7577,EN26178133,NACHIKET NARAYAN KULKARNI,93.269861,97.0049392,78.0,94.0,0,NORMAL,
7578,EN26177480,SUPREET SHASHIKANT TIWARI,93.269861,98.8142711,87.67,96.0,0,NORMAL,
7579,EN26411095,VEDANT VINOD BHANDARE,93.269861,95.6149583,64.67,85.0,0,NORMAL,
7580,EN26171005,ADVAIT VILASRAO METKARI,93.269861,96.9836134,88.33,93.6,0,NORMAL,
7581,EN26384415,TUSHAR JESAI,93.2559434,98.7196399,79.0,93.8,0,NORMAL,
7582,EN26142385,OM SANJIVKUMAR KARENNAWAR,93.2559434,73.2041877,47.67,83.6,0,NORMAL,
7583,EN26327849,AYUSH HEMANT RATHOD,93.2559434,97.8985175,89.0,94.5,0,NORMAL,
7584,EN26125465,YASH VILAS BHUSARE,93.2559434,99.2861023,76.33,96.0,0,NORMAL,
7585,EN26123782,AAYUSH JAYESH JAJOO,93.2559434,99.4920502,81.33,94.8,0,NORMAL,
7586,EN26369369,PRATHAM MANOJKUMAR SINGH,93.2559434,99.1459959,83.67,94.0,0,NORMAL,
7587,EN26223581,MANALI RAMAKANT SHETKAR,93.2559434,97.3276451,76.67,95.0,0,NORMAL,
7588,EN26104704,MANAS JHA,93.2559434,,78.67,92.6,0,NORMAL,
7589,EN26259622,JAYDEEP NITIN SHARDUL,93.2559434,98.4327624,85.67,95.4,0,NORMAL,
7590,EN26412492,VARSHA YADAV,93.2559434,,74.0,93.5,0,NORMAL,
7591,EN26366720,KSHITEEJ VINAYAK KALE,93.2496623,71.0421393,59.33,82.16,0,NORMAL,
7592,EN26270799,KHUZEMA INDOREWALA,93.2496623,99.5675391,70.0,81.0,2,MEDIUM,CET_vs_HSC: CET is HIGHER than expected by 56 rank pts; CET_vs_HSC_SSC: CET is HIGHER than expected by 63 rank pts
7593,EN26273993,BEDRE YOGINI MAHADEV,93.2496623,,71.67,91.6,0,NORMAL,
7594,EN26336333,CHORMARE TEJASWINI SANTARAM,93.2496623,97.7312329,76.33,95.8,0,NORMAL,
7595,EN26126686,RISHABH BHAVRAO MAYEKAR,93.2496623,98.8923623,83.67,93.2,0,NORMAL,
7596,EN26256833,DHANSHRI SOMNATH WALUNJKAR,93.2496623,95.4397519,72.0,93.0,0,NORMAL,
7597,EN26411904,RUSHIKESH RAMRAO CHANDNE,93.2496623,,73.67,94.6,0,NORMAL,
7598,EN26380127,JAGTAP DHANASHREE PRALHADRAO,93.2496623,95.5511974,85.0,96.4,0,NORMAL,
7599,EN26224269,VAISHNAVI PANDIT BENKUNDE,93.2496623,98.1582562,68.0,89.8,0,NORMAL,
7600,EN26344204,MANMIT SATISH ASHTURE,93.2416655,97.6587031,67.67,85.33,0,NORMAL,
7601,EN26108716,SWAMIRAJ GOKUL SHEWALE,93.2416655,97.1601104,87.33,91.16,0,NORMAL,
7602,EN26366187,VIRAJSINH LAXMIKANT PARIHAR,93.2416655,85.1182895,57.33,86.8,0,NORMAL,
7603,EN26208281,SANSKAR SURESH SARANG,93.2416655,97.1576493,58.67,90.6,0,NORMAL,
7604,EN26184224,KHARAT KISHOR RAJESH,93.2416655,,73.0,82.6,0,NORMAL,
7605,EN26100404,ARJUN JHA,93.2416655,98.6313993,94.0,94.6,0,NORMAL,
7606,EN26341347,SHREYASH SURESH WAKLE,93.2416655,97.6863753,76.67,93.66,0,NORMAL,
7607,EN26408112,ARYAN DATTATRAY MORE,93.2416655,96.0954149,79.0,93.6,0,NORMAL,
7608,EN26122910,ADITI SUDHIR KAKADE,93.2416655,99.1359803,76.67,94.8,0,NORMAL,
7609,EN26252120,PATIL NAYAN VIJAY,93.2416655,48.6512524,78.33,83.6,0,NORMAL,
7610,EN26347390,SUMIT VIDYADHAR JOSHI,93.2416655,90.5728815,57.67,92.8,0,NORMAL,
7611,EN26101520,TEJAL ABHAY JAIN,93.2416655,98.7857913,83.67,94.4,0,NORMAL,
7612,EN26296315,AMEYA DEVENDRA BHANGALE,93.2416655,97.023932,86.0,90.0,0,NORMAL,
7613,EN26367248,SAKSHAM BHUMANNA SHIRGIRE,93.2416655,97.3163545,69.33,89.0,0,NORMAL,
7614,EN26165271,MOHABANSI ONAM PARIKSHIT,93.2217031,96.4650004,71.0,87.4,0,NORMAL,
7615,EN26349185,SNEHAL RAJKUMAR DANOLE,93.2217031,99.8010103,72.0,90.0,3,HIGH,CET_vs_JEE: CET is HIGHER than expected by 59 rank pts; CET_vs_HSC: CET is HIGHER than expected by 62 rank pts; CET_vs_HSC_SSC: CET is HIGHER than expected by 65 rank pts
7616,EN26180806,ARCHISHA SAXENA,93.2217031,99.0212323,88.67,97.0,0,NORMAL,
7617,EN26175817,DHAIRYA KIRTI PATEL,93.2217031,97.1023891,81.67,89.16,0,NORMAL,
7618,EN26291744,PARIGHA VILAS DADHE,93.2217031,98.3966019,74.0,96.8,0,NORMAL,
7619,EN26307653,ATHARV AMAR PATIL,93.2217031,98.2117385,85.67,94.8,0,NORMAL,
7620,EN26291737,NADEESH NIYAT ANJARIA,93.2217031,98.847481,85.0,94.5,0,NORMAL,
7621,EN26358356,SARANG RAJENDRA BHALERAO,93.2217031,97.9857027,88.0,86.14,0,NORMAL,
7622,EN26334317,ONKAR SANDIP LADHANE,93.2217031,36.6711564,77.0,89.4,0,NORMAL,
7623,EN26172891,RAJ SONI,93.2217031,99.2844023,80.0,85.2,0,NORMAL,
7624,EN26209938,KALBURGI AJAY CHANDRASHEKHAR,93.2217031,96.3496751,74.0,94.0,0,NORMAL,
7625,EN26117793,DUBEY MRIGANKSHEKHAR VIMAL,93.2217031,99.1739298,82.33,91.4,0,NORMAL,
7626,EN26335017,AMRITA PANDEY,93.2217031,,82.33,96.0,0,NORMAL,
7627,EN26481431,VAIBHAV GUPTA,93.2170265,,51.0,81.4,0,NORMAL,
7628,EN26100361,ARHAM SIDDIQUI,93.2170265,98.781718,75.33,92.83,0,NORMAL,
7629,EN26390380,SOUMYA ISHAAN,93.2170265,97.7777778,75.0,83.4,0,NORMAL,
7630,EN26231124,PRISHA SINGHAI,93.2170265,94.7789294,82.0,90.2,0,NORMAL,
7631,EN26215374,TEJAS YASHWANT WAYKAR,93.2170265,99.873718,88.67,92.4,1,LOW,CET_vs_JEE: CET is HIGHER than expected by 62 rank pts
7632,EN26393743,SIDDHANT SANDEEP MANE,93.2170265,97.6985322,77.0,95.4,0,NORMAL,
7633,EN26368254,KRITIK UDAYPRATAP JAISWAL,93.2170265,98.3467382,77.33,91.6,0,NORMAL,
7634,EN26251190,KRISH MAHENDRA SONNE,93.2170265,97.6811594,78.33,90.8,0,NORMAL,
7635,EN26217155,SHVESH SHAILESH GALA,93.2170265,98.8670753,78.67,95.2,0,NORMAL,
7636,EN26186750,SHAURYA RAVINDRAKUMAR PAL,93.2170265,98.1764569,78.0,94.6,0,NORMAL,
7637,EN26414479,MOHAMMAD TANZEEL RIZVI,93.2170265,,72.67,89.5,0,NORMAL,
7638,EN26167990,AYUSH SHARMA,93.2170265,94.1187732,81.33,87.0,0,NORMAL,
7639,EN26100385,RASHA HIREN THADESHWAR,93.2170265,98.7486606,76.0,83.0,0,NORMAL,
7640,EN26226840,KETAKI SANTOSH CHAVAN,93.2170265,98.2258996,78.67,98.4,0,NORMAL,
7641,EN26176148,KAAVYA PATNI,93.2170265,99.3049821,96.67,95.83,0,NORMAL,
7642,EN26173583,ADITYA KUMAR JHA,93.2170265,98.9795918,77.33,95.2,0,NORMAL,
7643,EN26168608,AARUSH KAMLESH KUMAR,93.2108502,99.8913086,91.67,96.0,1,LOW,CET_vs_JEE: CET is HIGHER than expected by 63 rank pts
7644,EN26149899,NETIK VAIBHAV CHOUDHARI,93.2108502,97.5707384,63.33,94.6,0,NORMAL,
7645,EN26413939,TANMAY MAHAJAN,93.2108502,96.5917775,96.67,92.66,1,LOW,CET_vs_HSC: CET is LOWER than expected by 56 rank pts
7646,EN26306559,PRATHMESH PAVAN MALU,93.2092412,78.8724264,76.33,79.0,0,NORMAL,
7647,EN26177568,VRUSHALI RAJENDRA MENDHULE,93.2092412,98.2117385,93.33,93.8,0,NORMAL,
7648,EN26299903,MAHIMA SUNIL GUPTA,93.2092412,98.6208828,88.67,89.0,0,NORMAL,
7649,EN26243583,TITHI LALJI VAVIYA,93.2092412,98.6898385,76.67,94.66,0,NORMAL,
7650,EN26183824,ATHARV RAMAKANT PANDEY,93.2092412,98.5453146,83.0,97.0,0,NORMAL,
7651,EN26307273,SHRUTIKA TANAJI LINGADE,93.2092412,97.0798432,77.33,93.83,0,NORMAL,
7652,EN26265657,MAYURESH MANISH GHUGE,93.2092412,98.7839138,79.0,93.8,0,NORMAL,
7653,EN26419270,SAMRUDDHI DNYANOBA GHODKE,93.2092412,92.5689146,71.0,89.66,0,NORMAL,
7654,EN26421592,BHASGE VAISHNAVI RAMAKANT,93.2092412,95.8070096,71.33,99.0,0,NORMAL,
7655,EN26220564,KSHITIJ KEDIA,93.1930219,,63.67,90.5,0,NORMAL,
7656,EN26188309,PAWAR SANGIT SANTOSH,93.1930219,99.4224681,79.33,93.4,0,NORMAL,
7657,EN26423715,SHASHANK SHYAMDHAR MISHRA,93.1930219,90.7163631,71.67,88.83,0,NORMAL,
7658,EN26248199,PARAS PRAVIN KHELKAR,93.1930219,96.4320221,78.0,93.8,0,NORMAL,
7659,EN26174281,AAYUSH ANAND RAMPURE,93.1930219,96.6956121,85.0,97.2,0,NORMAL,
7660,EN26335093,SINGH SAKET RAHUL,93.1930219,91.0135161,75.33,82.4,0,NORMAL,
7661,EN26456001,ISHAN ANJANEY,93.1930219,,77.0,88.0,0,NORMAL,
7662,EN26259333,BORADE BALKRUSHNA ASHWINKUMAR,93.1930219,98.2779955,67.0,98.4,0,NORMAL,
7663,EN26236313,NAVAL RAJEEV BHATNAGAR,93.1930219,99.4612563,97.67,98.33,0,NORMAL,
7664,EN26179313,RHYTHM PRASHANTKUMAR SHARMA,93.1881979,98.5350565,89.33,90.2,0,NORMAL,
7665,EN26184939,SHARVIL DHAGE,93.1881979,98.9702605,85.33,95.0,0,NORMAL,
7666,EN26371115,SNEHA KUSHWAHA,93.1881979,,96.0,95.8,0,NORMAL,
7667,EN26282931,KARTIK SURESH BODKHE,93.1881979,97.4319413,78.67,92.4,0,NORMAL,
7668,EN26105558,SHLOK KIRAN BANAIT,93.1666855,97.5899394,81.67,90.2,0,NORMAL,
7669,EN26106978,ABHIMANYU SINGH,93.1666855,95.101416,63.67,89.5,0,NORMAL,
7670,EN26303712,VIVEK LAHU UBALE,93.1666855,94.7254335,63.0,91.6,0,NORMAL,
7671,EN26168361,NINAD HIMANSHU KULKARNI,93.1666855,96.5336351,78.67,92.0,0,NORMAL,
7672,EN26249110,MUHAMMADAZIM AKBAR KADARBHAI,93.1666855,99.6528494,81.33,94.8,0,NORMAL,
7673,EN26249050,KHUSHI AKASH JAISWAL,93.1666855,99.0434195,86.0,94.4,0,NORMAL,
7674,EN26369241,ISHIKA DNYANESH PARADHI,93.1666855,78.3451044,65.67,88.6,0,NORMAL,
7675,EN26320140,AKSH GEHLOT,93.1666855,,88.33,94.6,0,NORMAL,
7676,EN26142128,JAYDEEP MILIND KARANDIKAR,93.1666855,96.6285136,84.67,98.0,0,NORMAL,
7677,EN26161781,ARYAN MANISH KATHERIYA,93.1666855,83.6944391,53.33,63.8,0,NORMAL,
7678,EN26460038,PAWNI SHARMA,93.15592,,79.67,92.83,0,NORMAL,
7679,EN26205720,ANANYA MISHRA,93.15592,99.1074241,79.67,95.33,0,NORMAL,
7680,EN26240909,OM MAHAJAN,93.15592,63.8128892,74.33,73.66,0,NORMAL,
7681,EN26368345,MOHAMMED UMAR ANSARI MOHAMMED MUDASSIR,93.15592,99.2975956,84.0,80.4,0,NORMAL,
7682,EN26171071,ATHARVA PURUSHOTTAM SONARE,93.15592,99.2844023,69.0,96.0,0,NORMAL,
7683,EN26341180,ANJALI ROSE AJITH,93.15592,96.8804098,94.67,96.4,1,LOW,CET_vs_HSC_SSC: CET is LOWER than expected by 54 rank pts
7684,EN26223290,PRATHAM DEEPAK NAHAR,93.15592,99.5446196,74.33,90.4,0,NORMAL,
7685,EN26265612,PRAJYOT NAMDEV SUTAR,93.15592,96.6285136,41.0,73.2,0,NORMAL,
7686,EN26327636,OM HARIBHAU KANDEKAR,93.15592,90.1218002,79.33,83.8,0,NORMAL,
7687,EN26252057,VENKATESH GOVIND MALPANI,93.15592,99.2754384,80.33,86.33,0,NORMAL,
7688,EN26343072,MOHAMMADSHUKOOR SAMEER PATEL,93.15592,97.9249397,69.33,92.4,0,NORMAL,
7689,EN26207562,AISHWARYA AASHISH MAHAJAN,93.1326084,99.8692056,88.67,94.9,1,LOW,CET_vs_JEE: CET is HIGHER than expected by 62 rank pts
7690,EN26138853,AVANI ANIRUDDHA MALGAONKAR,93.1326084,94.7585145,75.0,98.6,0,NORMAL,
7691,EN26214738,VEDANT NAGORAO PUNDKAR,93.1326084,80.7055032,49.67,80.0,0,NORMAL,
7692,EN26186627,KUNWAR ADITYACHAND SUNILCHAND,93.1326084,98.2171021,80.0,90.6,0,NORMAL,
7693,EN26168860,SHANTANU SANDEEP KHARAD,93.1326084,99.8507577,71.0,96.8,3,HIGH,CET_vs_JEE: CET is HIGHER than expected by 62 rank pts; CET_vs_HSC: CET is HIGHER than expected by 65 rank pts; CET_vs_HSC_SSC: CET is HIGHER than expected by 54 rank pts
7694,EN26229815,ARYAN RAJA,93.1326084,98.72142,72.67,92.16,0,NORMAL,
7695,EN26446123,SIDDHESH NAVNATH JADHAV,93.1326084,98.7429314,69.67,92.2,0,NORMAL,
7696,EN26143765,SAPTARSHIM BORAH,93.1326084,97.7983129,82.67,93.6,0,NORMAL,
7697,EN26183076,ANUJ SANTOSH WANKHEDE,93.1326084,94.4720497,86.67,94.6,0,NORMAL,
7698,EN26180850,ARSH ARPITKUMAR CHAVDA,93.1326084,96.6594242,61.0,88.83,0,NORMAL,
7699,EN26275287,RIDDHAM DALAL,93.1326084,,86.33,91.6,0,NORMAL,
7700,EN26293979,SURYANSH CHAUDHARY,93.1278958,99.2123846,84.33,93.4,0,NORMAL,
7701,EN26126390,MANMAYEE PARAG DOL,93.1278958,99.5446196,90.0,96.4,0,NORMAL,
7702,EN26272163,SANAP ASHUTOSH RAJENDRA,93.1278958,98.2953551,89.0,94.5,0,NORMAL,
7703,EN26303089,YASH DATTATRAY KOLEKAR,93.1278958,98.5914005,77.67,95.6,0,NORMAL,
7704,EN26129030,DEVSHREE YUVARAJ NISAL,93.1278958,96.9993813,81.67,96.2,0,NORMAL,
7705,EN26433017,MASHKURA FAROOQ SHAIKH,93.1278958,,80.67,90.6,0,NORMAL,
7706,EN26330534,SHREYAS SATISH HIPPARKAR,93.1278958,98.9760049,76.67,92.83,0,NORMAL,
7707,EN26100137,ADHISHREYA KHADANGA,93.1278958,91.563328,85.67,86.8,0,NORMAL,
7708,EN26329823,ABHISHEK BALAJI BIDWAI,93.1278958,96.4266503,74.33,93.8,0,NORMAL,
7709,EN26238129,RUDRA PRASHANT SAPKAR,93.1278958,94.3460306,67.67,94.0,0,NORMAL,
7710,EN26461382,DIKSHANT VIJAY SHRAWANKAR,93.1278958,97.2913667,89.0,95.0,0,NORMAL,
7711,EN26143648,RITESH RAJESHWAR MAHADWAD,93.1199232,89.5432094,88.67,70.83,1,LOW,CET_vs_HSC: CET is LOWER than expected by 59 rank pts
7712,EN26140893,HRUSHIKESH ABHAY THAKRE,93.1199232,68.0484125,57.0,71.8,0,NORMAL,
7713,EN26173532,AYUSH RAKESH BORKAR,93.1199232,98.8276853,84.33,96.8,0,NORMAL,
7714,EN26317677,VEDANG SURENDRA BANSOD,93.1199232,90.5704062,84.67,91.8,0,NORMAL,
7715,EN26458968,AMITSINGH INDALSINGH KAKARWAL,93.1199232,17.5512583,50.67,59.2,0,NORMAL,
7716,EN26362364,KATTE SHIVRAJ SANTOSH,93.1199232,98.8981649,56.0,71.6,0,NORMAL,
7717,EN26117103,AARNAV S BORIKAR,93.1199232,98.5283812,73.0,86.16,0,NORMAL,
7718,EN26384294,BHARGAVI GANESH PATIL,93.1199232,93.9889579,81.0,91.6,0,NORMAL,
7719,EN26381303,KUSHAGRA SANTOSH TIWARI,93.1199232,95.647381,87.0,93.4,0,NORMAL,
7720,EN26235488,RANDEEP SINGH,93.1199232,95.7070884,81.33,98.0,0,NORMAL,
7721,EN26335073,CHAUDHARI YASH RATILAL,93.1199232,99.3943022,89.67,91.16,0,NORMAL,
7722,EN26252912,VELAN KARTHIK,93.1199232,97.7035859,87.67,97.83,0,NORMAL,
7723,EN26212555,DURGESH NITIN PATIL,93.1199232,99.0892392,83.33,91.6,0,NORMAL,
7724,EN26155845,PARIN SUNIL GITE,93.1174725,43.723793,39.33,86.6,0,NORMAL,
7725,EN26488725,RAJARSHI RAMPRABHANJAN CHOUDHARY,93.1174725,88.245893,90.33,96.2,2,MEDIUM,CET_vs_HSC: CET is LOWER than expected by 64 rank pts; CET_vs_HSC_SSC: CET is LOWER than expected by 66 rank pts
7726,EN26386704,VEDANT PRAVIN ALAT,93.1174725,86.4436823,70.67,87.0,0,NORMAL,
7727,EN26319874,KARTIK BHAGWAN MANGDE,93.1174725,93.9707059,73.33,95.6,0,NORMAL,
7728,EN26389725,NEEL NANDKISHOR SAWANT,93.1174725,93.8059643,79.0,94.8,0,NORMAL,
7729,EN26362062,ABHAY ASHOK SHARNAGAT,93.1174725,92.1732083,87.0,87.4,0,NORMAL,
7730,EN26362533,KAAVY VIJAY MUSADDI,93.1174725,94.243738,74.67,96.6,0,NORMAL,
7731,EN26113253,AJAY RAMHARI KALEL,93.1174725,97.9285523,79.0,90.4,0,NORMAL,
7732,EN26330582,AKSHAJA AKSHAY RANDALE,93.1174725,97.7449977,77.67,93.4,0,NORMAL,
7733,EN26118950,AYUSH BISHT,93.1174725,98.797718,92.67,93.16,0,NORMAL,
7734,EN26338169,MANTHAN RAHUL DESHMANE,93.1174725,99.477303,81.0,95.6,0,NORMAL,
7735,EN26105408,AAFTAB AMIN KHOJA,93.1174725,99.8621587,85.33,94.2,1,LOW,CET_vs_JEE: CET is HIGHER than expected by 62 rank pts
7736,EN26192992,JUI KAPSE,93.1174725,98.6758679,76.0,92.83,0,NORMAL,
7737,EN26338561,ARIHANT SHARAN,93.1174725,96.996587,87.67,94.6,0,NORMAL,
7738,EN26421413,WAGHMODE OMKAR MADHAV,93.1174725,67.458483,54.33,88.0,0,NORMAL,
7739,EN26388996,YUVRAJ HANSAJI MOHITE,93.1169678,99.2148392,71.67,89.6,0,NORMAL,
7740,EN26194124,KARTIK SANJAY MALANI,93.1169678,99.3657344,87.0,94.8,0,NORMAL,
7741,EN26125198,SHLOK RAVINDRA DESHPANDE,93.1169678,98.6898385,76.67,91.6,0,NORMAL,
7742,EN26347051,ADITYA RAJESH RATHOD,93.1169678,96.433947,59.67,92.4,0,NORMAL,
7743,EN26336910,ABHISHEK HARI GHULE,93.1169678,95.1724675,67.67,95.8,0,NORMAL,
7744,EN26339633,TEJONIDHI JAYESH JOSHI,93.1169678,98.6222068,78.0,93.8,0,NORMAL,
7745,EN26140787,NIHAL SHARMA,93.1169678,98.9658544,97.67,98.6,0,NORMAL,
7746,EN26180557,SWARALI SATYAJIT SALGAONKAR,93.1169678,97.9193354,85.67,97.0,0,NORMAL,
7747,EN26335185,NIKHIL ANAND ALHAT,93.1169678,99.143221,80.0,92.6,0,NORMAL,
7748,EN26305726,ONKAR GUNDHAR MAGDUM,93.1169678,98.6494997,69.33,96.2,0,NORMAL,
7749,EN26467032,ABHIJIT ROUT,93.1169678,,83.0,95.4,0,NORMAL,
7750,EN26356384,SOHAM BANG,93.1169678,97.7201365,82.67,95.0,0,NORMAL,
7751,EN26154921,SHAARAV KHUSHAL DIWANI,93.1169678,95.7937272,90.33,97.0,1,LOW,CET_vs_HSC_SSC: CET is LOWER than expected by 57 rank pts
7752,EN26391707,ARAV ASHISH GUPTA,93.1169678,96.8852136,78.67,94.5,0,NORMAL,
7753,EN26102320,SWARA DNYANESHWAR KHADE,93.1169678,93.0429397,80.33,90.8,0,NORMAL,
7754,EN26354119,SAMYAK MANOJ POPHALI,93.1169678,97.3971254,81.33,93.33,0,NORMAL,
7755,EN26112426,TEJAS BINOD KUMAR,93.1169678,99.9612012,54.0,78.5,3,HIGH,CET_vs_JEE: CET is HIGHER than expected by 66 rank pts; CET_vs_HSC: CET is HIGHER than expected by 78 rank pts; CET_vs_HSC_SSC: CET is HIGHER than expected by 84 rank pts
7756,EN26164802,NIMISH NISHANT DHERE,93.1139846,97.9968203,68.67,93.0,0,NORMAL,
7757,EN26140440,SAMARTH SOMNATH KUMBHAR,93.1139846,98.6435886,81.0,93.0,0,NORMAL,
7758,EN26332695,VINAY VASUDEO SHIRSAT,93.1139846,83.0532651,66.67,90.0,0,NORMAL,
7759,EN26245097,RUGVED NITIN KHARAT,93.1139846,96.7001378,87.0,95.66,0,NORMAL,
7760,EN26183338,VEDANT SHAILESH GUNDEWAR,93.1139846,99.3268652,84.33,88.0,0,NORMAL,
7761,EN26368947,YADAV SARVESH KUMAR PRAVESH KUMAR,93.1083253,97.510102,71.0,85.8,0,NORMAL,
7762,EN26150461,AGRANI AJAY GUPTA,93.1083253,98.6762936,85.33,93.66,0,NORMAL,
7763,EN26386456,NIKITA PRALHAD JAGTAP,93.1083253,94.243738,82.0,93.6,0,NORMAL,
7764,EN26178130,DESAI KHYATI PIYUSH,93.1083253,98.1734676,90.33,94.8,0,NORMAL,
7765,EN26148157,MAYURI SOPAN NEMADE,93.1083253,96.9031415,86.0,80.33,0,NORMAL,
7766,EN26356846,DARSH SATISH MANTRI,93.1083253,94.8860653,63.0,94.0,0,NORMAL,
7767,EN26158644,ANUSHKA PANWAR,93.1083253,99.0724212,86.67,94.5,0,NORMAL,
7768,EN26193001,AKSHAT MANTRI,93.1083253,96.8036058,63.67,90.8,0,NORMAL,
7769,EN26161293,SANDHARBH MOHANRAO NATHE,93.1083253,98.6435886,71.33,90.4,0,NORMAL,
7770,EN26147440,KUSH VIRENDRA HANAMSHETH,93.1083253,95.647381,72.33,86.8,0,NORMAL,
7771,EN26199051,ARYAN CHUDAMAN BORASTE,93.1083253,98.03989,79.67,90.5,0,NORMAL,
7772,EN26118232,SWARUP PRASHANT BIYANI,93.1083253,98.196704,78.33,95.4,0,NORMAL,
7773,EN26216586,PRATIKSHA VITTHAL MHASKE,93.1063932,99.1045706,76.67,85.0,0,NORMAL,
7774,EN26308890,SHREYASH VITTHALRAO POUL,93.1063932,96.3941538,69.0,95.6,0,NORMAL,
7775,EN26275445,BHUSARE OMKAR PRALHADRAO,93.1063932,97.9968203,64.33,98.6,0,NORMAL,
7776,EN26386213,KUNAL SANJAY GAWHALE,93.1063932,,88.67,62.2,0,NORMAL,
7777,EN26115065,SHANTANU DEEPAK PATEKAR,93.1063932,98.1066,86.0,86.66,0,NORMAL,
7778,EN26338290,LANDGE TUSHAR SANJAY,93.1063932,96.8875086,58.33,90.6,0,NORMAL,
7779,EN26151982,SUMEDHA NATH,93.1063932,96.3174061,93.33,95.4,2,MEDIUM,CET_vs_HSC: CET is LOWER than expected by 55 rank pts; CET_vs_HSC_SSC: CET is LOWER than expected by 54 rank pts
7780,EN26362394,SAUMYA UMESH BANSOD,93.1063932,95.5511974,81.33,92.4,0,NORMAL,
7781,EN26204203,PRANAV DATTATRAY VEER,93.1063932,96.2409787,73.0,93.8,0,NORMAL,
7782,EN26359164,GARIMA MAHESH VALECHA,93.1063932,93.0429397,66.33,78.0,0,NORMAL,
7783,EN26227736,OM ANIL JORWAR,93.1063932,96.113225,82.33,89.5,0,NORMAL,
7784,EN26160533,DHAIRYA MILAN DAGLI,93.1063932,97.7035859,82.67,93.0,0,NORMAL,
7785,EN26102413,MANASHVI RANJAN,93.1063932,97.4706885,80.67,96.2,0,NORMAL,
7786,EN26429276,VEDIKA DIGAMBAR DONGRE,93.1063932,95.8464164,90.33,95.2,0,NORMAL,
7787,EN26127412,VISHWANKIT NITIN PANDHARE,93.0957894,99.0892392,94.0,97.0,0,NORMAL,
7788,EN26251933,SAIRAJ SURESH SATHE,93.0957894,97.3130965,81.0,88.4,0,NORMAL,
7789,EN26155923,VIHAAN VINOD MANCHI,93.0957894,98.8608813,85.0,93.66,0,NORMAL,
7790,EN26255627,SHRUTIKA SANTOSH GARGOTE,93.0957894,98.3419888,89.67,95.0,0,NORMAL,
7791,EN26247172,YUVRAJ AVNISH YADAV,93.0957894,74.5525612,48.0,75.33,0,NORMAL,
7792,EN26466042,RUCHITA BHAVESHKUMAR TRIVEDI,93.0957894,,73.0,93.66,0,NORMAL,
7793,EN26393461,RUDRANGSHU SENGUPTA,93.0957894,98.8788315,93.67,96.16,0,NORMAL,
7794,EN26123913,PRANAV MEGHRAJ PATIL,93.0957894,98.2441265,69.0,97.4,0,NORMAL,
7795,EN26334287,SONTAKKE MOHIT RAMBHAU,93.0957894,98.5350565,80.67,91.8,0,NORMAL,
7796,EN26293681,PARTH PANDEY,93.0957894,,77.0,70.16,0,NORMAL,
7797,EN26300425,RUSHIKESH ARAVIND PAWAR,93.0957894,96.6688364,71.0,87.0,0,NORMAL,
7798,EN26344073,SURAJ BABASAHEB KUSEKAR,93.0791562,73.6510161,59.67,63.2,0,NORMAL,
7799,EN26136797,DNYANDEV BALU WAGHMODE,93.0791562,96.8875086,72.67,91.8,0,NORMAL,
7800,EN26272128,MAYURESH MAHADEV RAKH,93.0791562,97.107136,89.33,83.2,0,NORMAL,
7801,EN26353357,RAJNANDINI YUVRAJ PATIL,93.0791562,95.7279024,67.67,95.8,0,NORMAL,
7802,EN26390214,SINGH ANIKET MANOJ KUMAR,93.0791562,96.8804098,72.0,89.0,0,NORMAL,
7803,EN26191819,ARYAN KUMAR SINGH,93.0791562,98.1021539,68.0,86.8,0,NORMAL,
7804,EN26334961,VAISHNAVI RAMCHANDRA RAJOPADHYE,93.0791562,96.8936433,64.33,94.4,0,NORMAL,
7805,EN26322392,SARVESH SUDIP ABHYANKAR,93.0791562,94.3971331,67.33,95.2,0,NORMAL,
7806,EN26320503,DHABARDE SAMYAK SANJAY,93.0791562,95.4536104,78.67,89.2,0,NORMAL,
7807,EN26180200,SIDDHESH VIKAS KAWALE,93.0791562,95.2061875,71.67,91.2,0,NORMAL,
7808,EN26144856,MOKSHA SAGAR SHAH,93.0791562,97.1376091,77.67,93.0,0,NORMAL,
7809,EN26395389,FARHAN AMIR MULLA,93.0791562,96.4320221,80.67,88.0,0,NORMAL,
7810,EN26370427,VARDHAM BHARAT SIDANALE,93.0791562,96.5336351,79.0,91.8,0,NORMAL,
7811,EN26238255,VISHAL RAJU MHASKE,93.0791562,98.6218173,94.33,97.4,0,NORMAL,
7812,EN26109350,YAJAS MITESH BAGADIA,93.0692465,98.8588712,76.33,97.33,0,NORMAL,
7813,EN26391868,DHRUV MANOJ LIKHAR,93.0692465,95.9770336,75.67,85.8,0,NORMAL,
7814,EN26167094,SANDESH NAVNATH KHARAT,93.0692465,93.0414085,46.33,77.4,0,NORMAL,
7815,EN26395245,ASAWARI BALASAHEB PATIL,93.0692465,99.1512886,81.33,95.2,0,NORMAL,
7816,EN26342003,SANSKAR APPASAHEB DONGARE,93.0692465,98.6612515,66.33,89.0,0,NORMAL,
7817,EN26420998,FENIL NITIN SHAH,93.0692465,99.5460666,70.33,89.4,2,MEDIUM,CET_vs_HSC: CET is HIGHER than expected by 55 rank pts; CET_vs_HSC_SSC: CET is HIGHER than expected by 58 rank pts
7818,EN26293240,KULKARNI ATHARV DHANANJAY,93.0692465,97.5497917,71.33,98.8,0,NORMAL,
7819,EN26341905,AASHI SRIVASTAVA,93.0692465,94.9303758,95.67,95.5,2,MEDIUM,CET_vs_HSC: CET is LOWER than expected by 64 rank pts; CET_vs_HSC_SSC: CET is LOWER than expected by 64 rank pts
7820,EN26446550,SHASHTHAV KASHYAP,93.0692465,,78.67,95.2,0,NORMAL,
7821,EN26380388,VINAYAK MONAPPA PUJARI,93.0643903,76.2668468,54.33,92.0,0,NORMAL,
7822,EN26213692,SARVESH PRAVEEN MAHADIK,93.0643903,97.0991989,84.33,96.4,0,NORMAL,
7823,EN26104792,ABHISHEK PRAMOD DIVE,93.0643903,88.4219058,51.67,75.0,0,NORMAL,
7824,EN26215510,AARYA PRASAD DESHMUKH,93.0643903,95.9065146,81.0,89.6,0,NORMAL,
7825,EN26120615,MAYURESH VINOD JADHAV,93.0643903,67.9621973,87.0,91.0,2,MEDIUM,CET_vs_HSC: CET is LOWER than expected by 60 rank pts; CET_vs_HSC_SSC: CET is LOWER than expected by 53 rank pts
7826,EN26302913,ISHAAN MANGESH KULKARNI,93.0643903,97.1170545,84.33,91.2,0,NORMAL,
7827,EN26150317,AMOGH VISHNUKANT PANDE,93.0643903,63.5035466,52.0,71.42,0,NORMAL,
7828,EN26102272,VEDANT SUNIL PAWAR,93.0643903,98.7815884,81.0,82.8,0,NORMAL,
7829,EN26168651,SAHNEY PARAM,93.0643903,98.4569438,83.33,89.0,0,NORMAL,
7830,EN26267366,MAYANK SAMIT BODKHE,93.0643903,96.2590235,68.0,92.8,0,NORMAL,
7831,EN26177771,AYAAN ANSARI,93.0643903,92.3471157,94.33,95.16,2,MEDIUM,CET_vs_HSC: CET is LOWER than expected by 68 rank pts; CET_vs_HSC_SSC: CET is LOWER than expected by 67 rank pts
7832,EN26341301,PATIL LALIT TUSHAR,93.0643903,96.2707087,67.33,91.0,0,NORMAL,
7833,EN26448458,RAHADE RUSHIKESH UDHAV,93.0643903,95.6128536,90.33,92.2,0,NORMAL,
7834,EN26442520,HRITIKA KESHARWANI,93.0438838,96.1774744,70.33,91.2,0,NORMAL,
7835,EN26110268,SASWADE NEEL TUSHAR,93.0438838,97.4914261,77.67,76.4,0,NORMAL,
7836,EN26185549,SATWIK BAJIRAO KURADE,93.0438838,97.8098824,85.33,92.0,0,NORMAL,
7837,EN26189054,VEDANT SHRIJEET KAJAVE,93.0438838,98.5565976,78.0,89.4,0,NORMAL,
7838,EN26198912,YASH AVINASH BANKAR,93.0438838,99.478315,87.33,92.2,0,NORMAL,
7839,EN26182581,NISHCHAL MILINDKUMAR DWIVEDI,93.0438838,99.4436032,82.33,96.0,0,NORMAL,
7840,EN26251500,NAKSHTRA SANTOSH MANDKE,93.0438838,87.8873794,79.67,71.66,0,NORMAL,
7841,EN26254782,VIRAJ DILIP SHINDE,93.0438838,98.8276853,81.67,87.6,0,NORMAL,
7842,EN26206196,PARTH GYANENDRA KUMAR AGRAWAL,93.0438838,90.354069,59.33,86.14,0,NORMAL,
7843,EN26248953,SUJAL SUDHIR ARGADE,93.0434717,91.7858261,58.33,70.2,0,NORMAL,
7844,EN26120047,KANISHK YOGESH PANDE,93.0434717,98.297856,82.33,95.8,0,NORMAL,
7845,EN26244198,GERIK JITESH KOTHARI,93.0434717,99.5863418,85.33,92.33,0,NORMAL,
7846,EN26278909,SHAURYA PRAKASH VHORA,93.0434717,92.9316795,73.0,95.0,0,NORMAL,
7847,EN26143465,SAHIL GODARA,93.0434717,97.8301745,73.0,82.2,0,NORMAL,
7848,EN26248034,NIKHIL DATTATRAY MOHITE,93.0434717,99.0639786,74.33,97.8,0,NORMAL,
7849,EN26238174,TATVA JAYESH SHAH,93.0434717,98.8613195,76.67,92.2,0,NORMAL,
7850,EN26322066,DHAKITE RAJ ANIL,93.0434717,96.0287137,67.67,92.8,0,NORMAL,
7851,EN26266423,SAMIKSHA ARJUN KATE,93.0434717,98.3477163,88.0,96.4,0,NORMAL,
7852,EN26108514,OM KISHOR YELKEWAR,93.0434717,84.4137833,68.67,87.8,0,NORMAL,
7853,EN26127959,MANYATA AGRAWAL,93.0434717,,74.33,89.8,0,NORMAL,
7854,EN26266153,SHRUTI JAYAPAL MAGAR,93.0434717,97.1546136,85.67,95.2,0,NORMAL,
7855,EN26178110,VEDIKA LOHIYA,93.0434717,96.8852136,74.33,97.66,0,NORMAL,
7856,EN26218017,SURAJ DEELIPRAO KAKDE,93.0434717,98.0978932,66.33,97.6,0,NORMAL,
7857,EN26145666,KHUSHI DARSHAN BHUTADA,93.0431699,99.1791202,83.33,93.83,0,NORMAL,
7858,EN26245277,DHIRAJ WASUDEO GHAYAL,93.0431699,99.6682782,78.33,93.6,0,NORMAL,
7859,EN26136311,AAYUSHI HEMANT LOKHANDE,93.0431699,96.3555898,74.67,92.4,0,NORMAL,
7860,EN26184223,GAURAV BADARINARAYAN KONDKE,93.0431699,99.478315,88.33,93.2,0,NORMAL,
7861,EN26118888,ANANYA GUPTA,93.042206,98.8769155,59.67,89.0,0,NORMAL,
7862,EN26192029,MAYURESH PRAKASH WAGHIRE,93.042206,97.2756467,66.67,86.8,0,NORMAL,
7863,EN26459253,SAJID AHMAD SAJJAD AHESAN,93.042206,91.0694792,65.0,84.4,0,NORMAL,
7864,EN26182088,SAGAR SUNIL PAI,93.042206,99.7610922,92.0,96.4,1,LOW,CET_vs_JEE: CET is HIGHER than expected by 59 rank pts
7865,EN26362687,SAMARTH VISHNU SURYAWANSHI,93.042206,99.09598,75.67,91.6,0,NORMAL,
7866,EN26171500,RADHIKA SANTOSH PUROHIT,93.042206,97.1665783,71.0,93.8,0,NORMAL,
7867,EN26159933,SAUMYA SANDILYA,93.042206,96.7365967,77.67,94.4,0,NORMAL,
7868,EN26118509,SAHU KRISHNAKUMAR RANJIT,93.042206,97.4894207,84.67,87.6,0,NORMAL,
7869,EN26274642,ARYAN JAYESH CHAUDHARI,93.042206,96.0041408,56.0,90.4,0,NORMAL,
7870,EN26381630,SHAIKH AHMADULLAH,93.042206,98.0818957,76.33,91.8,0,NORMAL,
7871,EN26314160,ABIRAMI RITESH DESHMUKH,93.042206,75.9291421,62.67,87.4,0,NORMAL,
7872,EN26260974,RUTUJA RAJENDRA MANDLE,93.0373021,90.651656,72.67,100.0,0,NORMAL,
7873,EN26402593,ARHAM DARSHAN JAIN,93.0373021,99.9346807,87.0,95.0,1,LOW,CET_vs_JEE: CET is HIGHER than expected by 66 rank pts
7874,EN26112099,SUNRUT SANJYOT PHADKE,93.0373021,97.2756467,68.33,97.0,0,NORMAL,
7875,EN26348110,RUSHIKESH DATTA SURYAVANSHI,93.0373021,96.9232385,77.33,86.0,0,NORMAL,
7876,EN26246735,ANIKET RAVINDRA SATRE,93.0373021,96.0852595,81.67,95.8,0,NORMAL,
7877,EN26149363,SARTHAK GAJANAN BANDEWAR,93.0373021,97.5014998,70.0,90.4,0,NORMAL,
7878,EN26307285,DARSHEEL CHHAJED,93.0373021,97.940521,85.67,94.5,0,NORMAL,
7879,EN26248723,ALI SAMINA JUZER,93.0373021,98.9761764,68.33,94.2,0,NORMAL,
7880,EN26357736,MEET SHEKHAR PARMAR,93.0373021,97.98376,74.33,90.66,0,NORMAL,
7881,EN26399508,DEVAL MISHRA,93.0373021,,81.0,91.6,0,NORMAL,
7882,EN26175639,TANISHKA AJIT PAWAR,93.0373021,98.8016073,84.67,96.4,0,NORMAL,
7883,EN26121857,RUGAVED KONDBA NARWADE,93.0373021,97.4499655,77.0,88.0,0,NORMAL,
7884,EN26115034,SAVRAV,92.9856865,95.1347459,66.67,77.0,0,NORMAL,
7885,EN26232545,WAYAL TANISHQ GAJANAN,92.9856865,93.9889579,93.67,95.0,2,MEDIUM,CET_vs_HSC: CET is LOWER than expected by 64 rank pts; CET_vs_HSC_SSC: CET is LOWER than expected by 63 rank pts
7886,EN26231783,SHRINIL SANTOSH BACCHEWAR,92.9856865,99.3693062,78.33,96.2,0,NORMAL,
7887,EN26394561,SYEDA ZUBIA ARMA HASHMI SYED ARSHAD ALI HASHMI,92.9856865,99.0189208,82.0,91.2,0,NORMAL,
7888,EN26487358,ARYAN RAMESHRAO DUDHATE,92.9856865,88.4177906,67.0,94.0,0,NORMAL,
7889,EN26171416,SHREYA ATUL NANEKAR,92.9856865,97.7345783,78.33,91.4,0,NORMAL,
7890,EN26340735,PAVAN TILKRAM MORYA,92.9856865,98.5817805,74.33,78.4,0,NORMAL,
7891,EN26101035,SHARAV RAJNISH GAVHALE,92.9830364,27.8805461,43.67,60.6,0,NORMAL,
7892,EN26435355,DESAI KRISHA,92.9830364,98.1588435,88.67,92.16,0,NORMAL,
7893,EN26399162,ADITI BALAJI SHINDE,92.9830364,98.0628957,71.67,96.8,0,NORMAL,
7894,EN26131553,HEMAL SUJITKUMAR VARMA,92.9830364,97.8098824,76.33,94.6,0,NORMAL,
7895,EN26461363,MAYANK SHARMA,92.9625365,,72.33,86.6,0,NORMAL,
7896,EN26334453,ABHINAV GANGADHAR KHANDARE,92.9625365,97.9249147,65.33,92.0,0,NORMAL,
7897,EN26314565,SHARVIL SANJEEV JOSHI,92.9625365,96.9526275,75.0,96.6,0,NORMAL,
7898,EN26370240,SHIVAM BAJRANG PATIL,92.9625365,98.8995873,71.33,84.8,0,NORMAL,
7899,EN26442736,SHARVARI SANTOSH DAKARE,92.9625365,99.4371482,80.0,94.6,0,NORMAL,
7900,EN26134105,AYUSH VIJAY SALUNKHE,92.9625365,98.2052656,95.67,90.0,0,NORMAL,
7901,EN26279162,CHINMAY VIJAY FIRAKE,92.9625365,97.1637483,81.0,94.0,0,NORMAL,
7902,EN26242323,KANAN FOTEDAR,92.9625365,,82.67,92.66,0,NORMAL,
7903,EN26296628,ABHISHEK TRIBHUVAN PRAJAPATI,92.9625365,97.4894207,92.67,92.2,0,NORMAL,
7904,EN26294468,HARSH SANTOSH MORE,92.948057,95.022244,97.26,89.5,2,MEDIUM,CET_vs_HSC: CET is LOWER than expected by 65 rank pts; CET_vs_HSC_SSC: CET is LOWER than expected by 53 rank pts
7905,EN26369187,SAMARTH MISRA,92.948057,98.2656941,80.0,94.8,0,NORMAL,
7906,EN26105219,DHAIRYA SAPATE,92.948057,98.5077241,68.33,91.4,0,NORMAL,
7907,EN26233500,ATHARVA VIKAS MORE,92.948057,96.8479282,81.33,94.4,0,NORMAL,
7908,EN26451041,YASHARTH MANOJ KANKARAIYYA,92.948057,96.7120842,84.33,93.1,0,NORMAL,
7909,EN26430828,AKARSH ALANKAR RAOKA,92.948057,97.4167804,81.33,85.2,0,NORMAL,
7910,EN26242228,NIMISHAKAVI SAI MOKSHITA,92.948057,97.8098824,91.33,97.0,0,NORMAL,
7911,EN26142138,PRANAV MAHENDRA WALUNJ,92.948057,96.0674946,71.0,81.5,0,NORMAL,
7912,EN26147097,ABHIJEET RANJIT DESHMUKH,92.9472499,92.3369677,69.67,78.8,0,NORMAL,
7913,EN26317498,RUDRA JIGNESH PANCHAL,92.9472499,98.8698563,73.0,86.2,0,NORMAL,
7914,EN26123712,BHAVIKA ASATI,92.9472499,98.9878776,85.67,94.0,0,NORMAL,
7915,EN26291688,AVANISH DIPAK JADHAV,92.9472499,98.797718,68.0,91.2,0,NORMAL,
7916,EN26155880,SHREYASH GURUDATTA BHASME,92.9472499,98.0144531,76.67,92.0,0,NORMAL,
7917,EN26144296,MUNDADA NIKUNJ ASHISH,92.9472499,98.0167272,82.0,96.4,0,NORMAL,
7918,EN26164540,SOHAM NITIN JADHAV,92.9472499,97.628377,84.33,96.66,0,NORMAL,
7919,EN26325585,CHAITANY PANDIT PALASKAR,92.9472499,97.189844,81.0,93.6,0,NORMAL,
7920,EN26301916,TANVI GOVARDHAN PATIL,92.9472499,96.94069,76.67,98.4,0,NORMAL,
7921,EN26168387,OM VASANT PIPARE,92.9472499,96.9378727,90.33,94.6,0,NORMAL,
7922,EN26276467,MANTHAN DEEPAK RAUT,92.9472499,98.4569438,62.0,91.4,0,NORMAL,
7923,EN26267644,SARVESH MILIND PANDE,92.9472499,97.8587922,84.67,95.0,0,NORMAL,
7924,EN26301373,SHRIGANESH RAJENDRA KOLHE,92.9472499,97.610882,88.67,90.6,0,NORMAL,
7925,EN26263486,SWANAND BALASAHEB PANDE,92.9472499,97.1637483,75.33,89.33,0,NORMAL,
7926,EN26485189,HIMANSHU KUMAR SINGH,92.9472499,,69.0,86.0,0,NORMAL,
7927,EN26260905,DEEKSHYA NISHIKANTA MOHAPATRA,92.9472499,99.3693062,86.33,95.8,0,NORMAL,
7928,EN26261900,SONAVANE SHRAVANI SHIVAJI,92.9472499,81.6127789,87.33,88.4,1,LOW,CET_vs_HSC: CET is LOWER than expected by 59 rank pts
7929,EN26251539,ZAIN SHAHWAR KAZI,92.9472499,95.0750038,83.0,91.16,0,NORMAL,
7930,EN26285160,YASH SINGH KATTAURA,92.9400311,78.0162614,50.33,91.0,0,NORMAL,
7931,EN26225935,HIMANSHU VINOD BHARAMBE,92.9400311,93.7153061,88.33,96.2,2,MEDIUM,CET_vs_HSC: CET is LOWER than expected by 55 rank pts; CET_vs_HSC_SSC: CET is LOWER than expected by 58 rank pts
7932,EN26403662,ACHAL GUPTA,92.9400311,99.0069374,86.0,96.2,0,NORMAL,
7933,EN26179691,PRITHVIRAJ GAJENDRA PATIL,92.9400311,98.4641638,70.67,92.4,0,NORMAL,
7934,EN26129451,AHANA AMIT ANEKAR,92.9400311,95.3082494,96.67,96.0,2,MEDIUM,CET_vs_HSC: CET is LOWER than expected by 63 rank pts; CET_vs_HSC_SSC: CET is LOWER than expected by 64 rank pts
7935,EN26382819,ROHIT RAVINDRA BORSE,92.9400311,97.4328274,84.67,94.0,0,NORMAL,
7936,EN26124170,ATHARVA SANDEEP NARKHEDE,92.9400311,97.9647599,77.67,91.6,0,NORMAL,
7937,EN26142456,SINGH ADITYA DEEPAK KUMAR,92.9400311,97.6294546,83.33,94.6,0,NORMAL,
7938,EN26161365,ZAID JAVID KHAN,92.9400311,96.8345273,77.33,84.0,0,NORMAL,
7939,EN26105671,NIKHIL NIRANJAN KULKARNI,92.9400311,98.1161695,78.67,93.4,0,NORMAL,
7940,EN26370442,HARSH MAHESH ANGANE,92.9400311,97.023932,69.0,87.4,0,NORMAL,
7941,EN26355484,HITANSH JITESH JAIN,92.9400311,95.978417,85.0,95.83,0,NORMAL,
7942,EN26124078,SHLESHA SANJAY GHARE,92.9400311,95.5511974,90.67,94.33,0,NORMAL,
7943,EN26182252,NETIKA SINGHATWADIA,92.9400311,92.1789653,80.0,93.4,0,NORMAL,
7944,EN26265082,ARCHIT ANIKET BAKORE,92.9400311,99.0867404,89.67,97.6,0,NORMAL,
7945,EN26270900,YASH SANJAY WARKE,92.9400311,95.9365257,74.67,92.83,0,NORMAL,
7946,EN26341663,ADITYA MANISH RAJGURE,92.9400311,96.5942413,67.0,94.6,0,NORMAL,
7947,EN26261105,ANANYA KAMLESH KULKARNI,92.9382941,95.0655625,65.67,94.8,0,NORMAL,
7948,EN26144836,RIDDHI RAMAKANT SANKHE,92.9382941,97.35148,87.0,94.0,0,NORMAL,
7949,EN26185196,PATIL ADITI MAHESH,92.9382941,97.1923599,78.0,95.16,0,NORMAL,
7950,EN26211254,AYUSH RAMESHWAR NAKHATE,92.9382941,95.6149583,83.33,91.6,0,NORMAL,
7951,EN26327061,KRISHNA SUBHASH DHANOKAR,92.9382941,97.5716591,67.33,92.2,0,NORMAL,
7952,EN26235226,RUGVED KISHORE BHAGAT,92.9382941,92.2738405,77.67,89.0,0,NORMAL,
7953,EN26238944,ARJUN GHANSHYAM PATIL,92.9382941,95.0655625,91.0,97.0,2,MEDIUM,CET_vs_HSC: CET is LOWER than expected by 57 rank pts; CET_vs_HSC_SSC: CET is LOWER than expected by 61 rank pts
7954,EN26377592,MANASI SURESH DURE,92.9382941,99.0524224,75.0,93.4,0,NORMAL,
7955,EN26411922,ARNAV KUMAR,92.9382941,98.3776334,83.67,95.33,0,NORMAL,
7956,EN26279580,ADITYA RAJENDRA PAWAR,92.9382941,97.1601104,78.67,91.4,0,NORMAL,
7957,EN26143020,NEIL ROHIDAS PAWAR,92.9382941,94.0729324,84.33,96.4,0,NORMAL,
7958,EN26266765,SHRUTI SOMRAJ PATIL,92.9382941,98.6451406,83.67,94.8,0,NORMAL,
7959,EN26114444,OMKAR PRADIP SALUNKE,92.9382941,91.9625508,83.33,90.4,0,NORMAL,
7960,EN26203915,SANIKA SANTOSH PRASADE,92.9382941,96.5817647,85.33,96.0,0,NORMAL,
7961,EN26159731,ALIVIA ROY,92.9340905,97.192403,76.33,92.33,0,NORMAL,
7962,EN26322540,RAM NILESH GIRHE,92.9340905,98.0655851,73.0,90.33,0,NORMAL,
7963,EN26354393,SUHANA RIYAJ SHAIKH,92.9340905,97.5497917,74.67,97.4,0,NORMAL,
7964,EN26430579,ARYVEER JAGDISHWAR TAWDE,92.9340905,98.0921502,65.33,94.4,0,NORMAL,
7965,EN26347698,TUSHAR PAPU THORAT,92.9340905,93.0903303,59.0,83.2,0,NORMAL,
7966,EN26202036,SHLOK AMIT GADIYA,92.9340905,99.0432453,80.0,92.0,0,NORMAL,
7967,EN26132798,ANKUSH SANJAY PANDEY,92.9340905,98.6962457,76.67,92.4,0,NORMAL,
7968,EN26207378,HARSHIL JAYESH DARJI,92.9340905,99.1074241,74.67,91.6,0,NORMAL,
7969,EN26382320,CHAITANYA GIRIJAKANT VAIRAGKAR,92.9340905,95.0784112,74.0,99.6,0,NORMAL,
7970,EN26202904,MANSI UMESH GAIKWAD,92.9340905,99.3979391,80.67,96.4,0,NORMAL,
7971,EN26306010,ANIKA AMOL JAWALEKAR,92.9340905,98.7819872,73.33,96.2,0,NORMAL,
7972,EN26132930,TANVI MAHESH SUPEKAR,92.9340905,97.2886818,64.33,98.0,0,NORMAL,
7973,EN26445546,PIYUSH VIJAY GAIKWAD,92.9340905,96.1559696,81.33,88.8,0,NORMAL,
7974,EN26332977,SARTHAK RAJENDRA DANGE,92.9340905,96.5386733,84.0,97.2,0,NORMAL,
7975,EN26383238,MANAV MAHESHKUMAR AHUJA,92.9340905,99.2534423,69.0,94.0,0,NORMAL,
7976,EN26163218,PARTH NARENDRA BRAHMANKAR,92.9340905,97.0303948,81.0,89.6,0,NORMAL,
7977,EN26232249,KHUSHAL BHAGWANT PAWAR,92.9340905,93.9724337,66.33,89.6,0,NORMAL,
7978,EN26269403,RUTURAJ DATTATRAY PANDHARMISE,92.9340905,90.7163631,75.67,86.4,0,NORMAL,
7979,EN26369465,DHIRAJ DILIP KALRO,92.9340905,98.4296784,74.0,92.4,0,NORMAL,
7980,EN26244623,VYOM BHARGAVA,92.9340905,96.5942413,82.0,90.66,0,NORMAL,
7981,EN26326685,SANVI RAJENDRA CHAUDHARI,92.9340905,96.6453344,91.33,91.2,0,NORMAL,
7982,EN26413891,MANRAJ SINGH CHHABRA,92.9113438,94.2531106,60.0,92.66,0,NORMAL,
7983,EN26340715,HARSHITA,92.9113438,,76.0,94.33,0,NORMAL,
7984,EN26382406,TEJAS BHARAT UGHADE,92.9113438,95.4482415,70.67,94.6,0,NORMAL,
7985,EN26183145,DEVIDAS AMOL PATIL,92.9113438,91.6505265,69.33,97.8,0,NORMAL,
7986,EN26324554,GAURI RAJESH MANGIRE,92.9113438,99.9338161,90.0,98.6,1,LOW,CET_vs_JEE: CET is HIGHER than expected by 66 rank pts
7987,EN26332358,RACHIT KULKARNI,92.9113438,98.7055937,88.33,98.4,0,NORMAL,
7988,EN26368939,RISHI RAJABHAU KHANDE,92.9113438,98.8068517,74.0,94.8,0,NORMAL,
7989,EN26246173,NAVYA MADHUSUDANAN PILLAI,92.9113438,96.7647625,90.67,97.66,0,NORMAL,
7990,EN26341293,PAGIRE DNYANESHWARI PANDURANG,92.9113438,98.3761272,74.0,95.8,0,NORMAL,
7991,EN26105966,HARSH MADHAVRAO RATHOD,92.9113438,97.5899394,89.0,94.0,0,NORMAL,
7992,EN26199226,ARYAMAN VIVEK PIPLANI,92.9113438,98.3419888,86.33,95.66,0,NORMAL,
7993,EN26100527,RAUNAK MANISH PUJARI,92.9113438,95.9365257,71.33,85.0,0,NORMAL,
7994,EN26254930,MOHAMMED YAHYA JAMEEL AHMED,92.9113438,95.8390646,67.67,84.83,0,NORMAL,
7995,EN26160899,VIVEK VENKAT SOMVANSHI,92.9013296,99.1583618,84.0,94.66,0,NORMAL,
7996,EN26159538,PATIL NISHANT DINESH,92.9013296,98.3867855,71.33,84.8,0,NORMAL,
7997,EN26114947,ARYARAJ YUVARAJ MHETRE,92.9013296,97.8054608,65.0,84.8,0,NORMAL,
7998,EN26317750,GURUMESH BRAMHADEO MURADE,92.9013296,91.4124337,70.0,85.6,0,NORMAL,
7999,EN26170298,RAM SUDHIR SHARMA,92.9013296,98.6612515,75.33,94.83,0,NORMAL,
8000,EN26232232,OMRAJE PRADIP SOLANKE,92.9013296,98.996822,76.33,94.83,0,NORMAL,
8001,EN26348930,DHAVAL KIRAN KOTHAWADE,92.9013296,56.5580532,72.0,90.2,0,NORMAL,
8002,EN26381959,PRANJAL PRASHANT PAWAR,92.9013296,96.9819768,77.0,96.4,0,NORMAL,
8003,EN26118891,PEYUSH CHOTRANI,92.8945583,95.862761,82.33,88.16,0,NORMAL,
8004,EN26314013,GAWANDE OM VIJAYRAO,92.8945583,98.2533366,67.33,94.2,0,NORMAL,
8005,EN26359440,OMKAR NANASAHEB MALODE,92.8945583,93.8402527,89.67,88.16,1,LOW,CET_vs_HSC: CET is LOWER than expected by 57 rank pts
8006,EN26134178,SHIVAN KRISHNAN IYER,92.8945583,98.4131253,73.33,90.75,0,NORMAL,
8007,EN26425366,DEERGHA JAIN,92.8945583,,92.33,95.2,0,NORMAL,
8008,EN26204694,SWARALI GANESH PATIL,92.8945583,94.9780988,82.67,92.0,0,NORMAL,
8009,EN26108615,SAFA USMAN CHOUGLE,92.8945583,99.3245604,80.0,92.0,0,NORMAL,
8010,EN26208579,KOLEKAR ADITYA ABA,92.8945583,98.2894535,91.33,91.8,0,NORMAL,
8011,EN26305675,KOLAWALE AMRUTA SANJAY,92.8945583,98.6002947,76.67,89.5,0,NORMAL,
8012,EN26151983,PRASAD GAJANAN CHAVAN,92.8945583,98.7697578,78.33,100.0,0,NORMAL,
8013,EN26391012,TEJAS DEEPAK GORE,92.8945583,98.0913477,75.0,95.0,0,NORMAL,
8014,EN26121224,YASH VINOD CHAUDHARI,92.8945583,99.333359,80.0,95.16,0,NORMAL,
8015,EN26221827,KHADKE SHREYASH MANGESH,92.8945583,98.5973225,73.0,97.8,0,NORMAL,
8016,EN26176750,MRUNMAYEE MANDAR JOSHI,92.8945583,98.0167272,86.67,96.33,0,NORMAL,
8017,EN26270810,OMKAR JAYARAM SAKA,92.8945583,93.6707891,70.0,91.8,0,NORMAL,
8018,EN26252277,TOSHIT MODI,92.8945583,,84.33,95.6,0,NORMAL,
8019,EN26418216,AKANKSHA KRUSHNA POKALE,92.8945583,95.9065146,85.33,94.8,0,NORMAL,
8020,EN26126425,VISHNU VIJAY PASI,92.8945583,98.2975444,84.67,91.4,0,NORMAL,
8021,EN26305952,ARYAN KALURAM NAGAWADE,92.8945583,94.8431909,83.67,93.4,0,NORMAL,
8022,EN26388973,MANAS SURENDRA KUMAR YADAV,92.8945583,96.1393231,92.33,94.2,0,NORMAL,
8023,EN26295619,ARYA RAVAJI BORHADE,92.8945583,96.8345273,80.67,93.6,0,NORMAL,
8024,EN26174111,AARAV KUIYA,92.8893318,98.622643,79.0,86.83,0,NORMAL,
8025,EN26155187,DHRUV KAILASH SHIRSAT,92.8893318,87.3518409,53.0,78.8,0,NORMAL,
8026,EN26159242,KARTIK PRABHU GAWATE,92.8893318,94.7940349,82.67,96.4,0,NORMAL,
8027,EN26384580,AMEYA RAVINDRA PATHAK,92.8893318,98.3371048,92.0,91.2,0,NORMAL,
8028,EN26236561,VEDANT SHEKHAR JADHAV,92.8893318,96.996587,66.67,92.8,0,NORMAL,
8029,EN26107051,DEVANSHU MANGESH TALMALE,92.8893318,95.9770336,83.0,90.33,0,NORMAL,
8030,EN26175881,NEEL KISHOR PATIL,92.8893318,95.4990284,80.33,95.16,0,NORMAL,
8031,EN26110939,SHUBHAM SHARAD TATTE,92.8866131,99.3429647,75.67,90.8,0,NORMAL,
8032,EN26271025,ARYA HARISH DONDE,92.8866131,98.0744241,82.33,85.2,0,NORMAL,
8033,EN26299786,BORKAR ANIL MADAN,92.8866131,96.245889,93.33,84.6,1,LOW,CET_vs_HSC: CET is LOWER than expected by 55 rank pts
8034,EN26381390,AKASH DINESH UFADE,92.8866131,96.2091503,72.33,93.6,0,NORMAL,
8035,EN26318567,BIRLA POOJA MAHESH,92.8866131,96.0715243,65.67,94.0,0,NORMAL,
8036,EN26322917,VIKAS IRVANTA JAYSHET,92.8866131,97.0946979,58.0,94.8,0,NORMAL,
8037,EN26219371,SHIVTEJ DATTATRAY MORE,92.8862161,99.3029676,70.67,89.0,0,NORMAL,
8038,EN26155549,ISHANT VENKATRAO JADHAV,92.8862161,98.0780781,71.67,86.4,0,NORMAL,
8039,EN26225700,PIYUSH PRALHAD KUMBHAR,92.8862161,98.4193724,68.0,93.6,0,NORMAL,
8040,EN26100625,AARON SEBASTIAN,92.8862161,99.2975956,89.33,96.0,0,NORMAL,
8041,EN26425701,SHIVAM SHIVSHANKAR HAJGUDE,92.8862161,98.7923974,77.67,92.33,0,NORMAL,
8042,EN26151124,NAMIT CHETAN JAIN,92.8862161,98.196704,81.0,92.16,0,NORMAL,
8043,EN26111635,PAVITRA YADUVANSHI,92.8862161,98.9254087,70.33,94.4,0,NORMAL,
8044,EN26439106,JYOTIRADITYA SINGH THAKUR,92.8862161,98.0748364,76.0,84.4,0,NORMAL,
8045,EN26342022,ISHAAN HEMANT SURSE,92.8862161,96.2091503,73.33,87.83,0,NORMAL,
8046,EN26346492,JINAYY KIRAN SHAH,92.8852279,98.626659,72.33,92.83,0,NORMAL,
8047,EN26183273,AMOGH NISHIKANT KALE,92.8852279,94.8648367,80.33,92.4,0,NORMAL,
8048,EN26274362,SUYOG CHANDRASHEKHAR JADHAV,92.8852279,94.7254335,64.0,88.6,0,NORMAL,
8049,EN26155672,ANIKET HARISHBHAI DHAKE,92.8852279,95.4430646,85.33,92.66,0,NORMAL,
8050,EN26156805,KUNAL RAJENDRA TASHILDAR,92.8852279,95.1979522,78.67,91.83,0,NORMAL,
8051,EN26181377,RISHABH RAJESH PAL,92.8852279,98.6206102,85.67,91.6,0,NORMAL,
8052,EN26167137,MOHIT RAJESH VERMA,92.8852279,97.9857027,82.33,71.2,0,NORMAL,
8053,EN26151226,SHIVKUMAR VIJAY KHAWANE,92.8852279,97.6984554,81.0,92.4,0,NORMAL,
8054,EN26368976,VRISHIN PRAMOD RAO,92.8852279,96.1350237,71.67,94.8,0,NORMAL,
8055,EN26124882,TEJAS RAJESH VERMA,92.8852279,94.1948569,82.33,94.83,0,NORMAL,
8056,EN26233730,OJAS SATISHKUMAR DHAWAD,92.8852279,93.4790313,85.0,96.28,0,NORMAL,
8057,EN26328463,VEDANT SANTOSH BHUTADA,92.8852279,92.7517958,91.0,83.2,1,LOW,CET_vs_HSC: CET is LOWER than expected by 62 rank pts
8058,EN26253214,INGOLE SARTHAK VINOD,92.8852279,99.2696246,76.0,94.2,0,NORMAL,
8059,EN26144718,PURVA ANKUSH GHORPADE,92.8852279,89.2656035,75.67,98.2,0,NORMAL,
8060,EN26313047,JIAANSH JEETENDRA JAIN,92.8822571,99.1676621,81.0,92.0,0,NORMAL,
8061,EN26149188,SARVESH RAMESH KOLTE,92.8822571,63.5901214,51.0,73.2,0,NORMAL,
8062,EN26267043,ATHARVA MILIND BORDAVEKAR,92.8822571,96.5386733,83.33,97.6,0,NORMAL,
8063,EN26124302,KAVYA MILIND JOSHI,92.8822571,99.23538,88.0,91.2,0,NORMAL,
8064,EN26182683,ATHARVA RAJARAM MHATRE,92.8822571,97.9857027,81.67,86.8,0,NORMAL,
8065,EN26362585,NIMAI GAURANG GORASIYA,92.8822571,96.1774744,68.0,93.0,0,NORMAL,
8066,EN26175776,PARNAVI AMOL JAWALKAR,92.8822571,99.6454857,73.0,94.0,1,LOW,CET_vs_HSC: CET is HIGHER than expected by 55 rank pts
8067,EN26252653,KUTE SARTHAK HEMANT,92.8643782,99.1672355,91.0,91.42,0,NORMAL,
8068,EN26149191,DURVA PANKAJ PATIL,92.8643782,98.1066,80.67,94.4,0,NORMAL,
8069,EN26431122,PREM ATUL JAJU,92.8643782,95.3082494,77.0,96.0,0,NORMAL,
8070,EN26355064,SAMKIT DINESH SURANA,92.8643782,93.442623,82.0,85.6,0,NORMAL,
8071,EN26119480,RIYA CHETAN UMRIGAR,92.8643782,99.3245604,93.67,97.83,0,NORMAL,
8072,EN26137952,DIVYA GAJANAN RATHOD,92.8643782,99.0247667,80.67,94.8,0,NORMAL,
8073,EN26148639,SWARAJ RAJESH MANDE,92.8643782,95.3963666,76.67,93.4,0,NORMAL,
8074,EN26279242,RANBIR RISHI PUNJABI,92.8643782,99.873718,86.67,97.0,1,LOW,CET_vs_JEE: CET is HIGHER than expected by 65 rank pts
8075,EN26170671,SHANTANU ANANTA BAGADE,92.8643782,95.3082494,78.33,90.8,0,NORMAL,
8076,EN26250818,PARAS MAHADEV PARAB,92.8643782,96.1559696,81.33,92.6,0,NORMAL,
8077,EN26459154,RIDDHIMA VINOD CHAVAN,92.8643782,97.023932,82.33,94.6,0,NORMAL,
8078,EN26148072,ISHAN NITIN JAGTAP,92.8623711,90.1045888,68.67,92.2,0,NORMAL,
8079,EN26449307,SAMARTH RAJESH EDAKE,92.8623711,68.78733,68.0,56.83,0,NORMAL,
8080,EN26141562,DIVYANSH,92.8623711,,67.67,81.83,0,NORMAL,
8081,EN26445976,SHAIKH REHAN,92.8623711,90.1398917,66.67,84.16,0,NORMAL,
8082,EN26107262,SARTHAK KANSAL,92.8623711,98.1152875,85.67,93.66,0,NORMAL,
8083,EN26125854,AKSHAY SUSHANT PARAKH,92.8623711,98.4993421,77.0,96.6,0,NORMAL,
8084,EN26434817,TANMAY KHANDELWAL,92.8623711,,75.0,93.83,0,NORMAL,
8085,EN26434207,SOHAM MANGESH RAGHORTE,92.8623711,98.2126899,84.0,92.0,0,NORMAL,
8086,EN26284119,ANUSHKA GAINE,92.8623711,96.245889,80.67,95.4,0,NORMAL,
8087,EN26199715,PIYUSH KALURAM JADHAV,92.8575893,97.4280163,72.33,83.2,0,NORMAL,
8088,EN26353416,ADITYA YOGESH MAHAJAN,92.8575893,99.0686935,92.0,87.5,0,NORMAL,
8089,EN26153976,MEHETRE KOUSTUBH DNYANESHWAR,92.8575893,98.9760049,78.67,96.4,0,NORMAL,
8090,EN26343003,DHARMIK VINODBHAI BAGADIYA,92.8575893,92.8576339,90.67,90.4,1,LOW,CET_vs_HSC: CET is LOWER than expected by 61 rank pts
8091,EN26107353,KAVIN MATTOO,92.8575893,,77.0,88.4,0,NORMAL,
8092,EN26234458,AMAN RAMJAN PATHAN,92.8575893,92.1789653,78.0,91.4,0,NORMAL,
8093,EN26140139,GOVIND RAVINDRA KHANWANI,92.8575893,97.9779158,82.33,96.16,0,NORMAL,
8094,EN26362462,SHINDE DHANANJAI SHRIKRISHNA,92.8575893,89.6497245,51.33,83.4,0,NORMAL,
8095,EN26296077,ANANYA RAHUL KULKARNI,92.8575893,96.5095247,75.0,94.4,0,NORMAL,
8096,EN26134000,SAMARTH DEEPAK PANDHARPATTE,92.8575893,99.4843179,62.33,93.2,2,MEDIUM,CET_vs_HSC: CET is HIGHER than expected by 58 rank pts; CET_vs_HSC_SSC: CET is HIGHER than expected by 54 rank pts
8097,EN26364401,NAMAN JAIN,92.8575893,98.5473765,92.33,95.8,0,NORMAL,
8098,EN26394777,DIGAMBAR SOLANKE,92.8472579,98.8923623,90.0,89.66,0,NORMAL,
8099,EN26167165,JAI VINOD SHUDRIK,92.8472579,98.0848861,87.0,96.2,0,NORMAL,
8100,EN26369567,SHUBHAANKAR AMIT PATIL,92.8472579,94.9644162,65.67,94.2,0,NORMAL,
8101,EN26207770,ADITYA SNEHAL NIFADKAR,92.8472579,98.6758679,80.33,93.2,0,NORMAL,
8102,EN26257921,SANCHIT SANJAY CHAVAN,92.8472579,97.9996062,71.33,92.6,0,NORMAL,
8103,EN26407847,PRABHNOOR SINGH,92.8472579,,91.67,96.5,0,NORMAL,
8104,EN26361143,ANUSHKA VILAS DESHMUKH,92.8472579,95.662116,91.0,90.66,0,NORMAL,
8105,EN26152517,SAGAR SUNIL JADHAV,92.8276126,67.3167917,46.0,80.4,0,NORMAL,
8106,EN26105944,GUNAL SUNIL PATIL,92.8276126,99.6046463,77.67,95.2,0,NORMAL,
8107,EN26410192,PRATHAMESH NAMDEV DESHMUKH,92.8276126,46.2039046,61.33,83.8,0,NORMAL,
8108,EN26109562,ATHARVA DEVAJI MORE,92.8276126,93.9486424,83.0,93.2,0,NORMAL,
8109,EN26228177,ASHUTOSH SUBHASH CHIKANE,92.8276126,99.4488606,83.33,92.2,0,NORMAL,
8110,EN26152432,PARTH VIJAY LANDE,92.8276126,99.095532,91.67,94.2,0,NORMAL,
8111,EN26291096,ISHAAN JAISWAL,92.8276126,98.8308304,94.0,93.16,0,NORMAL,
8112,EN26121408,ADITI SHIVAJI KUMBHAR,92.8276126,96.389325,57.33,84.66,0,NORMAL,
8113,EN26130463,UTKARSH SHAHURAJ SONWANE,92.8276126,66.5496835,56.0,95.33,0,NORMAL,
8114,EN26324489,ASHWIN PANDEY,92.8276126,,88.33,94.0,0,NORMAL,
8115,EN26118487,RAJEEV PRADIP SASMAL,92.8276126,,89.33,89.8,0,NORMAL,
8116,EN26450377,DEV MEDATWAL,92.8276126,87.609626,77.33,91.6,0,NORMAL,
8117,EN26454057,ABHINAV RANJEET DUBAL,92.807694,97.5014998,78.33,90.4,0,NORMAL,
8118,EN26175676,ARNAV MAHENDRA MHAMUNKAR,92.807694,92.6293219,55.67,92.2,0,NORMAL,
8119,EN26396110,KARTIK SATISH GORE,92.807694,95.5945285,78.0,85.4,0,NORMAL,
8120,EN26319144,SHARWARI SACHIN GODBOLE,92.807694,99.2794112,86.67,96.2,0,NORMAL,
8121,EN26211852,SAUMYA SEETAL,92.807694,95.5945285,93.0,95.6,2,MEDIUM,CET_vs_HSC: CET is LOWER than expected by 58 rank pts; CET_vs_HSC_SSC: CET is LOWER than expected by 58 rank pts
8122,EN26276445,MOHIT PRAVIN KESHARKAR,92.807694,98.6956522,76.67,85.6,0,NORMAL,
8123,EN26310286,YASH VILAS SHINDE,92.807694,96.067455,60.33,81.0,0,NORMAL,
8124,EN26272530,SANKET PRAMOD JAISWAL,92.7999505,99.2710498,86.0,87.8,0,NORMAL,
8125,EN26404146,NACHIKET AVINASH VIPRA,92.7999505,98.511518,75.33,93.83,0,NORMAL,
8126,EN26157366,WALEKAR SAKSHI RAJU,92.7999505,96.489538,70.33,93.0,0,NORMAL,
8127,EN26383313,ADITI SURESH KAPDE,92.7999505,97.2913667,85.67,95.2,0,NORMAL,
8128,EN26130869,TUSHAR SACHIN WAGHMARE,92.7999505,19.9986005,77.67,85.6,0,NORMAL,
8129,EN26227385,YASH GANESH PATIL,92.7999505,98.5914005,82.33,96.0,0,NORMAL,
8130,EN26104797,SAYUJ SANJEEV,92.7999505,99.703287,90.33,99.0,1,LOW,CET_vs_JEE: CET is HIGHER than expected by 59 rank pts
8131,EN26380819,GAURAVI ABHIJIT GULALKARI,92.7818617,86.2660493,70.33,93.8,0,NORMAL,
8132,EN26128534,JAY AJAY DATEY,92.7818617,98.4879654,91.67,79.4,0,NORMAL,
8133,EN26182108,KRISHNANAND KUMAR,92.7818617,98.8995873,71.67,90.2,0,NORMAL,
8134,EN26413818,ABHILASHA RAJENDRA ZOPATE,92.7818617,99.2306878,91.0,95.0,0,NORMAL,
8135,EN26167591,SANSKRUTI BHARAT KSHIRSAGAR,92.7818617,98.4914374,68.67,88.4,0,NORMAL,
8136,EN26197603,VARAD DAMODHAR MANKULWAR,92.7635806,70.9390112,69.0,80.8,0,NORMAL,
8137,EN26327600,PRIANSH RITESH ARORA,92.7635806,98.9254087,77.67,93.83,0,NORMAL,
8138,EN26374092,SUDHIR ASHOK PISAL,92.7635806,94.4454247,80.67,87.5,0,NORMAL,
8139,EN26279779,JAY PANKAJ NARKHEDE,92.7635806,99.1264191,71.0,93.6,0,NORMAL,
8140,EN26242182,JOEL VICTOR SALVE,92.7635806,99.1425468,75.33,94.6,0,NORMAL,
8141,EN26323808,DHANASHRI TUKARAM PATIL,92.7635806,83.988979,78.33,93.8,0,NORMAL,
8142,EN26140578,HARDIK AJAY THAKUR,92.7635806,97.6794304,78.33,93.5,0,NORMAL,
8143,EN26270446,PRANJALI BAPUSO KAKEKAR,92.7635806,98.7839138,87.33,92.0,0,NORMAL,
8144,EN26365890,MADHURA MAYA PATIL,92.7635806,92.7160749,63.67,95.6,0,NORMAL,
8145,EN26434643,AAYUSH ANILKUMAR HEGDE,92.7635806,97.8761672,85.33,95.0,0,NORMAL,
8146,EN26353769,PUNIT KISHOR KANTROD,92.7635806,96.7214273,71.67,96.0,0,NORMAL,
8147,EN26411261,HARSHADA DILIP INGALE,92.7635806,93.3927676,71.33,95.8,0,NORMAL,
8148,EN26225147,PIYA RAVINDRA BHUTALE PATIL,92.7635806,94.9408232,63.33,96.8,0,NORMAL,
8149,EN26271687,AKSHAT MANAS BURAD,92.7610386,98.3463375,77.67,93.6,0,NORMAL,
8150,EN26450429,PATEL BHUPENDRA PRATAPBHANU,92.7610386,,83.67,80.8,0,NORMAL,
8151,EN26453907,ALOK MAHESHKUMAR SHETTI,92.7610386,97.6874562,66.33,92.2,0,NORMAL,
8152,EN26321337,PURVA OMPRAKASH POTE,92.7610386,96.2091503,75.0,92.2,0,NORMAL,
8153,EN26173713,GAURI AJAY GARAD,92.7610386,99.2404354,79.67,93.8,0,NORMAL,
8154,EN26229832,SHREYAS SACHIN PANDE,92.7610386,96.9526275,78.0,96.2,0,NORMAL,
8155,EN26294856,PREM VINOD PATIL,92.7610386,96.6285136,79.67,94.4,0,NORMAL,
8156,EN26235699,MORE OMKAR PARIKSHIT,92.7610386,98.8981649,86.33,93.8,0,NORMAL,
8157,EN26217613,CHAITANYA DINESH HEND,92.7610386,99.6976887,76.33,93.6,1,LOW,CET_vs_JEE: CET is HIGHER than expected by 59 rank pts
8158,EN26107373,SRISHTI SURENDRA BARANWAL,92.7610386,98.5473765,79.67,93.2,0,NORMAL,
8159,EN26170872,SAUMYA SACHIN TAORI,92.7610386,97.6829141,82.33,96.0,0,NORMAL,
8160,EN26171132,ADITYA PRASHANT MUJBAILE,92.7610386,99.5185695,77.33,87.4,0,NORMAL,
8161,EN26203206,GOURAV SANJAY RADKAR,92.7610386,96.9618772,85.0,97.8,0,NORMAL,
8162,EN26107217,GAUTAM CHOPRA,92.7610386,96.6963838,84.33,88.16,0,NORMAL,
8163,EN26261865,NISHANT YADAV,92.7610386,,76.33,89.4,0,NORMAL,
8164,EN26278621,VEDANT SOMESHWAR LOHKARE,92.7610386,95.7836954,85.67,91.4,0,NORMAL,
8165,EN26315098,GAURANG MUKESH SAMBARE,92.7610386,97.192403,79.67,93.8,0,NORMAL,
8166,EN26303059,SALUNKE SHRAVANI NANDKUMAR,92.7610386,96.489538,69.67,98.4,0,NORMAL,
8167,EN26193039,RITHIK NITIN PAREKAR,92.7461018,34.1066887,69.0,92.2,0,NORMAL,
8168,EN26100408,KEVIN CECIL,92.7461018,96.113225,78.67,88.16,0,NORMAL,
8169,EN26278634,AMOGH SHARMA,92.7461018,94.3393288,79.33,96.6,0,NORMAL,
8170,EN26460791,NIKITA KAMLESH MUNESHWAR,92.7461018,98.1898548,85.67,97.16,0,NORMAL,
8171,EN26274124,SHREYA MAHESH BARKUNTE,92.7461018,37.5813241,70.0,68.4,0,NORMAL,
8172,EN26270723,NAYAN SAKRE,92.7461018,,61.33,87.2,0,NORMAL,
8173,EN26153416,ACHINTYA RAKESH SHARNAGAT,92.7461018,93.4940681,70.33,88.83,0,NORMAL,
8174,EN26391959,JOSHI ATHARVA SUHAS,92.7461018,98.991977,91.0,92.0,0,NORMAL,
8175,EN26319334,ISHANT SANTOSH MAHADIK,92.7461018,93.9788054,69.67,87.5,0,NORMAL,
8176,EN26272386,AMOGHA SAMEER VYAWAHARE,92.7461018,97.8120377,86.67,89.2,0,NORMAL,
8177,EN26205501,BOMMISETTY NAGA SRINIDHI,92.7461018,93.9637286,99.33,73.6,1,LOW,CET_vs_HSC: CET is LOWER than expected by 68 rank pts
8178,EN26101477,ADITYA RAI,92.7461018,97.1327695,75.67,93.5,0,NORMAL,
8179,EN26148245,SHIVAM ANKUSH BURADKAR,92.7461018,98.6729671,72.0,94.0,0,NORMAL,
8180,EN26323963,SHLOK DNYANESHWAR KOTGIRE,92.7461018,95.4990284,57.0,97.2,0,NORMAL,
8181,EN26458164,ISHMEET SINGH,92.7461018,,77.33,86.33,0,NORMAL,
8182,EN26230992,RIYAA KETAN JOSHI,92.7461018,98.2052656,81.33,99.0,0,NORMAL,
8183,EN26297718,ADVAIT AJAY SARWANKAR,92.7376563,98.8989816,79.33,93.8,0,NORMAL,
8184,EN26378523,SAUMYA SACHIN JAMDAR,92.7376563,95.764879,82.67,93.2,0,NORMAL,
8185,EN26301950,KURHADE MAYUR GANESH,92.7179469,38.9526061,83.67,77.6,0,NORMAL,
8186,EN26121785,BHUSHAN BALKRISHNA KALE,92.7179469,97.1637483,88.0,91.4,0,NORMAL,
8187,EN26433474,ADITYA MAHADEV SAPATE,92.7179469,,53.0,87.8,0,NORMAL,
8188,EN26478098,ANANYA NAYAK,92.7179469,,74.67,89.0,0,NORMAL,
8189,EN26180997,HARSH MITESHKUMAR PATEL,92.7179469,95.022244,91.67,89.5,1,LOW,CET_vs_HSC: CET is LOWER than expected by 58 rank pts
8190,EN26163936,SHIVAM GAJANAN TEMBHARE,92.7179469,92.8241551,79.67,88.33,0,NORMAL,
8191,EN26119374,AYUSH PRAMOD SUTAR,92.7164614,96.8091806,69.33,93.8,0,NORMAL,
8192,EN26305303,ADITYA DATTATRAY SURYAWANSHI,92.7164614,97.321565,72.67,94.2,0,NORMAL,
8193,EN26393022,VEDANT VIKAS DESHMUKH,92.7164614,,59.0,88.0,0,NORMAL,
8194,EN26108221,TANBIR SINGH KHURANA,92.7164614,94.4264691,71.67,82.4,0,NORMAL,
8195,EN26206274,AGARWAL KRISHIV ANKUR,92.7164614,98.1392328,77.67,94.5,0,NORMAL,
8196,EN26138014,VEDANT VISHWANATH MANURE,92.7164614,98.2258996,79.67,87.33,0,NORMAL,
8197,EN26415679,DIVYANSHI,92.7164614,,91.67,92.0,0,NORMAL,
8198,EN26100181,SHRISHTI SANJAY GUPTA,92.7164614,95.6149583,73.0,93.0,0,NORMAL,
8199,EN26365388,SOHAM RAJESH GAIKWAD,92.7164614,88.5637068,83.33,90.16,0,NORMAL,
8200,EN26434584,RIYA KAILAS SUMBE,92.7164614,98.6494997,74.67,95.0,0,NORMAL,
8201,EN26267718,ASHU PRADIPKUMAR RATHOD,92.7164614,48.8548541,81.67,57.6,0,NORMAL,
8202,EN26450334,MANSI BOREY,92.7164614,98.3139932,94.0,97.2,0,NORMAL,
8203,EN26246019,SHRAVANI SWAMI DESHMUKH,92.7164614,91.6606042,79.0,89.0,0,NORMAL,
8204,EN26100958,AADIL KHAN PASHA KHAN,92.7164614,70.8903389,76.0,85.33,0,NORMAL,
8205,EN26382699,MANSI BALKRISHNA CHOUGULE,92.7164614,92.5914149,76.67,96.2,0,NORMAL,
8206,EN26242087,ASHOK PARAS CHOUDHARY,92.7164614,96.1461976,80.67,88.4,0,NORMAL,
8207,EN26319567,BHUMIKA SHASHIKANT KALASKAR,92.7164614,97.3791828,76.67,94.0,0,NORMAL,
8208,EN26202323,CHANDRAKANT MUNJAJI KHAIRE,92.7164614,94.4638756,68.0,93.6,0,NORMAL,
8209,EN26384984,ARYAN SUNIL MHASKE,92.7164614,97.7383653,64.67,85.4,0,NORMAL,
8210,EN26336675,SAUMYA VIJAY BHENDARKAR,92.7164614,94.4809929,87.67,93.0,0,NORMAL,
8211,EN26447693,SAMAKSH SONI,92.7164614,87.493276,88.67,96.83,2,MEDIUM,CET_vs_HSC: CET is LOWER than expected by 60 rank pts; CET_vs_HSC_SSC: CET is LOWER than expected by 65 rank pts
8212,EN26430044,SHIVANG DWIVEDI,92.7164614,94.7254335,82.0,91.0,0,NORMAL,
8213,EN26185625,ARCHIT RAMDAS VAZE,92.708207,98.60121,91.67,95.0,0,NORMAL,
8214,EN26157067,DHRUV HEMANT SANSARE,92.708207,97.0303948,77.0,95.83,0,NORMAL,
8215,EN26253282,MAHAR ANMOLSINGH RAJENDRASINGH,92.708207,96.2498087,73.67,91.0,0,NORMAL,
8216,EN26129273,KARTHIK VEERUBHOTLA,92.708207,98.0166175,85.67,93.2,0,NORMAL,
8217,EN26102423,MASUM ASIK ANSARI,92.708207,99.1388387,69.33,94.2,0,NORMAL,
8218,EN26254057,PAI SAMAY SATISH,92.708207,99.2306878,87.33,96.6,0,NORMAL,
8219,EN26243875,SHASHANK KANCHAN,92.708207,,76.0,90.16,0,NORMAL,
8220,EN26287418,SHREYAS MANDAR KUVALEKAR,92.708207,98.2385756,78.67,97.66,0,NORMAL,
8221,EN26203026,VIVEK UMESH ANDHARE,92.708207,77.8612083,41.33,96.0,0,NORMAL,
8222,EN26275055,BARADE MOHD OWAIS DILDAR,92.703646,97.6811594,84.67,77.0,0,NORMAL,
8223,EN26300329,SAIF IMRAN KHAN,92.703646,97.2159208,73.0,81.4,0,NORMAL,
8224,EN26280063,SHREYAS SUDHIR WAGH,92.703646,96.3017082,82.0,95.8,0,NORMAL,
8225,EN26297387,RACHANA PRASHANT BHORTAKE,92.703646,72.1871837,67.33,94.33,0,NORMAL,
8226,EN26252506,VALLABH RAMESH SHELKE,92.703646,99.074621,86.33,94.2,0,NORMAL,
8227,EN26174090,DESHMUKH GURUDATTA MAHESH,92.703646,98.7486606,75.33,91.4,0,NORMAL,
8228,EN26367846,SHARVARI PANKAJ SANGEKAR,92.6927267,72.3814647,77.67,89.4,0,NORMAL,
8229,EN26229226,SHREYA RADHAKRISHNAN MENON,92.6927267,99.8200406,88.67,98.5,1,LOW,CET_vs_JEE: CET is HIGHER than expected by 64 rank pts
8230,EN26125194,GOSWAMI SHAUNAK RAGHWENDRA,92.6927267,98.6166496,66.67,94.4,0,NORMAL,
8231,EN26310437,GADADE AKSHAY VAIJANATH,92.6927267,65.8087807,79.67,89.4,0,NORMAL,
8232,EN26153056,DIVYA YOGESH AHER,92.6927267,97.3877775,71.67,93.6,0,NORMAL,
8233,EN26202384,SWARAJ SANTOSH SHRIGIRI,92.6927267,96.3017082,67.0,91.0,0,NORMAL,
8234,EN26313089,SANIKA MANOHAR KAWALE,92.6927267,98.3382471,91.33,92.8,0,NORMAL,
8235,EN26194906,DHRUV SANAT KUMBLE,92.6927267,99.112515,85.33,98.0,0,NORMAL,
8236,EN26446075,AKANSHA VERMA,92.6927267,,75.67,94.0,0,NORMAL,
8237,EN26338562,DHERRYA HASMUKH SOLANKI,92.6910523,86.3482671,47.67,76.8,0,NORMAL,
8238,EN26101176,OM PRASAD PARAB,92.6910523,87.2248719,36.33,83.8,0,NORMAL,
8239,EN26356637,ATHARV SANJAY DESHMUKH,92.6910523,98.242524,67.67,95.6,0,NORMAL,
8240,EN26205648,ABHIRAJ DHARMALE,92.6910523,97.0532519,88.67,94.0,0,NORMAL,
8241,EN26161075,FREYA SUNIL KHATWANI,92.6910523,97.0655663,85.0,97.0,0,NORMAL,
8242,EN26459106,PUSHKAR TATYASAHEB MORE,92.6910523,99.6022839,82.0,92.0,0,NORMAL,
8243,EN26223024,PRATHAMESH SANJAY SAWANT,92.6910523,99.4543918,85.0,94.0,0,NORMAL,
8244,EN26219175,AYUSH ANIL AUTKAR,92.6910523,83.0532651,62.67,87.0,0,NORMAL,
8245,EN26338658,PANDEY SHYAMSUNDAR ANILKUMAR,92.6910523,98.700567,76.33,84.4,0,NORMAL,
8246,EN26360207,SHIVAM KUMAR,92.6910523,,75.33,94.6,0,NORMAL,
8247,EN26118971,KEVIN PATRICK PINTO,92.6910523,99.2782017,89.0,93.5,0,NORMAL,
8248,EN26240100,JADHAV TRIVENI SACHIN,92.6910523,93.7060041,70.33,92.6,0,NORMAL,
8249,EN26229086,UDAY NIMBHORKAR,92.6910523,96.6956121,88.33,94.8,0,NORMAL,
8250,EN26490108,RUSHILRAJ ANIL JAIN,92.6910523,95.4204349,72.33,88.33,0,NORMAL,
8251,EN26293834,ANAND RAJ,92.6910523,95.4954605,78.0,85.0,0,NORMAL,
8252,EN26154066,MAYUR KISHOR AVHAD,92.6910523,98.0447413,78.33,92.4,0,NORMAL,
8253,EN26158494,SHIVAM SHRIRAM ANDURE,92.6910523,98.7189844,90.67,92.33,0,NORMAL,
8254,EN26371691,SWEETY VINOD VERMA,92.6910523,97.7449977,71.0,86.0,0,NORMAL,
8255,EN26240955,RAJVEER SANDIP PAWAR,92.6910523,98.7920188,55.33,93.0,0,NORMAL,
8256,EN26102695,AKSHAT NILESH KAHAR,92.6910523,98.0105894,85.0,96.4,0,NORMAL,
8257,EN26272880,SHRAWANI SHASHIKANT NISTANE,92.6910523,92.5341543,79.0,95.6,0,NORMAL,
8258,EN26174811,DEBADYOTI SARMA,92.6910523,98.03989,78.0,94.6,0,NORMAL,
8259,EN26366953,VEDIKA SANJAY NALBALWAR,92.6910523,94.1948569,81.33,92.6,0,NORMAL,
8260,EN26458601,TEJASWINI GOVIND DHAKANE,92.6910523,90.8447181,71.67,97.0,0,NORMAL,
8261,EN26300091,SANYUKTA ANIL MOHOD,92.6888156,98.9164146,83.67,95.4,0,NORMAL,
8262,EN26332010,SARVESH GAJANAN KHODKUMBHE,92.6888156,95.5792202,71.0,88.6,0,NORMAL,
8263,EN26232740,GAYATRI YASHWANT GAIKWAD,92.6888156,99.2975956,77.0,94.0,0,NORMAL,
8264,EN26372360,CHAUDHARI LUCKY ACHCHELAL,92.6888156,96.2975699,72.0,85.6,0,NORMAL,
8265,EN26282227,SHIVAM NILESH PANDEY,92.6888156,95.3082494,88.0,97.0,1,LOW,CET_vs_HSC_SSC: CET is LOWER than expected by 55 rank pts
8266,EN26136014,PAAVAN SRIVASTAVA,92.6888156,99.5175556,97.0,96.83,0,NORMAL,
8267,EN26334142,TIRTHAK RAJESH PISE,92.6888156,97.5446034,79.33,85.0,0,NORMAL,
8268,EN26107895,ARYAN ABHIJEET GHODKE,92.6888156,98.2635235,85.33,91.4,0,NORMAL,
8269,EN26198015,DISHANT YOGESH TAMBOLI,92.6888156,97.3163545,70.33,94.4,0,NORMAL,
8270,EN26214635,KAVYA SINGH,92.6888156,99.3419441,95.0,97.0,0,NORMAL,
8271,EN26100868,UTKARSH TIWARI,92.6888156,95.4536104,71.67,90.83,0,NORMAL,
8272,EN26130435,VENKATA SAI PRAGNYA ARANGI,92.6888156,98.8658108,92.67,91.66,0,NORMAL,
8273,EN26247982,ARYASH MADHUKAR SHENDE,92.6888156,80.1749582,82.33,86.6,0,NORMAL,
8274,EN26277924,AMOL BHARAT DUBE,92.6888156,94.4638756,76.0,91.8,0,NORMAL,
8275,EN26364919,JAGDALE AVANTI ARUN,92.6888156,85.6770225,61.67,87.8,0,NORMAL,
8276,EN26110745,ARNAV NIKHIL VAZE,92.6886606,95.2933057,88.33,92.5,0,NORMAL,
8277,EN26433815,SAI DHARMENDRA DHOMASE,92.6886606,83.9283276,62.67,94.0,0,NORMAL,
8278,EN26400127,RAHUL RAJ,92.6886606,,82.67,91.5,0,NORMAL,
8279,EN26281839,ANSHUL AJAY MAHAJAN,92.6886606,97.2076054,79.0,89.8,0,NORMAL,
8280,EN26171263,OM SHIVAJI BIDWE,92.6886606,95.7937272,85.0,93.6,0,NORMAL,
8281,EN26491282,PRATHAM,92.6886606,96.7647625,77.0,92.0,0,NORMAL,
8282,EN26324458,DIYA RAINA,92.6886606,98.5153584,97.33,97.0,0,NORMAL,
8283,EN26423368,RAJESH SARAN,92.6886606,,75.0,88.5,0,NORMAL,
8284,EN26201050,VIVEK CHANDORA,92.6886606,,77.33,81.33,0,NORMAL,
8285,EN26204147,SAWAISINH PUKHRAJ DHARANIYA,92.6886606,92.1242775,63.33,89.2,0,NORMAL,
8286,EN26427332,NAGASAI PRANAV KARTIK AMANCHARLA,92.6886606,97.1376091,76.33,86.6,0,NORMAL,
8287,EN26174362,ZAGADE HARSHAL SACHIN,92.6886606,97.940521,66.0,95.6,0,NORMAL,
8288,EN26434704,SREEHARI T S,92.6886606,,58.33,95.0,0,NORMAL,
8289,EN26427713,SANKALP KAILASH HALGARKAR,92.6886606,97.3781998,94.0,96.2,0,NORMAL,
8290,EN26268661,MALPANI PARTH MANOJKUMAR,92.6886606,97.225256,78.33,96.4,0,NORMAL,
8291,EN26353564,ADITI GAURISHANKAR JHA,92.6886606,99.5175556,90.67,97.6,0,NORMAL,
8292,EN26213656,SHARMA VANSH SHEETAL,92.6886606,94.7105213,67.0,95.6,0,NORMAL,
8293,EN26153220,HITH SUNIL SOMANI,92.6782521,96.489538,76.0,90.4,0,NORMAL,
8294,EN26130015,RIDDHI MUKESH KUMAR AGARWAL,92.6782521,96.8936433,63.0,97.33,0,NORMAL,
8295,EN26214439,SUSHIR SARTHAK SUBHASH,92.6782521,98.8193489,70.33,90.4,0,NORMAL,
8296,EN26408660,MITESH MAHESH MANTRI,92.6782521,96.8091806,66.0,86.8,0,NORMAL,
8297,EN26338805,AYEESHA ADIL TEZABWALA,92.6782521,98.8068517,80.0,93.0,0,NORMAL,
8298,EN26368067,RISHABH JITENDRA SAINI,92.6782521,98.2111945,88.67,89.2,0,NORMAL,
8299,EN26355692,SANIKA BHAIRU TEVARATTI,92.6782521,97.286596,80.0,96.2,0,NORMAL,
8300,EN26157454,VINIT ANUP NADUVATH,92.6782521,98.781718,84.0,95.2,0,NORMAL,
8301,EN26198703,TANISH AJAY AHER,92.6782521,98.6857446,81.33,89.2,0,NORMAL,
8302,EN26146223,SHIVAM DNYANESHWAR DHUMAL,92.6782521,96.9234547,71.67,88.0,0,NORMAL,
8303,EN26295072,OM SANTOSH KADAPURE,92.6782521,,74.67,97.28,0,NORMAL,
8304,EN26302423,ATHARVA PRAVIN SHINDE,92.6779646,98.0106799,66.33,90.8,0,NORMAL,
8305,EN26429103,ISHAAN VISHAL SONI,92.6779646,97.5446034,79.67,90.66,0,NORMAL,
8306,EN26432618,DARSHAN SHIVSHANKAR CHOUDHARI,92.6779646,95.4204349,79.67,91.2,0,NORMAL,
8307,EN26123084,PRACHI SINGH,92.6779646,95.1406289,81.67,94.0,0,NORMAL,
8308,EN26148686,TANAY DEEPAK RAWOOL,92.6779646,98.1483638,62.67,89.0,0,NORMAL,
8309,EN26293215,PEDIREDLA KUSHALA AADITRI,92.6779646,,98.78,84.5,0,NORMAL,
8310,EN26311195,ARSH SANDEEP SRIVASTAVA,92.6779646,98.644561,90.33,91.8,0,NORMAL,
8311,EN26138024,MADHURI PATEL,92.6779646,,76.0,86.8,0,NORMAL,
8312,EN26130909,VARAD VASANTRAO TAUR,92.6779646,96.317687,69.67,88.2,0,NORMAL,
8313,EN26123885,ANKUSH MAHAJAN,92.6779646,99.0597598,79.67,79.4,0,NORMAL,
8314,EN26417279,PRAJWAL SRIVASTAVA,92.6779646,,79.67,92.83,0,NORMAL,
8315,EN26108301,APURVA SACHIN RAUT,92.6779646,98.9413135,82.0,93.4,0,NORMAL,
8316,EN26104115,ANSHI GAURATRA,92.6779646,98.5735891,92.33,96.6,0,NORMAL,
8317,EN26154272,SOHAM RAJESH MORE,92.6779646,99.2975956,83.67,96.8,0,NORMAL,
8318,EN26249171,PRIYANSH SACHIN KOHADKAR,92.6779646,97.9731032,92.0,95.2,0,NORMAL,
8319,EN26253579,ISHAN NIVRUTTI MHATRE,92.6687248,96.1046695,79.33,92.4,0,NORMAL,
8320,EN26354359,PARTH VINOD SHRIRAO,92.6687248,99.6209366,74.33,90.0,1,LOW,CET_vs_HSC_SSC: CET is HIGHER than expected by 56 rank pts
8321,EN26285873,DIYAAN PRATIK PARIKH,92.6687248,99.3393889,83.0,90.0,0,NORMAL,
8322,EN26300281,BHUMI ATUL DEORE,92.6687248,99.1231468,93.0,97.16,0,NORMAL,
8323,EN26367605,LAKSH JAIN,92.6687248,97.6874562,86.33,89.5,0,NORMAL,
8324,EN26175802,NIKHIL NAVNATH YADAV,92.6687248,97.1665783,76.33,91.4,0,NORMAL,
8325,EN26192234,TANMAYEE PARAG ANDHE,92.6687248,98.7235067,85.33,96.6,0,NORMAL,
8326,EN26151785,KAIVALYA MANGESH MOGLEWAR,92.6687248,98.5858794,94.0,83.0,0,NORMAL,
8327,EN26397839,OM PRABHAKAR RANE,92.6687248,98.2626354,72.0,71.4,0,NORMAL,
8328,EN26180964,VISHWA RAJESH WALGUDE,92.6687248,98.60121,84.33,92.0,0,NORMAL,
8329,EN26373845,RUSHIKESH VINOD SHINDE,92.6687248,97.7201365,76.67,93.0,0,NORMAL,
8330,EN26247997,RUTURAJ SATISH DESHMUKH,92.6687248,98.0166175,79.0,94.0,0,NORMAL,
8331,EN26290990,HITESH KUMAR,92.6687248,,97.67,99.0,1,LOW,JEE_vs_HSC_SSC: JEE is LOWER than expected by 57 rank pts
8332,EN26410295,HARSHWARDHAN MAHENDRA PATIL,92.6687248,98.612814,81.0,94.0,0,NORMAL,
8333,EN26375404,SWAMI NAGESH LINGESHWAR,92.6687248,95.4948805,83.0,94.6,0,NORMAL,
8334,EN26342949,MEET VIJAY KENGNALKAR,92.6681974,98.1152875,85.0,95.2,0,NORMAL,
8335,EN26255735,TEJANI SHLOK DIPEN,92.6681974,99.4020758,76.33,96.6,0,NORMAL,
8336,EN26350972,TANVI AVINASH KOTHAWADE,92.6681974,98.7429314,85.0,97.8,0,NORMAL,
8337,EN26294831,TANISH HITESH KAPADIA,92.6681974,99.0804687,90.0,90.33,0,NORMAL,
8338,EN26255056,SHRIRANG JAYDEEP PARKHI,92.6681974,97.4914261,76.0,95.2,0,NORMAL,
8339,EN26172780,SARVADNYA VIJAY MORE,92.6681974,98.0103906,69.67,92.0,0,NORMAL,
8340,EN26189670,NIRIKSHA RAJENDRA TONPE,92.6681974,98.5077241,85.67,96.6,0,NORMAL,
8341,EN26215704,SOHAM RAMLING KURUNDKAR,92.6430581,71.0421393,54.0,90.0,0,NORMAL,
8342,EN26327383,AKSHATA MAHADEO SAWANT,92.6430581,98.0833848,83.33,89.16,0,NORMAL,
8343,EN26367612,ZHA SAGAR CHANDRASHEKHAR,92.6430581,87.7884762,78.0,96.4,0,NORMAL,
8344,EN26102101,SUYOG SURAJ ITANKAR,92.6430581,96.8345273,83.0,94.16,0,NORMAL,
8345,EN26218163,AADISH AJAY KULKARNI,92.6430581,97.6214843,81.33,93.66,0,NORMAL,
8346,EN26161718,ADITYA MAROTI KAJJEWAD,92.6430581,91.6505265,48.33,81.0,0,NORMAL,
8347,EN26157482,UNNATI SAMEER BHOLE,92.6430581,92.6293219,87.0,86.2,0,NORMAL,
8348,EN26258338,SOHAM SANTOSH BHAGWAT,92.6430581,95.9558175,75.67,87.66,0,NORMAL,
8349,EN26185813,NINAD JOGLEKAR,92.6430581,98.9203105,90.0,95.4,0,NORMAL,
8350,EN26236241,HET DEEPAK GALA,92.6430581,98.7096527,85.0,95.0,0,NORMAL,
8351,EN26188172,ANTONY MOSES MICHEAL DELSON NADAR,92.6430581,98.6108985,87.67,88.66,0,NORMAL,
8352,EN26278015,SRUSHTI SURESH TAMBADE,92.6430581,98.0683302,68.67,96.0,0,NORMAL,
8353,EN26370530,MEHTA DEEPAK AKHALESH,92.6430581,95.7279024,71.0,88.4,0,NORMAL,
8354,EN26170532,RITHVIK KRISHNAN,92.6408769,99.6763131,77.0,94.33,1,LOW,CET_vs_JEE: CET is HIGHER than expected by 59 rank pts
8355,EN26233160,SHREYASI DEY,92.6408769,98.6285832,75.67,98.0,0,NORMAL,
8356,EN26282291,SHREYASI DEY,92.6408769,,75.67,98.0,0,NORMAL,
8357,EN26237269,KADAM SOHAM RAMESH,92.6408769,97.9249397,82.67,90.6,0,NORMAL,
8358,EN26113140,AMAR BADRINATH KOLTE,92.6408769,99.0001766,85.33,95.8,0,NORMAL,
8359,EN26186737,ARJUN KHURANA,92.6408769,95.8699876,78.33,94.8,0,NORMAL,
8360,EN26365847,HERAMB SANDEEP PANVALKAR,92.6408769,93.4616125,71.0,91.0,0,NORMAL,
8361,EN26332100,TALE SHRIKANT RAJESH,92.6408769,92.2478719,77.0,77.0,0,NORMAL,
8362,EN26314518,DIVYAM VIMAL MORADIYA,92.6180143,99.333359,71.0,88.0,0,NORMAL,
8363,EN26258034,VANYA VIKESH GUPTA,92.6180143,94.5553041,60.0,88.66,0,NORMAL,
8364,EN26409098,SIDDHESH PRAKASH MAHAJAN,92.6180143,98.6704553,70.33,89.6,0,NORMAL,
8365,EN26374682,AMBHURE ABHIJEET SIDDHESHWAR,92.6180143,96.9836134,58.33,92.4,0,NORMAL,
8366,EN26287042,YASHRAJ MILIND WADGE,92.6180143,98.6222068,78.0,94.6,0,NORMAL,
8367,EN26269156,YAHVI BHAVESH DOSHI,92.6180143,99.0588482,81.0,91.33,0,NORMAL,
8368,EN26423619,VARAD SANDIP KOTHAWADE,92.6180143,88.1968791,84.33,94.0,0,NORMAL,
8369,EN26444086,PRABHAV SRIVASTAVA,92.6180143,98.7645051,80.67,97.33,0,NORMAL,
8370,EN26357224,SHINDE SHRUTI LAHU,92.6180143,92.8362212,66.0,98.6,0,NORMAL,
8371,EN26295682,VEDANT VILAS MUNDHE,92.6180143,99.6455995,82.33,95.4,1,LOW,CET_vs_JEE: CET is HIGHER than expected by 58 rank pts
8372,EN26406321,JEVIN SATISH DESAI,92.5695832,99.4197952,76.67,93.8,0,NORMAL,
8373,EN26337003,AVANTIKA SURESH,92.5695832,,82.33,93.0,0,NORMAL,
8374,EN26228808,TEJAS SURAJMAL TIWARI,92.5695832,64.7164682,60.33,78.0,0,NORMAL,
8375,EN26233627,SHARWARI RAJENDRA SAMBARE,92.5695832,96.0219043,90.0,90.16,0,NORMAL,
8376,EN26209932,LOKESH PRAVIN JAGTAP,92.5695832,96.5095247,68.67,93.4,0,NORMAL,
8377,EN26366792,PANCHWARE UJJWAL JAGDISH,92.5695832,98.7553466,82.67,91.8,0,NORMAL,
8378,EN26124623,PARTH PRADEEP DESHPANDE,92.5695832,98.5598385,90.33,92.5,0,NORMAL,
8379,EN26443165,SABALE VEDANT GURUDEV,92.5695832,94.775364,72.0,97.0,0,NORMAL,
8380,EN26249628,PRANAV SHYAMSUNDER SARDA,92.5695832,97.4280163,91.0,96.16,0,NORMAL,
8381,EN26395440,KUSHAL HITESH CHOPKAR,92.5695832,91.9792268,78.0,91.2,0,NORMAL,
8382,EN26141587,BHAVIK,92.5655125,,57.67,92.6,0,NORMAL,
8383,EN26144088,KALE ESHAAN VINOD,92.5655125,,35.67,90.2,0,NORMAL,
8384,EN26180451,RANVEER RAM MUNDE,92.5655125,97.2886818,94.33,96.2,0,NORMAL,
8385,EN26324781,SHREERAJ SHANKAR JADHAV,92.5655125,86.0346936,62.33,87.2,0,NORMAL,
8386,EN26111971,ANTARA KHAKSE,92.5655125,98.1161695,89.0,98.4,0,NORMAL,
8387,EN26235940,RUTVA HEMANTKUMAR NIMJE,92.5655125,98.3591071,87.67,98.4,0,NORMAL,
8388,EN26243264,SHETTY SHREYAS SUBHASH,92.5655125,97.7845891,71.67,91.4,0,NORMAL,
8389,EN26203180,VEDANT SANJIV KHOLAPURE,92.5655125,45.035095,39.67,74.8,0,NORMAL,
8390,EN26414614,MOHD SIDDIQUE ALI MOHAMMAD JAVED ALI SHAIKH,92.5655125,98.5836177,82.33,86.2,0,NORMAL,
8391,EN26318971,AARY AMIT DESHMANE,92.5655125,98.3622982,78.33,91.0,0,NORMAL,
8392,EN26125609,VEDANT MANOJ RATHOD,92.5655125,95.7690393,64.67,93.8,0,NORMAL,
8393,EN26272851,SHIVNATH NAGNATH RAJGURU,92.5655125,96.067455,74.0,94.6,0,NORMAL,
8394,EN26136314,BASWESHWAR GANGADHAR TOGARGE,92.5655125,95.6128536,68.0,86.5,0,NORMAL,
8395,EN26305783,ADITYA NUTAN HALUNDE,92.5655125,97.624379,75.67,82.6,0,NORMAL,
8396,EN26351578,KHANCHANDANI RUDRAKSH GUL,92.5655125,98.3761272,90.67,86.6,0,NORMAL,
8397,EN26325425,JASH JIGNESH CHANCHAD,92.5655125,97.5427973,81.0,88.16,0,NORMAL,
8398,EN26119705,ANANYA SIDDHARTH GOTE,92.5655125,98.435333,92.0,98.6,0,NORMAL,
8399,EN26332385,SHEKHARSINGH RAJUSINGH RAJPUT,92.5602594,34.1066887,61.0,85.6,0,NORMAL,
8400,EN26487143,GAATHA MOHIT JAIN,92.5602594,97.7942456,90.0,96.8,0,NORMAL,
8401,EN26270851,DEBARPAN BANERJEE,92.5602594,98.2764644,84.0,94.8,0,NORMAL,
8402,EN26150506,HARSHIT NARESH LOYA,92.5602594,99.0240529,78.67,95.8,0,NORMAL,
8403,EN26357760,VEDANT KALPESH SHINDE,92.5602594,95.6991467,71.0,98.0,0,NORMAL,
8404,EN26209988,SHREYASH SHIVRAJ CHANDANKAR,92.5602594,87.7305257,64.33,90.6,0,NORMAL,
8405,EN26485406,SHATAKSHI AYONIJA,92.5602594,,79.33,97.2,0,NORMAL,
8406,EN26101377,PRIYANSHU ANAND,92.5602594,99.1459959,76.33,95.33,0,NORMAL,
8407,EN26358894,PATIL SAMRUDDHI MAKARAND,92.5602594,96.067455,71.0,93.2,0,NORMAL,
8408,EN26424681,HARSHAL UDAY BORGAVE,92.5602594,,55.0,55.2,0,NORMAL,
8409,EN26234054,SUTEJ AASHISH GALA,92.5602594,99.6382528,84.0,89.5,1,LOW,CET_vs_JEE: CET is HIGHER than expected by 58 rank pts
8410,EN26385254,RAM BALU RATHOD,92.5602594,97.8699465,71.67,90.6,0,NORMAL,
8411,EN26413073,SOHAM PANKAJ CHAUDHARI,92.5602594,84.9063828,56.67,67.6,0,NORMAL,
8412,EN26361967,YASH MADHUKAR WAYAL,92.5602594,95.4702014,92.67,95.0,2,MEDIUM,CET_vs_HSC: CET is LOWER than expected by 58 rank pts; CET_vs_HSC_SSC: CET is LOWER than expected by 57 rank pts
8413,EN26295788,SOMANATH MAHADEV PATIL,92.5602594,96.3161343,77.67,97.0,0,NORMAL,
8414,EN26119583,VEDANGI SUNIL KALE,92.5602594,97.6829141,85.67,95.6,0,NORMAL,
8415,EN26318140,ROHIT RAMDAS KAMBLE,92.5602594,82.1648735,68.0,83.8,0,NORMAL,
8416,EN26195376,AISHWARYA SRINIVAS IYER,92.5602594,98.8658108,87.0,97.33,0,NORMAL,
8417,EN26269375,BHAGYESH PRAKASH PATIL,92.5602594,95.862761,81.67,88.4,0,NORMAL,
8418,EN26110050,VISHAL KUMAR,92.5602594,97.3681168,84.33,93.5,0,NORMAL,
8419,EN26246944,ROHAN ARUN BHAKARE,92.5529576,57.5392085,55.33,76.2,0,NORMAL,
8420,EN26159285,VAHIN MANTOO,92.5529576,,86.67,91.33,0,NORMAL,
8421,EN26193944,YAJAT KISHORE RAUL,92.5529576,95.6554616,57.67,94.2,0,NORMAL,
8422,EN26151326,SEJAL POPAT MAGDUM,92.5529576,99.7268706,89.33,98.4,1,LOW,CET_vs_JEE: CET is HIGHER than expected by 61 rank pts
8423,EN26297065,PRANAV BABASO HEGADE,92.5529576,97.321565,70.33,92.0,0,NORMAL,
8424,EN26287207,VARENYAM AVINASH RAJANKAR,92.5529576,99.3268652,83.67,96.66,0,NORMAL,
8425,EN26285718,ATHARVA RAHUL ASARE,92.5529576,99.1530508,87.67,92.8,0,NORMAL,
8426,EN26204107,RUDHAV CHANDRAKANT VERMA,92.5529576,98.6762936,78.33,91.0,0,NORMAL,
8427,EN26221353,NIHAR GANESH PATIL,92.5529576,96.9174524,82.67,91.66,0,NORMAL,
8428,EN26163171,GAURI VIVAS BAGWE,92.5529576,97.1665783,92.67,98.0,0,NORMAL,
8429,EN26292267,DHAIRYA MEHUL GALA,92.5529576,66.4794206,67.67,78.83,0,NORMAL,
8430,EN26223556,SARTHAK VISHAL SHINDE,92.5529576,97.3155977,69.33,92.8,0,NORMAL,
8431,EN26377850,TANISHKA SANDEEP PATIL SARKATE,92.5529576,99.2275145,89.0,94.4,0,NORMAL,
8432,EN26270340,ABHISHEK BHAUSAHEB PAWAR,92.5529576,98.4990553,75.33,92.2,0,NORMAL,
8433,EN26200869,SUZANNE EBEY ALEX,92.5529576,94.2038061,86.67,94.16,0,NORMAL,
8434,EN26145648,ADITYA SHARAD CHAURE,92.5529576,93.7276356,68.0,91.0,0,NORMAL,
8435,EN26104654,AVNEESH ATUL NERLEKAR,92.5529576,94.4673823,90.0,88.4,1,LOW,CET_vs_HSC: CET is LOWER than expected by 57 rank pts
8436,EN26290894,ABHISHEK PILLAI,92.5529576,96.614828,82.0,90.16,0,NORMAL,
8437,EN26159046,GOURAVI EKNATH PATIL,92.5529576,93.7198237,89.67,92.33,1,LOW,CET_vs_HSC: CET is LOWER than expected by 58 rank pts
8438,EN26222885,HARSHVARDHAN DEEPAK PATIL,92.5529576,76.3286018,54.67,79.6,0,NORMAL,
8439,EN26350773,SHRINIVAS KISHANRAO DAMKONDWAR,92.544956,98.4640073,46.0,87.6,0,NORMAL,
8440,EN26392812,AARYA SHARMA,92.544956,97.6807275,82.67,88.6,0,NORMAL,
8441,EN26398843,PRANEYA PANDYA,92.5252191,97.5701659,97.0,95.66,0,NORMAL,
8442,EN26405115,ADVIKA PRASHANT KARAJAGI,92.5252191,98.9118452,76.0,91.2,0,NORMAL,
8443,EN26434529,SUYASH SANJAY GAIKWAD,92.5252191,98.2717542,91.0,92.2,0,NORMAL,
8444,EN26124737,AADVIK ANIL SONARGHARE,92.5252191,89.106913,80.33,82.6,0,NORMAL,
8445,EN26227365,KAUSTUBH OMESHWAR KUMBHALKAR,92.521579,95.1406289,60.0,91.4,0,NORMAL,
8446,EN26114874,PRANAV ADESH AGRAWAL,92.521579,99.2921716,75.67,93.6,0,NORMAL,
8447,EN26205046,PATEL MEETKUMAR,92.521579,97.2067626,81.33,91.33,0,NORMAL,
8448,EN26315172,DANISH KISHOR SONAWANE,92.521579,90.1218002,63.33,92.8,0,NORMAL,
8449,EN26207002,SOHAM KISHOR PAGAR,92.521579,95.4702014,69.67,89.6,0,NORMAL,
8450,EN26122685,KANICA YADAV,92.521579,98.72142,92.0,92.83,0,NORMAL,
8451,EN26328019,PRATIK VAIJANATH SALUNKE,92.521579,97.9339284,76.67,92.66,0,NORMAL,
8452,EN26438275,SHAURYA JAIN,92.521579,93.757466,59.33,90.0,0,NORMAL,
8453,EN26174916,HIMANSHU VIJAY URKUDE,92.521579,97.9630636,98.89,93.0,0,NORMAL,
8454,EN26229655,RITANSHU RAKESH CHAUDHARI,92.521579,94.5733788,86.0,85.0,0,NORMAL,
8455,EN26188751,MALHAR HARSH BAPAT,92.521579,99.1546915,86.0,94.2,0,NORMAL,
8456,EN26208592,MUKUND PRAVIN SONTAKKE,92.521579,94.1913399,82.67,91.6,0,NORMAL,
8457,EN26109896,SRUJAL SUNIL NAGE,92.521579,85.9106165,75.67,95.4,0,NORMAL,
8458,EN26182081,KRISHNA GHANSHYAM MAURYA,92.5182626,98.6166496,70.33,87.8,0,NORMAL,
8459,EN26332556,SHREYASH BABARAO TANURE,92.5182626,89.8801547,67.67,86.8,0,NORMAL,
8460,EN26263851,TANVI PRASHANT ZALKE,92.5182626,97.6720144,92.0,95.2,0,NORMAL,
8461,EN26204156,KHUSHANK NEELESH JAIN,92.5182626,96.0260116,84.0,88.4,0,NORMAL,
8462,EN26271305,RITWIK NIRAV MEHTA,92.5182626,99.4614349,88.0,96.4,0,NORMAL,
8463,EN26221241,ATHARVA MANGALDEV BAJULGE,92.5182626,84.6438942,67.33,94.2,0,NORMAL,
8464,EN26199911,POORVA VIKRAM BHOR,92.5182626,97.3877775,76.0,92.4,0,NORMAL,
8465,EN26307078,YASHSHRI GANGADHAR SHIWURKAR,92.5182626,98.0519481,76.0,91.4,0,NORMAL,
8466,EN26383543,TANVI SUBHASH MUKANE,92.5182626,99.3275256,81.33,97.5,0,NORMAL,
8467,EN26386783,HITEN NITESH AGRAWAL,92.5182626,95.8307555,80.67,94.4,0,NORMAL,
8468,EN26338555,MRUNALI BAPU ANBHULE,92.5182626,95.6149583,89.0,96.4,1,LOW,CET_vs_HSC_SSC: CET is LOWER than expected by 54 rank pts
8469,EN26233795,TANMAY DHANANJAY SALUNKE,92.5182626,68.6031011,64.67,90.8,0,NORMAL,
8470,EN26197915,ANURAG SHARAD BHAMARE,92.5182626,22.4923895,86.33,92.4,2,MEDIUM,CET_vs_HSC: CET is LOWER than expected by 61 rank pts; CET_vs_HSC_SSC: CET is LOWER than expected by 57 rank pts
8471,EN26358578,NEHA ARJUN MORE,92.5182626,94.5733788,76.33,92.83,0,NORMAL,
8472,EN26147476,BHAMARE PUSHPAK RATILAL,92.5182626,98.1021539,89.67,95.0,0,NORMAL,
8473,EN26166826,JAPNEESH SINGH,92.5157973,80.7910924,62.33,83.0,0,NORMAL,
8474,EN26165340,AOJASWINI SINGH RAWAT,92.5157973,95.8346459,74.0,93.4,0,NORMAL,
8475,EN26102907,PRIYAL GAURAV NAGORI,92.5157973,96.7426478,82.33,97.83,0,NORMAL,
8476,EN26218247,ADITYA SANJAY SURYAWANSHI,92.5157973,96.5024907,75.0,91.0,0,NORMAL,
8477,EN26300234,RAUT PRAJWAL SANJAY,92.5157973,89.657308,78.0,92.0,0,NORMAL,
8478,EN26349617,YUGANDHARA PREMNATH RAMDASI,92.513216,97.3021583,78.0,97.4,0,NORMAL,
8479,EN26284133,AAYUSH DEEPAK CHOUDHARY,92.513216,63.540901,54.33,86.2,0,NORMAL,
8480,EN26122882,RACHET RAVIKANT KABRA,92.513216,97.7688908,79.0,96.4,0,NORMAL,
8481,EN26152728,AVNEESH SHARAD SARDA,92.513216,97.7920203,71.33,91.6,0,NORMAL,
8482,EN26362665,VAIBHAV ASHOK PATIL,92.513216,92.6318737,88.0,87.16,1,LOW,CET_vs_HSC: CET is LOWER than expected by 55 rank pts
8483,EN26415811,SOURABH NITIN PATIL,92.513216,98.1281926,66.33,93.0,0,NORMAL,
8484,EN26446295,SHASHWAT PANDEY,92.513216,,76.33,93.0,0,NORMAL,
8485,EN26125535,KALYANI GAJANAN KOTTAWAR,92.513216,99.800896,86.67,97.4,1,LOW,CET_vs_JEE: CET is HIGHER than expected by 65 rank pts
8486,EN26277216,WAGHMARE ADITYA MAHINDRA,92.513216,99.3729563,80.33,83.2,0,NORMAL,
8487,EN26407658,SHREYA DEEPAK JAWALGE,92.5053069,99.398859,82.0,96.4,0,NORMAL,
8488,EN26211236,SHOURYA RAJESH YADAO,92.5053069,94.6694641,79.67,91.6,0,NORMAL,
8489,EN26108254,DURVA VIVEK RANADE,92.5053069,97.2125436,77.0,97.6,0,NORMAL,
8490,EN26160450,SHARVI AMOL DEOPUJARI,92.5053069,98.3571807,89.0,96.83,0,NORMAL,
8491,EN26300727,VEDANT SHIVKUMAR CHOUNDE,92.5053069,98.9224553,80.67,96.2,0,NORMAL,
8492,EN26262368,SANIKA SHANKAR DOIFODE,92.4966011,97.7429122,71.0,93.8,0,NORMAL,
8493,EN26371171,YASHRAJ VIJAY MORE,92.4966011,96.2537463,66.33,85.4,0,NORMAL,
8494,EN26117915,HIMANSHU AKHILESH SINGH,92.4966011,81.9275869,47.67,76.0,0,NORMAL,
8495,EN26148229,KRISHNA MEGHRAJ PUNJABI,92.4966011,95.1724675,79.67,94.6,0,NORMAL,
8496,EN26463143,YASH RAMESHWAR SHELKE,92.4966011,98.044541,74.67,95.6,0,NORMAL,
8497,EN26258909,PARAG SANTOSH DINGANKAR,92.4966011,95.6149583,77.0,89.6,0,NORMAL,
8498,EN26224895,SOMANI SHRAVAN VINOD,92.4966011,97.7942456,74.67,94.2,0,NORMAL,
8499,EN26237112,MOHAMMED MUJTABA MUKHTAR SHAIKH,92.4966011,96.4185055,68.33,93.2,0,NORMAL,
8500,EN26361955,KARTIKI KIRAN LAD,92.4966011,94.7952218,67.0,91.4,0,NORMAL,
8501,EN26103432,DURVA NIKI VASHI,92.4966011,95.2431067,73.0,92.83,0,NORMAL,
8502,EN26340579,PRITHVIRAJ AAKASH DHAWALE,92.4966011,97.4578821,76.33,91.0,0,NORMAL,
8503,EN26352192,BHAKTI PRAMOD LANDE,92.4966011,96.6937233,91.33,94.0,0,NORMAL,
8504,EN26235665,SWARA RAJEEV NAIK,92.4966011,98.8658108,88.67,97.16,0,NORMAL,
8505,EN26249732,ADITYA ARUN BADE,92.4966011,97.4288016,78.0,92.8,0,NORMAL,
8506,EN26431457,OM PRAMOD BHANUSE,92.4884637,29.4122187,44.0,57.2,0,NORMAL,
8507,EN26424469,OM SATYAWAN KOTHAWALE,92.4884637,95.3151853,64.67,60.4,0,NORMAL,
8508,EN26307460,VEDANT GOKUL AWARE,92.4884637,94.7283486,71.0,96.83,0,NORMAL,
8509,EN26149535,SUJAL ARUN CHAUDHARI,92.4884637,81.2737812,53.0,69.6,0,NORMAL,
8510,EN26347086,ANUJ SANJAY GAIKWAD,92.4884637,99.3965487,99.67,95.4,0,NORMAL,
8511,EN26106148,MEHTA HARSH JAGDISHBHAI,92.4884637,,84.33,89.66,0,NORMAL,
8512,EN26455045,VIKASH VAIBHAV,92.4884637,,67.67,85.4,0,NORMAL,
8513,EN26176103,PRANAV PRAMOD GAIKWAD,92.4884637,97.7724285,69.33,90.66,0,NORMAL,
8514,EN26399182,VEDANT GOYAL,92.4884637,96.2707087,75.33,95.6,0,NORMAL,
8515,EN26134618,SANTOSH R K,92.4884637,98.2779955,93.67,85.4,0,NORMAL,
8516,EN26251446,YASHRAJ AJAY MAKWANA,92.4884637,98.8328486,69.33,95.2,0,NORMAL,
8517,EN26300326,MANDAOKAR RAKSHAN VIJAY,92.4884637,96.4922187,67.67,89.2,0,NORMAL,
8518,EN26372054,VARUN UMESH SHETTY,92.4884637,96.5386733,77.0,83.2,0,NORMAL,
8519,EN26305302,VIRAJ UDDHAV EGE,92.4884637,95.4830918,78.67,96.0,0,NORMAL,
8520,EN26287585,NIDHEE UDAY AGASHE,92.4884637,99.7809882,92.33,98.4,2,MEDIUM,CET_vs_JEE: CET is HIGHER than expected by 64 rank pts; JEE_vs_HSC_SSC: JEE is LOWER than expected by 56 rank pts
8521,EN26389138,MRUNAL DEEPAK BANGAR,92.4884637,94.2307013,89.67,93.6,2,MEDIUM,CET_vs_HSC: CET is LOWER than expected by 56 rank pts; CET_vs_HSC_SSC: CET is LOWER than expected by 53 rank pts
8522,EN26430035,RATHOD AYUSH BABURAO,92.4884637,,67.33,86.6,0,NORMAL,
8523,EN26296338,ARYAN VILAS JADHAV,92.4775322,97.0213585,75.33,87.4,0,NORMAL,
8524,EN26244449,VAIBHAV RAVINDRA JAYBHAY,92.4775322,36.1833289,84.33,88.6,1,LOW,CET_vs_HSC: CET is LOWER than expected by 56 rank pts
8525,EN26408247,ROSHNI RAMARATNAM,92.4775322,97.7474428,83.67,96.5,0,NORMAL,
8526,EN26169489,PALAK SACHIN SHAH,92.4775322,92.9703046,61.33,96.16,0,NORMAL,
8527,EN26161350,SARANG SANJAY ASHTIKAR,92.4775322,96.9031415,67.33,94.0,0,NORMAL,
8528,EN26463587,SAMRAT NILKANTH DONGRE,92.4775322,88.525902,64.67,90.4,0,NORMAL,
8529,EN26111034,ANSARI NASRUDDIN ASGAR ALI,92.4775322,99.095532,90.33,86.8,0,NORMAL,
8530,EN26264562,RAJDEEP VITTHAL THAKARE,92.4775322,100.0,74.67,82.0,3,HIGH,CET_vs_JEE: CET is HIGHER than expected by 71 rank pts; CET_vs_HSC: CET is HIGHER than expected by 65 rank pts; CET_vs_HSC_SSC: CET is HIGHER than expected by 72 rank pts
8531,EN26178536,SHAURYA SUBASH SHETTY,92.4775322,99.0914533,87.0,95.16,0,NORMAL,
8532,EN26245930,AISHWARYA MAHESH KULKARNI,92.4775322,96.8875086,70.0,95.0,0,NORMAL,
8533,EN26387514,SHRAVAN AUSEKAR,92.4775322,97.2076054,90.0,95.2,0,NORMAL,
8534,EN26391041,AALAVANDHAAN PATIL,92.4775322,97.5014998,83.33,93.16,0,NORMAL,
8535,EN26428458,SHUBHRANSHU KUMAR,92.4775322,,53.67,73.0,0,NORMAL,
8536,EN26149577,DHAIRYA ANIL BHIVGADE,92.4775322,95.9065146,78.33,93.8,0,NORMAL,
8537,EN26222604,ATHARVA JITENDRA SHAH,92.4775322,88.7357048,56.33,81.16,0,NORMAL,
8538,EN26157466,ZOHA SAJID KHAN,92.4775322,97.8098824,83.67,97.33,0,NORMAL,
8539,EN26336851,PUSHKAR GANESH ARORA,92.4775322,96.2623043,78.33,80.4,0,NORMAL,
8540,EN26120924,SWARUP YASHWANT BELSARE,92.4775322,,71.33,89.5,0,NORMAL,
8541,EN26162327,AASTIK SANJIT MISHRA,92.4775322,98.2779955,66.67,90.33,0,NORMAL,
8542,EN26384916,PAYAL GAJANAN DOIJAD,92.4775322,97.5707384,73.0,95.4,0,NORMAL,
8543,EN26337327,NACHIKET VINIT GAWAND,92.4775322,96.1739609,90.67,94.6,0,NORMAL,
8544,EN26385457,BHOGALE ADARSH MUKUND,92.4775322,97.5446034,75.0,94.4,0,NORMAL,
8545,EN26373180,VEDRAJ VILAS SHINDE,92.4775322,95.9009755,74.33,89.0,0,NORMAL,
8546,EN26302686,ISHAN PRASHANT REPALE,92.4775322,98.1313859,75.67,92.2,0,NORMAL,
8547,EN26142373,SHASHANK SOMSHEKHAR MORE,92.4775322,63.4876968,55.0,83.2,0,NORMAL,
8548,EN26141446,VEDANSH SURESH TIDKE,92.4775322,96.996587,69.67,96.2,0,NORMAL,
8549,EN26419691,HARSHAD UMESH JAGADALE,92.4775322,98.5426548,76.33,91.4,0,NORMAL,
8550,EN26406120,JAYANI GUPTA,92.4775322,,80.33,95.66,0,NORMAL,
8551,EN26391168,ANKITA VISHNU SHINDE,92.4775322,97.8729143,71.0,100.0,0,NORMAL,
8552,EN26316129,GAURI SATISH CHALIKWAR,92.4689063,99.5343467,78.67,86.8,0,NORMAL,
8553,EN26326664,OM PRAFULL PATIL,92.4689063,97.2125436,79.67,93.4,0,NORMAL,
8554,EN26148522,NUPUR SWAPNIL BINAYKE,92.4689063,97.9285034,80.0,98.83,0,NORMAL,
8555,EN26168261,SREYA RAMESH NAIR,92.4689063,94.8648367,93.0,96.0,2,MEDIUM,CET_vs_HSC: CET is LOWER than expected by 61 rank pts; CET_vs_HSC_SSC: CET is LOWER than expected by 62 rank pts
8556,EN26133645,HITA JAYWANT KUDALKAR,92.4689063,98.5196099,88.67,96.83,0,NORMAL,
8557,EN26341654,ARYAN SANTAJI SHINDE,92.4689063,73.9021728,44.67,82.16,0,NORMAL,
8558,EN26259845,AMLAN JENA,92.4689063,98.0103906,93.67,92.4,0,NORMAL,
8559,EN26229595,ATHARVA MEHUL UPADHYAY,92.4689063,99.5156527,84.67,88.0,0,NORMAL,
8560,EN26220754,ARNAV RAMESH GAWADE,92.4689063,98.2786369,71.67,91.2,0,NORMAL,
8561,EN26340364,ANUJA MANOJ MAHURE,92.4689063,99.4543918,93.0,83.2,0,NORMAL,
8562,EN26158236,MUSKAN NARENDRASINGH CHAUHAN,92.4683896,98.4990553,85.0,95.2,0,NORMAL,
8563,EN26237383,CHAITANYA SHAILESH SHAHANE,92.4683896,96.2498087,75.0,89.0,0,NORMAL,
8564,EN26174593,TANAJI NARAYANRAO DESHMUKH,92.4683896,44.3215833,45.67,58.5,0,NORMAL,
8565,EN26101657,MEET LALIT SHIMPI,92.4683896,98.6166496,88.67,94.2,0,NORMAL,
8566,EN26203503,SAMARTH ANIL DESAI,92.4683896,98.7612146,73.0,82.4,0,NORMAL,
8567,EN26202712,GAYATRI SACHIN GADEKAR,92.4683896,98.4193724,62.67,88.4,0,NORMAL,
8568,EN26229515,UTHALE KAUSTUBH SUNIL,92.4683896,98.4296784,76.67,95.6,0,NORMAL,
8569,EN26128535,FARNAD MAZYAR KOTWAL,92.4683896,96.8391244,91.67,95.5,0,NORMAL,
8570,EN26191138,BHOLE GURVESH NITANT,92.4683896,98.644561,87.33,92.2,0,NORMAL,
8571,EN26345185,KUNAL KAUSTUBH KULKARNI,92.4683896,95.2927669,81.67,95.0,0,NORMAL,
8572,EN26104264,HARSHIT MAHENDRA,92.4683896,94.9644162,71.33,95.0,0,NORMAL,
8573,EN26446920,GOPAL RAMCHANDRA CHAUBEY,92.4683896,98.0748364,72.33,96.16,0,NORMAL,
8574,EN26445418,DEEP PANDHARINATH HOGE,92.4683896,96.9232385,78.0,98.0,0,NORMAL,
8575,EN26363613,HIYA UMAKANT LIMJE,92.4683896,7.7980223,53.33,70.8,0,NORMAL,
8576,EN26257493,ISHAN AMOL KHUPERKAR,92.4683896,96.4542259,72.33,93.8,0,NORMAL,
8577,EN26142437,RICHA HIRALAL PATIL,92.4653672,87.7370373,70.67,93.6,0,NORMAL,
8578,EN26195008,SHRAVANI RAJENDRA MAGDUM,92.4653672,27.9569892,51.0,77.4,0,NORMAL,
8579,EN26144921,MOURAVI MANOJ PATIL,92.4653672,86.5848999,45.67,85.2,0,NORMAL,
8580,EN26309154,SAFAL RAJU RAJURKAR,92.4653672,55.4743121,52.67,74.2,0,NORMAL,
8581,EN26121654,ANVI SANDEEP AGRAWAL,92.4653672,94.6049213,76.0,90.33,0,NORMAL,
8582,EN26459262,SHRAVANI PANDURANG JADHAV,92.4653672,52.8745002,63.67,77.6,0,NORMAL,
8583,EN26112380,JIYA GANESHSINGH CHAUHAN,92.4653672,99.3471433,80.67,90.4,0,NORMAL,
8584,EN26175386,AANYA DEWANGAN,92.4653672,92.5914149,83.0,95.2,0,NORMAL,
8585,EN26313551,PRANAV RAJENDRA VADJE,92.4653672,99.4306893,79.0,95.4,0,NORMAL,
8586,EN26226120,PAWAN CHOYAL,92.4653672,,90.67,92.5,0,NORMAL,
8587,EN26139002,NIYATI RAJENDRA BANIA,92.4653672,98.6836998,84.0,91.5,0,NORMAL,
8588,EN26120252,VEDANT VIVEK MEHENDALE,92.4653672,93.7276356,71.33,92.4,0,NORMAL,
8589,EN26278549,ANUJ SACHIN DESAI,92.4653672,96.6956121,66.0,87.4,0,NORMAL,
8590,EN26332552,PAARTH MAHADEO MASKE,92.4653672,97.9285523,73.67,91.6,0,NORMAL,
8591,EN26376761,SANSKRUTI RAMDAS DAREKAR,92.4653672,96.5458686,70.0,93.0,0,NORMAL,
8592,EN26312718,KAGADI MOHD AFFAN FAIYAZ,92.4653672,76.4346337,60.67,92.0,0,NORMAL,
8593,EN26429081,DIVYANK BHARDWAJ,92.4653672,,83.33,95.33,0,NORMAL,
8594,EN26456879,PURVA NILESH KASHIKAR,92.4653672,89.6618256,90.0,91.2,2,MEDIUM,CET_vs_HSC: CET is LOWER than expected by 62 rank pts; CET_vs_HSC_SSC: CET is LOWER than expected by 54 rank pts
8595,EN26210661,NAVEEN MAHESH CHAMORSHIKAR,92.4653672,98.909754,76.67,94.33,0,NORMAL,
8596,EN26376364,MAHEVI TAQDEES FATEMA MOHAMMED ARIF,92.4629106,90.2925429,86.67,85.2,0,NORMAL,
8597,EN26292877,SUHISH LODHA,92.4629106,86.5951005,54.67,87.5,0,NORMAL,
8598,EN26347004,HARISH GAJANAN PARDHI,92.4629106,89.429801,88.33,92.0,1,LOW,CET_vs_HSC: CET is LOWER than expected by 59 rank pts
8599,EN26326431,KARAN MUNNARAM JANGID,92.4629106,99.0598676,82.67,91.4,0,NORMAL,
8600,EN26101086,DARADE ROHAN RAJENDRA,92.4629106,97.9738335,72.67,85.6,0,NORMAL,
8601,EN26121529,SHREYAS NANDKUMAR DHONDE,92.4629106,96.161333,67.33,96.0,0,NORMAL,
8602,EN26108676,VRUNDA JANARDHAN AVHAD,92.4629106,96.6545506,73.0,92.66,0,NORMAL,
8603,EN26112859,NAITIK SHAILENDRA GAJBHIYE,92.4629106,95.1740567,88.67,97.8,1,LOW,CET_vs_HSC_SSC: CET is LOWER than expected by 58 rank pts
8604,EN26333009,DHANRAJ SHANKAR SARGAR,92.4408821,93.887286,80.67,90.8,0,NORMAL,
8605,EN26175901,DHIRAAJ DEVANG THAKORE,92.4408821,99.6953971,74.67,93.66,1,LOW,CET_vs_JEE: CET is HIGHER than expected by 61 rank pts
8606,EN26207696,JAYRAJ RAVINDRA SOMDE,92.4408821,99.2320819,65.67,98.4,0,NORMAL,
8607,EN26364213,VEDANG HARSHVARDHAN RAUT,92.4408821,98.920728,85.0,94.2,0,NORMAL,
8608,EN26301988,PRATIKSHA JIVRAJ GITTE,92.4408821,96.1068782,86.67,98.8,0,NORMAL,
8609,EN26395391,ADITYA SANTOSH ZINJADE PATIL,92.4408821,81.9137967,56.33,54.2,0,NORMAL,
8610,EN26105875,NINAD MANIK GODSE,92.4408821,98.976603,82.67,92.8,0,NORMAL,
8611,EN26338520,SHLOK KIRAN MANKAWALE,92.4408821,97.5715826,82.67,93.33,0,NORMAL,
8612,EN26262088,VEYDANT KHER,92.4408821,96.6688364,97.0,91.6,2,MEDIUM,CET_vs_HSC: CET is LOWER than expected by 56 rank pts; JEE_vs_HSC: JEE is LOWER than expected by 55 rank pts
8613,EN26204401,VIRAJ VISHAL PARIHAR,92.4408821,98.4296784,91.33,91.8,0,NORMAL,
8614,EN26170854,VED VINAY KULKARNI,92.4408821,95.9638704,83.67,97.0,0,NORMAL,
8615,EN26107275,ANKITA CARPENTER,92.4408821,98.0683302,80.0,86.8,0,NORMAL,
8616,EN26159132,PRIYESH RANJAN,92.4408821,97.8098824,87.0,97.33,0,NORMAL,
8617,EN26403168,VASUNDHARA SANJAY MURAGUNDE,92.4408821,96.8036058,72.67,93.2,0,NORMAL,
8618,EN26145423,KHUSHI KRISHNAMURTY CHINTAWAR,92.393589,97.8438084,76.67,89.8,0,NORMAL,
8619,EN26223102,KRISH ARJUNKUMAR RAWAL,92.393589,99.0804687,67.33,79.8,0,NORMAL,
8620,EN26351341,VEDANT VISHAL JAGDALE,92.393589,98.8270624,78.0,90.8,0,NORMAL,
8621,EN26374738,NIKHIL SATISH BADGUJAR,92.393589,95.9638704,81.33,84.0,0,NORMAL,
8622,EN26254851,DHAIRYA DHIRAJ SHARMA,92.393589,98.0547198,80.33,94.83,0,NORMAL,
8623,EN26232270,NIKHIL PRALHAD AVHAD,92.393589,96.0186459,75.33,92.2,0,NORMAL,
8624,EN26275648,PARTH MANIKAPPA YANNE,92.393589,97.8425595,65.67,91.0,0,NORMAL,
8625,EN26480385,YAJNA JAYESH VITHLANI,92.393589,,83.33,96.6,0,NORMAL,
8626,EN26230957,PARAS PATEKAR,92.393589,98.3463375,90.33,88.83,0,NORMAL,
8627,EN26332446,ATHARV BALKRISHNA DESHMUKH,92.393589,96.0852595,70.67,91.33,0,NORMAL,
8628,EN26369573,JANHAVI RAJENDRA AMRUTKAR,92.393589,89.4497168,74.67,97.6,0,NORMAL,
8629,EN26178680,NITIN PAWAN TIWARI,92.3874306,78.8724264,43.0,86.4,0,NORMAL,
8630,EN26141776,VANISHA VIPUL PADLIYA,92.3874306,98.7109722,92.0,93.0,0,NORMAL,
8631,EN26453971,ADITYA PRAKASH CHIRANIA,92.3874306,,90.67,94.8,0,NORMAL,
8632,EN26182058,MAYURESH NILESH PATIL,92.3874306,83.2071736,51.33,69.0,0,NORMAL,
8633,EN26284932,ADITYA VINOD KHUDE,92.3874306,99.6657302,85.67,93.8,1,LOW,CET_vs_JEE: CET is HIGHER than expected by 60 rank pts
8634,EN26206323,SHUBH CHAKRABORTY,92.3874306,98.622643,72.33,85.66,0,NORMAL,
8635,EN26374194,PARSHWA SUDARSHAN PATIL,92.3874306,98.204189,83.67,89.8,0,NORMAL,
8636,EN26119385,SHRADDHA NANDKUMAR KHAIRE,92.3872166,96.9750684,85.0,97.4,0,NORMAL,
8637,EN26138236,CHAITANYA MANIKRAO GAIKWAD,92.3872166,98.2117385,68.0,88.8,0,NORMAL,
8638,EN26415680,AWDHUT MAHENDRA GAWHARE,92.3872166,55.4743121,73.33,73.6,0,NORMAL,
8639,EN26137829,POOJA MANSUKH RAGHVANI,92.3872166,91.6068238,84.0,97.0,1,LOW,CET_vs_HSC_SSC: CET is LOWER than expected by 54 rank pts
8640,EN26357380,JAIN DARSHAN RUSHABHKKUMAR,92.3872166,97.9857027,83.67,93.4,0,NORMAL,
8641,EN26368541,PRANAV SHOUNAK JOSHI,92.3872166,99.75686,71.33,88.0,3,HIGH,CET_vs_JEE: CET is HIGHER than expected by 64 rank pts; CET_vs_HSC: CET is HIGHER than expected by 62 rank pts; CET_vs_HSC_SSC: CET is HIGHER than expected by 66 rank pts
8642,EN26461572,KHONDIL SUMIT PRITAM,92.3872166,85.2987504,84.33,88.0,0,NORMAL,
8643,EN26146435,ISHA CHAKRADHAR ATKARE,92.3872166,96.5873016,75.0,95.6,0,NORMAL,
8644,EN26166550,MORE VISHWAJIT VISHWAS,92.3872166,95.3686007,76.33,93.6,0,NORMAL,
8645,EN26189559,TANISH AGRAWAL,92.3872166,91.3857287,88.0,90.2,1,LOW,CET_vs_HSC: CET is LOWER than expected by 57 rank pts
8646,EN26227043,SHARDUL SACHIN SATHE,92.3872166,98.7794007,87.0,96.8,0,NORMAL,
8647,EN26275580,ARNAV MUKESH WAHANE,92.3872166,98.3477163,90.33,97.0,0,NORMAL,
8648,EN26112807,SAKSHAM SANTOSH KADAM,92.3872166,81.3607995,50.33,70.6,0,NORMAL,
8649,EN26167782,SHIVAM VIJAY DHAMANE,92.3872166,60.7738415,78.0,94.0,0,NORMAL,
8650,EN26247574,RAMESHWAR MARUTI NALAWADE,92.3872166,97.5556558,77.67,90.4,0,NORMAL,
8651,EN26258278,DHRUVIK HARSHADKUMAR THAKKAR,92.3872166,,78.33,92.83,0,NORMAL,
8652,EN26100866,SHLOK SUHAS ANBHULE,92.3872166,,39.33,72.6,0,NORMAL,
8653,EN26196225,UTKARSHA BHASKAR KADAM,92.3807369,98.6765412,70.67,91.6,0,NORMAL,
8654,EN26233819,HARSHIT SURESH SONKHASKAR,92.3807369,99.7010986,87.33,93.8,1,LOW,CET_vs_JEE: CET is HIGHER than expected by 62 rank pts
8655,EN26326924,AARYAN JAYESH SHETH,92.3807369,99.4964257,81.67,94.4,0,NORMAL,
8656,EN26196202,TRISHA SINGH,92.3807369,98.9702605,84.0,96.8,0,NORMAL,
8657,EN26489871,SUKRUTI BADRISH KULKARNI,92.3807369,97.4286115,85.33,98.0,0,NORMAL,
8658,EN26429674,CHAUDHAR SHUBHAM SHESHRAO,92.3807369,94.6959625,84.0,90.8,0,NORMAL,
8659,EN26335484,KAKDE JAYANT MUNISHWAR,92.3770865,78.7121389,44.67,89.8,0,NORMAL,
8660,EN26300812,ARYAN BALASAHEB MANE,92.3770865,28.3323489,40.67,94.0,0,NORMAL,
8661,EN26270582,JAYDEEP DHANAJI GHARGE,92.3770865,25.4578819,55.0,87.6,0,NORMAL,
8662,EN26143851,VATSAL PARAS SANGHAVI,92.3770865,99.6272958,81.0,94.4,1,LOW,CET_vs_JEE: CET is HIGHER than expected by 59 rank pts
8663,EN26214043,KRISHANG MANISH CHANDAK,92.3770865,97.9153809,78.33,94.4,0,NORMAL,
8664,EN26478680,AVNI NITIN BAMGUDE,92.3770865,94.2477571,68.33,97.0,0,NORMAL,
8665,EN26144890,S. SARABJEET SINGH ROSHANJEET SINGH SANDHU,92.3770865,99.5291575,71.33,87.83,1,LOW,CET_vs_HSC_SSC: CET is HIGHER than expected by 58 rank pts
8666,EN26215441,PARTH BALASO SALUNKHE,92.3770865,96.6217418,72.67,93.2,0,NORMAL,
8667,EN26199190,JAMBUGHODAWALA LULUAA,92.3770865,98.4223551,87.33,93.66,0,NORMAL,
8668,EN26379529,MANSHI SINGH,92.3770865,,80.33,81.66,0,NORMAL,
8669,EN26424507,SUJAL DEVIDAS SHINDE,92.3770865,60.010721,81.0,85.6,0,NORMAL,
8670,EN26290914,DHAIRYA RAWAT,92.3770865,99.1952467,91.33,93.16,0,NORMAL,
8671,EN26393669,YASH BHIMRAO MHOPARKAR,92.3770865,95.2142832,87.67,92.8,0,NORMAL,
8672,EN26170056,YASH SANJAY ADHAV,92.3770865,92.8766596,59.67,86.8,0,NORMAL,
8673,EN26186687,RIYA NAVIN GURNANI,92.3770865,97.7035859,83.67,96.6,0,NORMAL,
8674,EN26141990,ATHARV MALLIKARJUN GURAV,92.3770865,96.5336351,64.67,85.8,0,NORMAL,
8675,EN26461137,NIRMAL ADHAU,92.3770865,85.1689875,83.33,85.0,0,NORMAL,
8676,EN26159063,SHINGADE KIRTI ANGAD,92.3440889,2.7897371,42.33,68.8,0,NORMAL,
8677,EN26219658,PIYUSH MAHESH TAMHANE,92.3440889,97.3908024,85.0,89.33,0,NORMAL,
8678,EN26182093,SAMARTH PRAMOD PISE,92.3440889,97.4360937,70.33,92.5,0,NORMAL,
8679,EN26370819,JAYESH BABASO BAGAL,92.3440889,83.769652,49.33,75.2,0,NORMAL,
8680,EN26205034,AKANKSHA KUMARI,92.3440889,,82.33,92.66,0,NORMAL,
8681,EN26369090,RAYAN SANJAY CHAVAN,92.3440889,94.1937425,78.0,83.0,0,NORMAL,
8682,EN26277750,MAYURI MANOHAR MASKAR,92.3440889,95.0252399,95.67,91.8,3,HIGH,CET_vs_HSC: CET is LOWER than expected by 64 rank pts; JEE_vs_HSC: JEE is LOWER than expected by 55 rank pts; CET_vs_HSC_SSC: CET is LOWER than expected by 55 rank pts
8683,EN26339015,ARSH JAMEEL SHAIKH,92.3440889,96.0805719,69.33,92.8,0,NORMAL,
8684,EN26127578,RUDRAKSHA VIRENDRA KALE,92.3440889,96.9031415,77.0,93.16,0,NORMAL,
8685,EN26233393,SHARVARI MAHESH MONE,92.3440889,98.6494997,82.67,98.4,0,NORMAL,
8686,EN26101297,SARVADNYA SACHIN KINKAR,92.3440889,98.9619853,91.67,95.0,0,NORMAL,
8687,EN26217823,ROZMEEN GAYAS SHAIKH,92.3440889,92.3536394,85.0,94.8,0,NORMAL,
8688,EN26119555,LOHAKARE KRISH PRASHANT,92.3440889,95.3963666,73.0,90.2,0,NORMAL,
8689,EN26137967,AZHAAN PATHAN,92.3440889,96.3555898,80.0,91.2,0,NORMAL,
8690,EN26350473,SRUSHTI SHANKAR MAGADUM,92.3440889,99.4910455,71.33,95.4,0,NORMAL,
8691,EN26341360,PRANIL NIKHIL DUBE,92.3440889,96.7426478,83.33,89.6,0,NORMAL,
8692,EN26104597,ADITYA RAJESH WAGHDHARE,92.3440889,99.1542936,96.33,95.6,2,MEDIUM,JEE_vs_HSC: JEE is LOWER than expected by 56 rank pts; JEE_vs_HSC_SSC: JEE is LOWER than expected by 56 rank pts
8693,EN26392069,YASHSHAVI AGARWAL,92.3440889,,79.0,90.4,0,NORMAL,
8694,EN26330257,KSHITIJ BHAGWAT KHATAL,92.3405072,99.5888727,77.33,96.8,1,LOW,CET_vs_JEE: CET is HIGHER than expected by 58 rank pts
8695,EN26207983,DANDAWATE ESHAN ONKAR,92.3405072,98.2117385,82.33,95.6,0,NORMAL,
8696,EN26175150,HIMAY VISHAL BHATT,92.3405072,97.9731032,91.0,97.4,1,LOW,JEE_vs_HSC_SSC: JEE is LOWER than expected by 55 rank pts
8697,EN26391711,SIMRA JAVED MALIK,92.3405072,94.3971331,69.33,87.8,0,NORMAL,
8698,EN26249609,PIYUSH GAJANAN PAWAR,92.3405072,97.6863753,85.67,94.2,0,NORMAL,
8699,EN26359928,UTKARSH ASHOK WAMAN,92.3405072,95.4060578,67.33,81.8,0,NORMAL,
8700,EN26221113,ANVESHA VIVEK MANTRI,92.3405072,98.570253,74.67,98.0,0,NORMAL,
8701,EN26163156,ASHISH ADINATH FUNDE,92.3405072,97.3791828,76.67,90.8,0,NORMAL,
8702,EN26386996,ADITYA MAHESH CHAUDHARI,92.3405072,97.7948817,80.0,89.8,0,NORMAL,
8703,EN26326541,DURVANSHU VIJAY DHAKATE,92.3405072,96.5942413,77.0,88.6,0,NORMAL,
8704,EN26310745,KADAM SHREYASH SANTOSH,92.3405072,95.3686007,68.0,91.4,0,NORMAL,
8705,EN26424912,PRANJAL BISEN,92.3405072,,87.33,94.2,0,NORMAL,
8706,EN26149551,NILESH VIJAY PAWAR,92.3318952,37.0257103,70.33,71.2,0,NORMAL,
8707,EN26182916,SANGODE SHARDUL VIJAY,92.3318952,99.4800962,71.0,76.2,1,LOW,CET_vs_HSC_SSC: CET is HIGHER than expected by 59 rank pts
8708,EN26351671,OM MAHENDRA GAWDE,92.3318952,97.4914261,82.33,87.14,0,NORMAL,
8709,EN26185195,SUSHANT DWIVEDI,92.3318952,98.8243967,83.0,92.0,0,NORMAL,
8710,EN26115659,VIRENDRA BHASKAR DEOKAR,92.3318952,98.5909613,82.67,83.6,0,NORMAL,
8711,EN26245273,HARSHAVARDHAN PARASHARAM PATIL,92.3318952,97.7035859,76.0,94.16,0,NORMAL,
8712,EN26178988,AYUSH BANDU KAMBLE,92.3318952,94.2160225,64.33,82.2,0,NORMAL,
8713,EN26263377,ADITYA CHOUDHURY,92.3318952,98.6494997,91.0,97.8,1,LOW,JEE_vs_HSC_SSC: JEE is LOWER than expected by 56 rank pts
8714,EN26310959,KUSHAL LAXMIKANT SAWALKAR,92.3294199,97.5890264,66.0,64.83,0,NORMAL,
8715,EN26226754,ANUJ NILESH SHIRSATH,92.3294199,94.4809929,67.33,90.2,0,NORMAL,
8716,EN26113516,SHIVANG MISHRA,92.3294199,96.9993813,76.0,88.4,0,NORMAL,
8717,EN26245351,KUSHAGRA SONI,92.3294199,98.9795918,94.33,96.33,2,MEDIUM,JEE_vs_HSC: JEE is LOWER than expected by 55 rank pts; JEE_vs_HSC_SSC: JEE is LOWER than expected by 57 rank pts
8718,EN26249608,PURAV SUBIR DIDWANIA,92.3294199,98.4131253,76.0,97.4,0,NORMAL,
8719,EN26369071,TANISHQUA PRASAD DESHMUKH,92.3294199,89.2457163,70.67,88.2,0,NORMAL,
8720,EN26246461,KARAN JAGANNATH PAWAR,92.3294199,96.1569533,89.0,92.4,0,NORMAL,
8721,EN26396111,RIAN NAJAR,92.3294199,97.8985175,83.0,96.16,0,NORMAL,
8722,EN26113664,SHARAN RAMA KRISHNAN,92.3294199,96.1393231,79.0,94.83,0,NORMAL,
8723,EN26335627,MAANYU SANDEEP YADAV,92.3294199,95.2289207,75.0,86.5,0,NORMAL,
8724,EN26186890,GANDHARV BHALERAO,92.3286247,97.7924434,86.33,96.8,0,NORMAL,
8725,EN26291129,SHRUTI AVINASH DHANE,92.3286247,97.7942456,86.67,94.4,0,NORMAL,
8726,EN26306426,SUMIT SUNIL SHEVATE,92.3286247,97.4371782,72.0,98.4,0,NORMAL,
8727,EN26392466,PRATIK FOGLA,92.3286247,96.279915,78.0,90.83,0,NORMAL,
8728,EN26229643,PRANAV DHAWAN,92.3286247,99.2803541,79.67,91.8,0,NORMAL,
8729,EN26227540,DIVYESH SAHDEV CHOTALIYA,92.3286247,96.6879243,86.33,83.0,0,NORMAL,
8730,EN26294345,JANGID KAVITA SUKHARAM,92.3286247,,84.67,92.8,0,NORMAL,
8731,EN26232194,DAKSH ANAND BACHHUKA,92.3286247,99.4998496,74.0,82.4,1,LOW,CET_vs_HSC_SSC: CET is HIGHER than expected by 56 rank pts
8732,EN26144518,YUVRAAJ YOGESH PATEL,92.3286247,99.4436032,82.33,91.8,0,NORMAL,
8733,EN26166774,SAKSHI KULKARNI,92.3286247,95.5976137,85.0,98.66,0,NORMAL,
8734,EN26159097,SAMIKSHA CHANDRASHEKHAR NIMAT,92.3286247,92.9026198,65.0,80.8,0,NORMAL,
8735,EN26111218,SARTH KHANDELWAL,92.3247019,96.1569533,79.33,90.0,0,NORMAL,
8736,EN26198463,ADITI JAIDEEP MALLICK,92.3247019,98.0751569,83.33,93.0,0,NORMAL,
8737,EN26375814,SHREYA ANIL JADHAV,92.3247019,96.9615697,68.33,95.6,0,NORMAL,
8738,EN26161215,SHALMALI PRASAD GAWADE,92.3247019,99.2439457,83.0,96.83,0,NORMAL,
8739,EN26259104,DHAIRYA VYAWAHARE,92.3247019,96.4922187,76.67,85.4,0,NORMAL,
8740,EN26188861,VIVAN MADHAVANI,92.3247019,97.2076054,81.67,88.16,0,NORMAL,
8741,EN26286094,SANSKAR ASHOK KOPARDE,92.3247019,96.161333,82.0,94.6,0,NORMAL,
8742,EN26382886,SAKSHI GOPIKISHAN DAGA,92.3247019,95.4060578,75.33,95.66,0,NORMAL,
8743,EN26231214,DWIJ SANDEEP JOSHI,92.3247019,96.4033308,73.0,93.16,0,NORMAL,
8744,EN26154743,RAJ VAIBHAV KASAT,92.3247019,98.7486606,76.67,94.0,0,NORMAL,
8745,EN26230758,BANG NIKHIL PAWAN,92.3247019,98.2779955,75.67,90.2,0,NORMAL,
8746,EN26248913,NITYA SURESH RAGHUWANSHI,92.3247019,97.406218,92.67,93.4,0,NORMAL,
8747,EN26338921,MITKAR PARTH PRASHANT,92.3247019,94.372645,80.0,92.0,0,NORMAL,
8748,EN26349105,JAYRAJ VIJAY GAVANDE,92.3147315,94.0618232,61.33,93.2,0,NORMAL,
8749,EN26447428,RACHIT TIWARI,92.3147315,98.781718,83.0,95.0,0,NORMAL,
8750,EN26388012,SHIVRAJ RAVINDRA BIRANJE,92.3147315,37.9825825,53.0,63.0,0,NORMAL,
8751,EN26369124,JHEEL BHARATBHAI SANTANI,92.3147315,,77.0,85.6,0,NORMAL,
8752,EN26102491,SHIVAM SHAM KHASE,92.3147315,97.8130223,75.67,97.2,0,NORMAL,
8753,EN26356480,PRATHAMESH RAJU THAKRE,92.3147315,98.570253,84.33,92.4,0,NORMAL,
8754,EN26335402,VAJANI PRANAV,92.3147315,97.1687299,79.0,92.2,0,NORMAL,
8755,EN26136963,YASH CHANDRAPRAKASH DUBEY,92.3147315,98.2385756,86.33,93.6,0,NORMAL,
8756,EN26396520,SUNAY SUBHASHRAO KAPSE,92.3147315,95.4536104,75.33,90.0,0,NORMAL,
8757,EN26179184,KAUSTHUBH RAGHUPATHI SHETTY,92.3147315,96.3941538,82.67,89.0,0,NORMAL,
8758,EN26140947,VIRAJ SHRIKANT BHAKE,92.3147315,98.8054787,83.67,95.16,0,NORMAL,
8759,EN26236579,MISHTI JITENDRA AGRAWAL,92.3147315,96.0092361,69.0,94.0,0,NORMAL,
8760,EN26435226,VISHAL DURGARAM JANGID,92.3147315,92.0078173,69.67,86.4,0,NORMAL,
8761,EN26313270,SHUBHAM RUKHAMAJI SHINDE,92.3147315,94.9817832,73.67,93.6,0,NORMAL,
8762,EN26337447,ADITI VISHWAJIT GARAD,92.3147315,97.3210869,82.33,92.0,0,NORMAL,
8763,EN26423651,MOHD ATIF FARAZ ABDUL RAZZAQUE,92.2828738,94.893496,66.67,82.4,0,NORMAL,
8764,EN26222634,VIKRAM SURESH WALVEKAR,92.2828738,98.3819921,70.33,90.6,0,NORMAL,
8765,EN26428660,JEET SACHIN GATAGAT,92.2828738,96.4449717,70.33,81.6,0,NORMAL,
8766,EN26116969,ADITYA MANOJ TAKLIKAR,92.2828738,97.9968203,78.33,87.6,0,NORMAL,
8767,EN26294298,KRISHNA YADAV,92.2828738,97.7345783,78.33,81.5,0,NORMAL,
8768,EN26263623,ISHWARI UDAYSING RANE,92.2828738,95.0655625,72.33,95.6,0,NORMAL,
8769,EN26373189,SUJAL SACHIN PATIL,92.2828738,97.8702175,74.67,89.4,0,NORMAL,
8770,EN26174940,SANJEET CHANDRAKANT VIKHARANKAR,92.2828738,94.2477571,89.0,92.8,1,LOW,CET_vs_HSC: CET is LOWER than expected by 55 rank pts
8771,EN26230959,AJINKYA ASHOK VARALE,92.2828738,96.9819768,83.33,94.0,0,NORMAL,
8772,EN26166007,AVANISH SHEKHAR MARAWAR,92.2828738,92.2409094,80.33,94.5,0,NORMAL,
8773,EN26467556,DHAIRYA PANDEY,92.2828738,88.1968791,83.67,91.0,0,NORMAL,
8774,EN26387330,MAHAJAN HARIOM RAJESH,92.2828738,95.5511974,90.0,92.2,0,NORMAL,
8775,EN26393313,DWITI RAVAL,92.2828738,88.1468922,77.33,92.0,0,NORMAL,
8776,EN26353987,MANNAT DHIRAJ GAJWANI,92.2828738,98.7279709,74.33,88.8,0,NORMAL,
8777,EN26365748,ARYAN KAURAV,92.2828738,,89.33,90.66,0,NORMAL,
8778,EN26379205,AKSHITA SINGH,92.2828738,95.4986174,87.67,92.6,0,NORMAL,
8779,EN26153217,VARAD GANESH RAIKAR,92.2828738,97.4319413,82.33,96.0,0,NORMAL,
8780,EN26199996,PARSHWA SANJAY KARNALE,92.2752223,95.5358718,50.33,94.6,0,NORMAL,
8781,EN26227816,AMAY GAUTAM KHANDARE,92.2752223,64.1240022,59.67,79.2,0,NORMAL,
8782,EN26110741,AASHRAY KAPOOR,92.2752223,,66.33,90.2,0,NORMAL,
8783,EN26149111,CHITALIYA SMIT VIRAL,92.2752223,99.1739298,74.67,91.6,0,NORMAL,
8784,EN26272115,SYED YAMIN HAIDER,92.2752223,,87.33,91.5,0,NORMAL,
8785,EN26203132,ROHAN BHARAT MOHIKAR,92.2752223,96.8737201,74.67,87.4,0,NORMAL,
8786,EN26173249,TAUFIQUE RAFIQUE TACHI,92.2752223,94.1781526,70.67,86.0,0,NORMAL,
8787,EN26434203,RAGHAV TANAJI BHALKE,92.2752223,98.0748364,85.67,95.2,0,NORMAL,
8788,EN26230969,BHARGAVI CHANDRAKANT LATHKAR,92.2743995,98.297856,76.0,91.8,0,NORMAL,
8789,EN26377627,NIRGUN SANJAYKUMAR SHINDE,92.2743995,93.3993174,87.0,90.2,0,NORMAL,
8790,EN26189955,ABHISHEK SURYAKANT GURAV,92.2743995,99.0892392,72.67,95.8,0,NORMAL,
8791,EN26319740,TANISHKA PRASHANT SALVE,92.2743995,97.887694,76.0,92.0,0,NORMAL,
8792,EN26350372,SWANANDI SATISH JALIT,92.2743995,98.4599733,78.33,97.4,0,NORMAL,
8793,EN26245189,PIYUSH ASHISH SHUKLA,92.2743995,95.2061875,68.33,89.33,0,NORMAL,
8794,EN26322068,PATHAK ARTHIKA RAMESH,92.2743995,98.991977,73.0,93.4,0,NORMAL,
8795,EN26338204,TEJAS RAJENDRA DONGRE,92.2743995,98.9119026,92.67,93.8,0,NORMAL,
8796,EN26241864,AARYAN SANDIP AJMIRE,92.2743995,96.1569533,77.0,94.0,0,NORMAL,
8797,EN26123111,KUMARI RADHIKA,92.2743995,96.6966757,90.67,96.4,0,NORMAL,
8798,EN26287049,DHARTI DHANANJAY PATIL,92.2743995,94.2160225,75.67,95.2,0,NORMAL,
8799,EN26370078,MAYUR BHAUSAHEB PARHAD,92.2743995,98.2320819,76.0,94.4,0,NORMAL,
8800,EN26303776,KRUSHNA HARISH RAJURKAR,92.2743995,98.6285832,87.67,94.0,0,NORMAL,
8801,EN26328700,SANSKRUTI AATMARAM JOGDAND,92.2743995,93.7616003,80.67,81.8,0,NORMAL,
8802,EN26210454,ADITYA VINOD BHISE,92.2743995,95.1330171,56.0,83.5,0,NORMAL,
8803,EN26288147,SAMEER HARSHAD BAKRE,92.2743995,96.996587,76.33,89.6,0,NORMAL,
8804,EN26388289,VITTHAL GOVINDRAO KALAMBARE,92.2564385,37.1881218,77.33,76.6,0,NORMAL,
8805,EN26252161,ARTH AJIT DONGARE,92.2564385,90.9108002,65.67,84.8,0,NORMAL,
8806,EN26434396,KIRAN SHAHAPURKAR,92.2564385,98.781718,84.33,84.66,0,NORMAL,
8807,EN26126500,YASH JALANDAR SALUNKE,92.2564385,94.6595693,89.0,92.4,0,NORMAL,
8808,EN26335358,YOGESH PRAKASH PARSHIVE,92.2564385,86.560206,74.67,81.8,0,NORMAL,
8809,EN26239806,ASHAR AFZAL MIRZA,92.2564385,98.4163823,90.0,91.6,0,NORMAL,
8810,EN26330111,OM PRASAD,92.2564385,,55.33,79.8,0,NORMAL,
8811,EN26129586,ANUPAM RAJESH RATHI,92.2564385,98.0105894,72.0,95.16,0,NORMAL,
8812,EN26235409,ASHISH KAMALAKAR SURYAWANSHI,92.2564385,97.1175428,60.0,94.6,0,NORMAL,
8813,EN26119174,SOHAM PRAVEEN UDASI,92.2564385,98.1370729,83.33,90.33,0,NORMAL,
8814,EN26121293,REET PAWAR,92.2564385,96.9883668,87.0,95.16,0,NORMAL,
8815,EN26381583,KAVISH AMOL SURVE,92.2564385,98.0357905,70.0,84.6,0,NORMAL,
8816,EN26172754,LAXMIKANT GANPAT PARATE,92.2564385,95.2431067,69.33,93.8,0,NORMAL,
8817,EN26243829,THANMAI SAI MUDEDLA,92.2564385,94.6480451,75.67,83.0,0,NORMAL,
8818,EN26165820,HARISH SHRIKRUSHNANAND MAGAR,92.2564385,98.1066,82.33,95.8,0,NORMAL,
8819,EN26175371,SHREYAS RAVIRAJ BAIKAR,92.2564385,60.010721,39.0,83.2,0,NORMAL,
8820,EN26233207,REHAN RAFIK BAGWAN,92.2519509,78.9956692,77.67,79.4,0,NORMAL,
8821,EN26132493,SHUBHAM LAXMINARAYAN DUSSA,92.2519509,49.9737275,54.0,62.2,0,NORMAL,
8822,EN26172747,VIKRANT GORAKSHANATH GIRAM,92.2519509,89.9552166,83.67,94.4,0,NORMAL,
8823,EN26206943,ADITYA DHANANJAY TAMBAT,92.2519509,97.1546136,74.33,86.6,0,NORMAL,
8824,EN26339110,PAYAL KOLHE,92.2519509,95.0252399,70.67,90.4,0,NORMAL,
8825,EN26175939,NAMESH MILESH CHURI,92.2519509,98.7422717,84.67,94.5,0,NORMAL,
8826,EN26147938,AASHISH DEEPAK PARAB,92.2519509,99.3305769,84.0,96.0,0,NORMAL,
8827,EN26108606,SANIKA VIVEK DESHMUKH,92.2519509,98.4914374,85.0,90.83,0,NORMAL,
8828,EN26136793,ABHINAV INDRANIL RAY,92.2519509,95.8390646,83.0,96.5,0,NORMAL,
8829,EN26319173,SIDDHI SACHIN TELI,92.2519509,96.3161343,78.0,90.2,0,NORMAL,
8830,EN26414497,SOHAM SUNIL KADAM,92.2519509,97.9738335,64.67,92.8,0,NORMAL,
8831,EN26368744,SIDDHI JAYWANT DEORE,92.2519509,92.9026198,62.67,93.8,0,NORMAL,
8832,EN26208954,CHAITRALI SANTOSH PAWAR,92.2519509,98.5817805,76.33,93.6,0,NORMAL,
8833,EN26346719,DIVYA ANIL NAVALE,92.2336374,99.112515,82.33,80.2,0,NORMAL,
8834,EN26232273,PRATHAMESH SUDHAKAR ALODE,92.2336374,93.9707059,77.67,84.6,0,NORMAL,
8835,EN26174149,ARYAN PATIL,92.2336374,99.1672355,87.67,95.33,0,NORMAL,
8836,EN26324250,YASH RAM MADANE,92.2336374,99.7261833,95.67,94.4,3,HIGH,CET_vs_JEE: CET is HIGHER than expected by 64 rank pts; JEE_vs_HSC: JEE is LOWER than expected by 57 rank pts; JEE_vs_HSC_SSC: JEE is LOWER than expected by 55 rank pts
8837,EN26212828,SHREYASH SHAM WAKALE,92.2336374,89.364907,43.33,93.0,0,NORMAL,
8838,EN26212330,SHAMIKA SUDHIR SHINDE,92.2336374,99.1359803,87.0,98.2,0,NORMAL,
8839,EN26327943,SHRADDHA NARSINGRAO JORGEWAR,92.2336374,90.5659048,57.0,90.0,0,NORMAL,
8840,EN26394809,ISHAAN MOHAN,92.2336374,98.7789518,94.67,90.5,1,LOW,JEE_vs_HSC: JEE is LOWER than expected by 56 rank pts
8841,EN26370433,ATHARVA SUSHANT PATIL,92.2336374,99.2177086,80.67,94.6,0,NORMAL,
8842,EN26387393,SHLOK GHANSHYAM KABRA,92.2336374,98.626659,94.67,94.16,1,LOW,JEE_vs_HSC: JEE is LOWER than expected by 56 rank pts
8843,EN26360784,ROHIT RAM PAWAR,92.2276239,87.468285,59.67,77.8,0,NORMAL,
8844,EN26168914,MILIND VRINDAVAN JADHAV,92.2276239,98.1552237,77.33,88.4,0,NORMAL,
8845,EN26355630,AAYUSH SANTOSH KALE,92.2276239,97.7989985,89.33,96.4,0,NORMAL,
8846,EN26171751,ANDHALE VINAYAK NAMDEORAO,92.2276239,99.0970568,69.33,87.2,0,NORMAL,
8847,EN26295180,HRIDAY BHAVIN CHAMPANERI,92.2276239,,92.67,94.33,0,NORMAL,
8848,EN26335650,SHLOK SOMESH VYAS,92.2276239,98.6612515,79.0,89.83,0,NORMAL,
8849,EN26444353,SHIVESH KUMAR DWIVEDI,92.2276239,,55.67,78.8,0,NORMAL,
8850,EN26208941,SNEHAL ANIL KATTIMANI,92.2276239,94.3460306,69.67,90.2,0,NORMAL,
8851,EN26458324,KUNAL KIRAN JAGTAP,92.2276239,65.4076693,60.67,82.8,0,NORMAL,
8852,EN26112142,MOHAMMED AAMIR ABDUL RAHMAN KHAN,92.2276239,96.9234547,75.67,79.6,0,NORMAL,
8853,EN26151692,ANUJ AMAR KATTI,92.2276239,99.6217823,85.67,91.4,1,LOW,CET_vs_JEE: CET is HIGHER than expected by 60 rank pts
8854,EN26146705,AJINKYA SOSE,92.2276239,92.1242775,80.0,92.2,0,NORMAL,
8855,EN26107131,ATHARV SACHIN DESHPANDE,92.2276239,99.14615,89.0,85.8,0,NORMAL,
8856,EN26355489,SWARAJ VIJAY TAYADE,92.2276239,99.14615,83.33,94.8,0,NORMAL,
8857,EN26297665,SAMYAK SUNIL KATE,92.2276239,96.7673658,70.33,91.2,0,NORMAL,
8858,EN26280936,AARYAN SANTOSH THAKARE,92.2276239,96.9488994,72.0,91.8,0,NORMAL,
8859,EN26154831,SNEHA RANJAN NARVEKAR,92.2275509,97.1576493,83.0,96.0,0,NORMAL,
8860,EN26404284,SHITAL AJINATH CHOBHE,92.2275509,98.7096527,68.0,97.4,0,NORMAL,
8861,EN26344715,MAYURESH HARSHAL GHADIGAONKAR,92.2275509,97.9497586,85.0,94.33,0,NORMAL,
8862,EN26312700,VINAYAK GAJANAN BHANDURGE,92.2275509,99.2474239,78.67,88.4,0,NORMAL,
8863,EN26186320,DHRUV BHARAT WASAN,92.2275509,98.3463375,83.33,95.0,0,NORMAL,
8864,EN26211206,GAURI BHUSHAN GOSAVI,92.2275509,98.0121617,88.67,92.83,0,NORMAL,
8865,EN26329541,PRATIK SANGRAM PULKUNDWAR,92.2275509,98.644561,79.0,94.2,0,NORMAL,
8866,EN26176094,DIPTI,92.2275509,97.8054608,77.67,94.4,0,NORMAL,
8867,EN26300113,SAIRAJ SANTOSH POKHARKAR,92.2275509,61.114444,67.0,88.0,0,NORMAL,
8868,EN26367439,AROHAN SANDEEP POPALGHAT,92.2275509,94.1913399,69.33,86.0,0,NORMAL,
8869,EN26296934,DONGARE ROHAN LAXMAN,92.2275509,99.0135423,68.67,89.2,0,NORMAL,
8870,EN26312632,ANUDISH JAIN,92.2275509,93.7153061,86.0,86.4,0,NORMAL,
8871,EN26337342,SUHANI MALHOTRA,92.2026381,97.7942456,90.67,95.8,0,NORMAL,
8872,EN26261819,ISHAAN PRASHANT RAHANGDALE,92.2026381,95.3795495,72.33,90.0,0,NORMAL,
8873,EN26387203,ATHARVA AKHILESH TRIPATHI,92.2026381,86.9330662,63.67,92.6,0,NORMAL,
8874,EN26265733,IRAVANT SURESH LIMBURE,92.2026381,86.7003307,64.33,98.0,0,NORMAL,
8875,EN26244204,SHRUTI KUMAR PATKULKAR,92.1925789,95.9873991,72.67,93.8,0,NORMAL,
8876,EN26277241,TUSAWARA RIDHESH SANTOSH,92.1925789,43.1236655,57.0,87.0,0,NORMAL,
8877,EN26202188,SVANIK ANIL TIWARI,92.1925789,98.9695496,87.67,86.0,0,NORMAL,
8878,EN26448029,SAMEER KUMAR,92.1925789,,76.33,76.8,0,NORMAL,
8879,EN26144639,SHLOK ASHISH NALAVADE,92.1925789,98.8395904,90.33,97.0,1,LOW,JEE_vs_HSC_SSC: JEE is LOWER than expected by 56 rank pts
8880,EN26207440,KARTIK DHANANJAY DESHMUKH,92.1925789,41.7129534,58.33,85.6,0,NORMAL,
8881,EN26413075,KASTURI VIJAY GAWADE,92.1925789,91.6451799,62.67,94.33,0,NORMAL,
8882,EN26245536,MOHIT CHAUDHARY,92.1925789,96.3494357,67.33,86.66,0,NORMAL,
8883,EN26437982,SIDDESH AMAR PACHLING,92.1925789,93.9889579,52.33,91.6,0,NORMAL,
8884,EN26182582,HARSH SUNIL KUBAL,92.1925789,98.0166175,70.67,86.4,0,NORMAL,
8885,EN26289024,RUDRARSH JAGDISH JADHAV,92.1925789,91.3230812,57.0,73.4,0,NORMAL,
8886,EN26277910,CHAITANYA MAHESH JETHVA,92.1925789,98.4842236,88.33,97.0,0,NORMAL,
8887,EN26321884,PRIYADARSHANI DHAIRYASHIL THORAT,92.1925789,97.0949449,74.67,97.2,0,NORMAL,
8888,EN26477840,SWAPNIL VERMA,92.1925789,,75.67,92.16,0,NORMAL,
8889,EN26227846,NITTYA NAIK,92.1925789,,79.33,94.66,0,NORMAL,
8890,EN26222688,SHYAM MUKESHBHAI KOTHARI,92.1925789,44.586183,44.33,80.2,0,NORMAL,
8891,EN26482403,SINGH UDAY RAJESH,92.1925789,,60.0,79.2,0,NORMAL,
8892,EN26225165,VAIBHAV ANAND GARJE,92.1925789,95.2289207,78.33,95.8,0,NORMAL,
8893,EN26361789,ABHINAV TRIPATHI,92.1925789,,86.67,95.4,0,NORMAL,
8894,EN26347619,MALHAR KIRAN KALE,92.1925789,99.3515358,83.33,93.33,0,NORMAL,
8895,EN26449893,KARTIK KUMAR RAO,92.1925789,,86.33,87.66,0,NORMAL,
8896,EN26382910,VISHAKHA KHETSHI GADHVI,92.1925789,97.1344765,65.33,90.8,0,NORMAL,
8897,EN26460502,ARUSHI GAIKWAD,92.1925789,,88.33,93.16,0,NORMAL,
8898,EN26366377,PRASAD VINAYAK BAJARE,92.1920545,63.5035466,92.67,75.8,3,HIGH,CET_vs_HSC: CET is LOWER than expected by 73 rank pts; JEE_vs_HSC: JEE is LOWER than expected by 55 rank pts; CET_vs_HSC_SSC: CET is LOWER than expected by 57 rank pts
8899,EN26113382,SOHAM MAHAVIR MAGAR,92.1920545,98.546257,71.0,88.4,0,NORMAL,
8900,EN26278721,DIVYANSH RANJANKUMAR SINGH,92.1920545,97.7341914,72.67,97.16,0,NORMAL,
8901,EN26302056,GOURI AVINASH KHADE,92.1920545,97.1923599,83.33,93.0,0,NORMAL,
8902,EN26395402,AKCHATH KUMAR,92.1920545,95.2882188,91.0,96.33,3,HIGH,CET_vs_HSC: CET is LOWER than expected by 56 rank pts; JEE_vs_HSC_SSC: JEE is LOWER than expected by 56 rank pts; CET_vs_HSC_SSC: CET is LOWER than expected by 59 rank pts
8903,EN26225931,RUDRA RAGHUWANSHI,92.1632231,94.9817021,81.67,89.0,0,NORMAL,
8904,EN26212367,ANILKUMAR RAMNARAYAN PRAJAPAT,92.1632231,99.2861023,72.33,86.2,0,NORMAL,
8905,EN26214053,ANSHIKA PRAKASH KALAMKAR,92.1632231,98.612814,80.67,96.5,0,NORMAL,
8906,EN26380568,DAKSH KALPESH RATHOD,92.1632231,97.9005056,63.67,84.0,0,NORMAL,
8907,EN26429250,ANUJ BAIRAGI,92.1632231,93.5072524,95.0,95.28,4,HIGH,CET_vs_HSC: CET is LOWER than expected by 67 rank pts; JEE_vs_HSC: JEE is LOWER than expected by 57 rank pts; JEE_vs_HSC_SSC: JEE is LOWER than expected by 57 rank pts; CET_vs_HSC_SSC: CET is LOWER than expected by 66 rank pts
8908,EN26132718,AARUSHI TIWARI,92.1632231,43.1236655,54.0,87.6,0,NORMAL,
8909,EN26168473,KARTIK RAJENDRA TUPE,92.1632231,95.343223,57.33,78.4,0,NORMAL,
8910,EN26373139,ATHARV SAMBHAJI PATIL,92.1632231,96.21834,79.0,86.6,0,NORMAL,
8911,EN26294432,AKHILESH SATISH PUROHIT,92.1632231,95.6763142,61.33,82.0,0,NORMAL,
8912,EN26109759,ARYAN YOGESH MENON,92.1632231,98.4154992,91.33,92.4,0,NORMAL,
8913,EN26321867,SANKLP SHIVAJI BIRADAR,92.1632231,92.4575883,63.0,95.6,0,NORMAL,
8914,EN26287858,DHRUV VIKAS PATIL,92.1632231,96.9819768,90.33,89.6,0,NORMAL,
8915,EN26446989,ANISHA MOOLCHANDANI,92.1632231,99.0804687,89.33,93.0,0,NORMAL,
8916,EN26214899,SAMARPAN SUDHIR FULARI,92.1632231,90.5728815,72.33,96.4,0,NORMAL,
8917,EN26346986,SUMIT VIKAS MANE,92.1632231,90.5704062,63.33,81.0,0,NORMAL,
8918,EN26370474,ABHAY LALDHARI UPADHYAY,92.1364177,96.7675378,69.33,84.4,0,NORMAL,
8919,EN26277384,ADITYA DINESH DASARE,92.1364177,97.1576493,85.0,89.66,0,NORMAL,
8920,EN26138325,AADI RAJESH PATTEWAR,92.1364177,97.1601104,71.0,86.8,0,NORMAL,
8921,EN26243979,KUDALE SNEHAL RAJENDRA,92.1364177,91.7989964,89.0,98.0,3,HIGH,CET_vs_HSC: CET is LOWER than expected by 59 rank pts; JEE_vs_HSC_SSC: JEE is LOWER than expected by 56 rank pts; CET_vs_HSC_SSC: CET is LOWER than expected by 65 rank pts
8922,EN26232731,ANANYA SUHAS KULKARNI,92.1364177,99.4224681,92.67,100.0,2,MEDIUM,JEE_vs_HSC: JEE is LOWER than expected by 55 rank pts; JEE_vs_HSC_SSC: JEE is LOWER than expected by 60 rank pts
8923,EN26100257,ALI AYMAN JAVED,92.1364177,92.4480361,84.33,96.33,0,NORMAL,
8924,EN26184874,PARTH SUNIL PAWAR,92.1364177,93.8942381,74.0,96.4,0,NORMAL,
8925,EN26155526,KHANDGAURE CHAITANYA VISHNU,92.1364177,98.0144531,77.0,94.8,0,NORMAL,
8926,EN26228040,TANUSH JAGESHWAR ROTAKE,92.1364177,96.8016647,73.0,85.0,0,NORMAL,
8927,EN26332575,AGASTYA ABHIJIT GAULKAR,92.1364177,92.7160749,72.67,79.2,0,NORMAL,
8928,EN26241137,MANTHAN ASHOK JUMRANI,92.1364177,98.9795918,84.67,90.0,0,NORMAL,
8929,EN26116535,VEDANT PRADEEP KATKADE,92.1364177,95.0784112,81.33,91.0,0,NORMAL,
8930,EN26426842,AMAN ROY,92.1364177,,75.0,88.4,0,NORMAL,
8931,EN26306429,BHAVESH JIVAN PATIL,92.135367,68.4225402,62.33,89.4,0,NORMAL,
8932,EN26250515,PUSHKAR BRIJESH BAJPAI,92.135367,89.2457163,49.67,92.2,0,NORMAL,
8933,EN26291922,ASHHAR SHAFAKAT KHAN,92.135367,98.6477445,81.0,83.33,0,NORMAL,
8934,EN26154783,ADITYA DILIP RAHIRKAR,92.135367,99.3139932,73.0,89.0,0,NORMAL,
8935,EN26389344,AARUSH BHAT,92.135367,,86.0,92.6,0,NORMAL,
8936,EN26356899,SHRAVANI MAHESH SAKHARKAR,92.135367,96.0852595,81.0,96.66,0,NORMAL,
8937,EN26339608,ARNAV MAHENDRA BHOSALAY,92.135367,99.22161,82.33,94.8,0,NORMAL,
8938,EN26150595,RAUNAK MUKESH BISHT,92.135367,98.4163823,81.33,94.0,0,NORMAL,
8939,EN26168887,JAHNAVI JAYACHANDRAN,92.135367,97.4460796,98.67,91.8,1,LOW,JEE_vs_HSC: JEE is LOWER than expected by 59 rank pts
8940,EN26295797,HARSHVI NIRAV UDANI,92.135367,99.8693614,84.67,90.2,1,LOW,CET_vs_JEE: CET is HIGHER than expected by 70 rank pts
8941,EN26242451,AYUSHI SANDESH JADHAV,92.135367,98.1152875,86.67,97.5,0,NORMAL,
8942,EN26159188,ADITYA BANDOPANT PATIL,92.1349196,98.3382471,76.33,93.8,0,NORMAL,
8943,EN26232422,ATHARVA RAHUL KULKARNI,92.1349196,12.2913505,47.67,82.5,0,NORMAL,
8944,EN26379223,HARSHVARDHAN NAGANATH JODH,92.1349196,97.8761672,78.67,98.0,0,NORMAL,
8945,EN26268526,ANUSHKA VIDYASAGAR ULAGADDE,92.1349196,98.8513922,76.67,96.6,0,NORMAL,
8946,EN26216742,ACHYUTAM KUMAR RAGHAWENDRA PRASAD SHUKLA,92.1349196,96.5336351,67.67,90.6,0,NORMAL,
8947,EN26194550,MUKUND NARESH MISHRA,92.1349196,98.5823981,79.0,88.6,0,NORMAL,
8948,EN26417522,GANGURDE MUKUND SANTOSH,92.1349196,90.0621118,72.33,80.4,0,NORMAL,
8949,EN26167315,BHAVARTH RAKESH SURVE,92.1349196,78.2850242,63.67,74.85,0,NORMAL,
8950,EN26355590,VARAD SHAHAJI LAD,92.1349196,99.095532,70.67,93.8,0,NORMAL,
8951,EN26184009,RANVEER VIKRAMSINH GHATGE,92.1349196,97.8098824,73.0,94.2,0,NORMAL,
8952,EN26386925,PARIMAL CHANDRAKANT JADHAV,92.1349196,,79.0,92.8,0,NORMAL,
8953,EN26283722,AMEY MAHESH GARJE,92.1275397,96.8875086,93.67,88.8,1,LOW,JEE_vs_HSC: JEE is LOWER than expected by 57 rank pts
8954,EN26108123,ZOHAIB AKHTAR,92.1275397,98.6477445,89.33,86.66,0,NORMAL,
8955,EN26288966,ANWESHA SAHOO,92.1275397,96.9174524,80.33,97.5,0,NORMAL,
8956,EN26365339,VARAD PRALHADRAO CHAVAN,92.1275397,96.6404902,59.33,95.0,0,NORMAL,
8957,EN26327683,GHARTE GANESH DIPAK,92.1275397,94.7789294,83.33,94.2,0,NORMAL,
8958,EN26235275,SRIDEVI SRINIVAS NAIR,92.1238924,98.3776334,84.0,97.8,0,NORMAL,
8959,EN26171121,RUSHIKESH RAMESHWAR AMANKAR,92.1238924,89.106913,93.0,94.0,3,HIGH,CET_vs_HSC: CET is LOWER than expected by 68 rank pts; JEE_vs_HSC: JEE is LOWER than expected by 56 rank pts; CET_vs_HSC_SSC: CET is LOWER than expected by 64 rank pts
8960,EN26460191,MADHAV BALAJI KSHIRSAGAR,92.1238924,,69.0,92.6,0,NORMAL,
8961,EN26413898,PARTH ANIL ROKADE,92.1238924,98.7923974,78.0,93.0,0,NORMAL,
8962,EN26233023,CHAVAN OMRAJE APPASAHEB,92.1238924,96.8479282,99.04,93.2,3,HIGH,CET_vs_HSC: CET is LOWER than expected by 55 rank pts; JEE_vs_HSC: JEE is LOWER than expected by 59 rank pts; JEE_vs_HSC_SSC: JEE is LOWER than expected by 55 rank pts
8963,EN26338182,SHRAVANI SAMBHAJI SOLAT,92.1238924,97.4167804,64.67,92.2,0,NORMAL,
8964,EN26230893,SWANAND MILIND DESHPANDE,92.1238924,93.3688303,92.33,94.33,3,HIGH,CET_vs_HSC: CET is LOWER than expected by 64 rank pts; JEE_vs_HSC: JEE is LOWER than expected by 56 rank pts; CET_vs_HSC_SSC: CET is LOWER than expected by 61 rank pts
8965,EN26303820,DIVYA SUNIL SONAWANE,92.1238924,96.2707087,72.67,96.0,0,NORMAL,
8966,EN26176873,NEEL KOUSTUBH KANETKAR,92.1238924,97.510102,80.0,94.8,0,NORMAL,
8967,EN26378798,JHA PRANAV KUMAR RAMAN KUMAR,92.1238924,96.3722342,73.0,83.8,0,NORMAL,
8968,EN26131373,JANAKI KISHOR RUPNAWAR,92.1238924,96.9644681,67.67,90.8,0,NORMAL,
8969,EN26377967,SARTHAK SURENDRA PITAKE,92.1238924,99.5888727,78.33,90.2,1,LOW,CET_vs_JEE: CET is HIGHER than expected by 59 rank pts
8970,EN26162130,AASHUTOSH SUNIL MAHTO,92.1238924,99.1231468,66.67,91.0,0,NORMAL,
8971,EN26388523,ADITYA NARAYAN,92.1238924,,80.67,92.33,0,NORMAL,
8972,EN26236634,OM BALAJI KADAM,92.1238924,97.6985322,84.0,92.6,0,NORMAL,
8973,EN26448027,SANKET MOHAN BHUTEKAR,92.1238924,46.4953181,45.33,79.4,0,NORMAL,
8974,EN26175933,PATEL YAGNA BHAVESHKUMAR,92.1238924,97.0317477,70.33,90.5,0,NORMAL,
8975,EN26373809,ONKAR SACHIN KATRE,92.1238924,96.8875086,76.33,88.6,0,NORMAL,
8976,EN26243168,AMEY VIVEK TATKARE,92.1238924,98.6206102,92.67,96.0,2,MEDIUM,JEE_vs_HSC: JEE is LOWER than expected by 56 rank pts; JEE_vs_HSC_SSC: JEE is LOWER than expected by 57 rank pts
8977,EN26146257,ABHIJEET KUMAR JHA,92.1238924,89.5272602,75.33,85.66,0,NORMAL,
8978,EN26266522,SHUBHRA SWAPNIL DIXIT,92.1173367,99.6778075,84.0,100.0,1,LOW,CET_vs_JEE: CET is HIGHER than expected by 63 rank pts
8979,EN26214633,SUJATA SUNIL RATNAPARKHI,92.1173367,96.9378727,64.67,100.0,0,NORMAL,
8980,EN26290652,NAITIK GUPTA,92.1173367,,73.33,91.8,0,NORMAL,
8981,EN26361213,DHRUVA BHALODI,92.1173367,97.9716801,87.33,91.6,0,NORMAL,
8982,EN26142238,SIDHESH SHANKAR LABADE,92.1173367,94.5768123,82.33,77.0,0,NORMAL,
8983,EN26365838,PRATHAMESH PRASHANT INAMDAR,92.1173367,97.8063117,78.33,95.4,0,NORMAL,
8984,EN26290997,AARAV DINESH BIRARI,92.1173367,98.7857913,88.67,91.5,0,NORMAL,
8985,EN26269256,DEVESH ANIL BHAGAT,92.1173367,98.9897444,77.67,96.66,0,NORMAL,
8986,EN26103333,GARGI KAILAS AHIRE,92.1173367,97.3009495,61.0,89.6,0,NORMAL,
8987,EN26477974,PRATYAKSH RAJ,92.1173367,,50.67,82.8,0,NORMAL,
8988,EN26439735,YASH SUNIL JADHAV,92.1173367,98.8670753,77.0,90.83,0,NORMAL,
8989,EN26280920,PATIL PARTH BABAN,92.1173367,96.8091806,74.0,85.33,0,NORMAL,
8990,EN26480699,YUGRAJ KUMAWAT,92.1173367,98.0748364,87.0,88.0,0,NORMAL,
8991,EN26105926,SUTKAR SANKET SOMNATH,92.1173367,92.0078173,69.67,87.2,0,NORMAL,
8992,EN26158621,SUCHIT DADASAHEB NILANGEKAR,92.1173367,92.8576339,72.67,89.8,0,NORMAL,
8993,EN26173502,OM ASHISH INGLE,92.1173367,92.5129597,70.67,90.0,0,NORMAL,
8994,EN26140745,AMOLIKA SINHA,92.1154113,97.9285034,82.67,96.33,0,NORMAL,
8995,EN26117688,TANVI PARAG DEORE,92.1154113,96.614828,97.0,93.6,3,HIGH,CET_vs_HSC: CET is LOWER than expected by 56 rank pts; JEE_vs_HSC: JEE is LOWER than expected by 59 rank pts; JEE_vs_HSC_SSC: JEE is LOWER than expected by 56 rank pts
8996,EN26328714,AARYAN MANGESH SATOSE,92.1154113,96.3646855,87.0,92.2,0,NORMAL,
8997,EN26245429,MANASI PRAKASH TAMBADE,92.1154113,98.451797,73.0,96.6,0,NORMAL,
8998,EN26195205,ABHISHEK BALAJI KACHAVE,92.1154113,88.1535836,68.33,96.0,0,NORMAL,
8999,EN26366095,DEVISHA DAMODAR CHOLLANGI,92.1154113,99.5638918,83.0,96.6,1,LOW,CET_vs_JEE: CET is HIGHER than expected by 59 rank pts
9000,EN26325959,VYOM KENNY JHAVERI,92.1154113,97.4745389,77.33,96.71,0,NORMAL,
9001,EN26140650,SHAH KRUTARTH SUDHANSHU,92.1154113,,90.0,95.0,0,NORMAL,
9002,EN26146317,JAYESH GULAB PATIL,92.1154113,93.9374669,84.0,93.8,0,NORMAL,
9003,EN26296304,VAISHNAVI SHASHIKANT PATIL,92.1154113,97.9337683,73.33,90.0,0,NORMAL,
9004,EN26275846,ARUSH SHASHANK SONGDE,92.1154113,95.7690393,86.0,93.83,0,NORMAL,
9005,EN26222774,PARMAR JAYPAL AVDHESH,92.1154113,98.174902,81.67,92.2,0,NORMAL,
9006,EN26249470,AYUSH NAGENDRAPRASAD CHAURASIYA,92.1154113,97.0655663,68.33,93.2,0,NORMAL,
9007,EN26291385,JAHANVI GAUTAM,92.1154113,96.4352588,85.0,96.2,0,NORMAL,
9008,EN26112301,ESHA VIKRAMSINH SURYAWANSHI,92.1154113,90.8566407,76.33,92.5,0,NORMAL,
9009,EN26286897,BANSODE RIYA SANTOSH,92.1154113,97.023932,89.0,94.33,0,NORMAL,
9010,EN26198420,YASHONEEL KAPIL VAIRAGI,92.1154113,98.3688614,78.67,91.16,0,NORMAL,
9011,EN26141165,AARYAN GOPAL ZANVAR,92.1151449,97.2950127,74.0,88.6,0,NORMAL,
9012,EN26109858,SHREYAS MANDAR VAIDYA,92.1151449,96.2590235,57.67,89.8,0,NORMAL,
9013,EN26219619,SAMYAK SACHIN SHIRKE,92.1151449,97.3099865,66.0,90.8,0,NORMAL,
9014,EN26371144,TALOLE RUDRESH SANDIP,92.1151449,95.9009755,80.33,80.8,0,NORMAL,
9015,EN26365722,FARZAN TAUSEEF SIDDIQUI,92.1151449,98.6208828,93.33,93.2,1,LOW,JEE_vs_HSC: JEE is LOWER than expected by 57 rank pts
9016,EN26150482,SHREYASH SHYAMRAO JADHAV,92.1151449,95.7805094,70.33,88.8,0,NORMAL,
9017,EN26132758,PRATAP UTTAMRAO DESHMUKH,92.1151449,93.1635295,57.0,91.0,0,NORMAL,
9018,EN26242829,KSHITIJ SUDHIR HIRWE,92.1151449,98.3477163,71.67,89.0,0,NORMAL,
9019,EN26159002,SANTHOSH V,92.1151449,91.3216011,84.33,95.33,0,NORMAL,
9020,EN26379252,SHRAVAN JANARDHAN KASLE,92.1151449,86.6676057,40.67,87.2,0,NORMAL,
9021,EN26224329,PIYUSH CHANDRAKANT RATHOD,92.1151449,95.7405512,81.0,90.6,0,NORMAL,
9022,EN26203447,SAI SUKDEO LABHADE,92.1151449,99.6872207,92.33,96.8,3,HIGH,CET_vs_JEE: CET is HIGHER than expected by 64 rank pts; JEE_vs_HSC: JEE is LOWER than expected by 56 rank pts; JEE_vs_HSC_SSC: JEE is LOWER than expected by 59 rank pts
9023,EN26449515,RANVEER RAVINDRA YADAV,92.1151449,93.757466,78.0,91.8,0,NORMAL,
9024,EN26238512,JATIN ANAND KATE,92.1151449,98.1351709,70.33,93.0,0,NORMAL,
9025,EN26349727,PAWANPREET SINGH KALVINDER SINGH DATHE,92.1151449,98.4843712,76.33,90.4,0,NORMAL,
9026,EN26343860,SOHAM VISHWAS TAMBE,92.1151449,,66.67,71.2,0,NORMAL,
9027,EN26436523,SHIVRAJ SATISH GARAD,92.1151449,93.7616003,84.67,91.83,0,NORMAL,
9028,EN26361956,RUTWIN RAVI SHETTY,92.1151449,98.7815884,92.33,94.2,1,LOW,JEE_vs_HSC: JEE is LOWER than expected by 56 rank pts
9029,EN26168797,JIGISHA SHARMA,92.0990433,96.4542259,79.0,76.33,0,NORMAL,
9030,EN26320704,ARYAN SURENDRA BAKALE,92.0990433,98.4325799,85.0,95.2,0,NORMAL,
9031,EN26367838,KHANDGE SOHAM MANGESH,92.0990433,99.0970568,70.33,98.83,0,NORMAL,
9032,EN26238290,AYAAN ABDULAZIZ SURVE,92.0990433,99.6959784,94.67,98.2,3,HIGH,CET_vs_JEE: CET is HIGHER than expected by 64 rank pts; JEE_vs_HSC: JEE is LOWER than expected by 58 rank pts; JEE_vs_HSC_SSC: JEE is LOWER than expected by 62 rank pts
9033,EN26288687,SHARVARI ANAND PURBUJ,92.0990433,91.563328,65.67,96.0,0,NORMAL,
9034,EN26222829,NABH MAMANIYA,92.0990433,99.0598676,69.0,96.2,0,NORMAL,
9035,EN26136775,AKSHAT SOLANKI,92.0990433,97.2172082,76.67,95.33,0,NORMAL,
9036,EN26410524,SRIRAGHUNANDAN PRASHANT DHARMADHIKARI,92.0990433,92.9781315,70.0,92.2,0,NORMAL,
9037,EN26267723,SOHAM DHANSUKH PATEL,92.0990433,93.4649935,68.67,88.4,0,NORMAL,
9038,EN26335369,DEVSHREE DEVANAND GIRADKAR,92.0990433,92.9222144,85.0,98.8,1,LOW,CET_vs_HSC_SSC: CET is LOWER than expected by 57 rank pts
9039,EN26250376,ATHARVA KISHOR GHULAXE,92.0990433,88.245893,70.33,96.8,0,NORMAL,
9040,EN26202243,BANGAL DARSHAN BALKRISHNA,92.0990433,94.2038061,66.67,90.8,0,NORMAL,
9041,EN26115197,KARTIK GAJANAN KADAM,92.0990433,94.3667284,93.33,94.8,4,HIGH,CET_vs_HSC: CET is LOWER than expected by 63 rank pts; JEE_vs_HSC: JEE is LOWER than expected by 57 rank pts; JEE_vs_HSC_SSC: JEE is LOWER than expected by 56 rank pts; CET_vs_HSC_SSC: CET is LOWER than expected by 61 rank pts
9042,EN26398478,RAJ NAGENDRA SHAHU,92.0990433,98.2052656,90.67,91.2,0,NORMAL,
9043,EN26230624,MANTHAN PRAVIN KATADE,92.0990433,96.7647625,84.33,95.2,0,NORMAL,
9044,EN26334270,NARKAR RUTA RAHUL,92.0912295,98.5168677,73.33,98.4,0,NORMAL,
9045,EN26222986,SOHAM AVINASH PATIL,92.0912295,95.4990284,52.0,81.8,0,NORMAL,
9046,EN26219208,SHLOK GOPAL BHATT,92.0912295,96.4855442,91.67,97.4,3,HIGH,JEE_vs_HSC: JEE is LOWER than expected by 56 rank pts; JEE_vs_HSC_SSC: JEE is LOWER than expected by 59 rank pts; CET_vs_HSC_SSC: CET is LOWER than expected by 56 rank pts
9047,EN26272739,ANUSHKA PRAVIN RAVEKAR,92.0912295,97.2255266,69.67,93.2,0,NORMAL,
9048,EN26141747,NINAD NISHIKANT SHINDE,92.0912295,94.1399317,67.33,84.0,0,NORMAL,
9049,EN26227484,GAURAV RAJU BAVISKAR,92.0912295,96.8091806,79.67,94.2,0,NORMAL,
9050,EN26114987,SHARDUL SHASHIKANT RAUT,92.0912295,98.0447413,82.67,96.2,0,NORMAL,
9051,EN26257444,ABHINEET CHAKRABORTY,92.0912295,,91.33,91.8,1,LOW,JEE_vs_HSC: JEE is LOWER than expected by 55 rank pts
9052,EN26100469,NAMAN DINESH JAIN,92.0912295,97.2913667,77.0,94.4,0,NORMAL,
9053,EN26103148,ARNAV VERMA,92.0912295,98.622643,83.0,86.4,0,NORMAL,
9054,EN26324860,MIHIR MADHUSUDAN ADHIKARI,92.0912295,98.4843712,86.67,94.2,0,NORMAL,
9055,EN26113066,ADITYA VARDHAN,92.0912295,92.8705176,85.0,90.5,0,NORMAL,
9056,EN26324637,KUNAL SHIVAJI DIGHOLE,92.0912295,95.5928687,73.67,95.6,0,NORMAL,
9057,EN26112242,JIVIN KUNAL NAKER,92.0912295,95.3151853,74.33,88.8,0,NORMAL,
9058,EN26322463,ANIKET SEN GUPTA,92.0912295,,84.33,85.8,0,NORMAL,
9059,EN26215103,KRISHNA SHANKAR PARDESHI,92.049124,97.7924434,59.0,88.5,0,NORMAL,
9060,EN26251441,AARAV CHIRAG HIRANI,92.049124,99.0750853,89.67,98.16,1,LOW,JEE_vs_HSC_SSC: JEE is LOWER than expected by 58 rank pts
9061,EN26361333,ATHARVA GANESH KANADE,92.049124,97.98376,74.67,92.0,0,NORMAL,
9062,EN26408544,MALPANI SIDDHARTH MANOJ,92.049124,99.559727,86.67,93.2,1,LOW,CET_vs_JEE: CET is HIGHER than expected by 59 rank pts
9063,EN26280440,NEEL SANTOSH KOLI,92.049124,99.6728339,90.0,89.16,1,LOW,CET_vs_JEE: CET is HIGHER than expected by 63 rank pts
9064,EN26397483,PRATIKSHA RAJENDRA SHELKE,92.049124,93.4463876,74.0,88.8,0,NORMAL,
9065,EN26246519,SHARVIL SANTAJI WARE,92.049124,98.2126899,84.0,95.4,0,NORMAL,
9066,EN26182750,NIGAM RAJ,92.049124,,76.67,96.2,0,NORMAL,
9067,EN26106723,PRATHAMESH RAJESH CHAUDHARI,92.0441059,99.3188428,76.33,96.2,0,NORMAL,
9068,EN26310731,OM DHIRAJ JAGTAP,92.0441059,90.3279027,63.67,81.6,0,NORMAL,
9069,EN26284720,YUVRAJ BHIMA JADHAV,92.0441059,96.5496042,75.0,92.0,0,NORMAL,
9070,EN26143918,SAYALI CHETAN DANDEKAR,92.0441059,82.9459739,56.33,94.2,0,NORMAL,
9071,EN26170457,SEJAL PRADIP PATIL,92.0441059,96.8391244,86.0,95.8,0,NORMAL,
9072,EN26292692,AARYAVEER PRAMOD NIMBALKAR,92.0441059,95.2882188,76.0,94.2,0,NORMAL,
9073,EN26174516,TANUSHREE PRATIK MHATRE,92.0441059,99.3225882,87.33,98.0,1,LOW,JEE_vs_HSC_SSC: JEE is LOWER than expected by 55 rank pts
9074,EN26299841,SAGNIK KAR,92.0441059,99.3264576,93.0,97.66,2,MEDIUM,JEE_vs_HSC: JEE is LOWER than expected by 57 rank pts; JEE_vs_HSC_SSC: JEE is LOWER than expected by 61 rank pts
9075,EN26363246,GHATBANDHE SANMAY SANJAY,92.0383632,92.9404101,77.0,67.4,0,NORMAL,
9076,EN26322123,ARJUN CHANDRASHEKHAR KADU,92.0383632,97.1546136,74.33,93.6,0,NORMAL,
9077,EN26106954,ARRUSH ABHIJEET GHOSALKAR,92.0383632,98.2171021,84.33,93.5,0,NORMAL,
9078,EN26211665,ANIRUDH SINGH,92.0383632,99.7284085,87.0,93.6,1,LOW,CET_vs_JEE: CET is HIGHER than expected by 66 rank pts
9079,EN26148059,DEVEESH BAGGA,92.0383632,98.2478484,93.67,91.16,1,LOW,JEE_vs_HSC: JEE is LOWER than expected by 58 rank pts
9080,EN26392945,ADITYA ARORA,92.0383632,96.8852136,80.67,87.0,0,NORMAL,
9081,EN26365753,VEDIKA SANDIP MORANKAR,92.0383632,98.0848861,78.67,95.8,0,NORMAL,
9082,EN26170555,ADITI SANTOSH PADWAL,92.0383632,98.3477163,82.0,95.6,0,NORMAL,
9083,EN26367267,DEVENDRA SOMNATH BHISE,92.0383632,97.4499655,78.33,80.28,0,NORMAL,
9084,EN26322155,KARTIK MILIND GAMBHIR,92.0383632,95.4948805,86.33,95.8,0,NORMAL,
9085,EN26296162,SUREKAR SAJYOT SANJAY,92.0383632,91.6610792,89.0,91.2,1,LOW,CET_vs_HSC: CET is LOWER than expected by 59 rank pts
9086,EN26272912,ABHISHEK ANANTARAO MUNDE,92.0251183,97.3781998,84.33,91.4,0,NORMAL,
9087,EN26352310,SHRISHAY GIRISH DESHMUKH,92.0251183,98.8167764,87.0,95.4,0,NORMAL,
9088,EN26307733,SATVIK ASWAD KULKARNI,92.0251183,98.5565976,78.33,93.16,0,NORMAL,
9089,EN26264988,BHAVESH RAMESHWAR NAVANDAR,92.0251183,98.9382574,66.0,85.66,0,NORMAL,
9090,EN26310485,IBRAHIM BAIG MIRZA MUBEEN,92.0251183,98.5453146,63.0,91.4,0,NORMAL,
9091,EN26367690,TANUJA BHAGWAT SAPATE,92.0251183,95.2179107,78.0,95.0,0,NORMAL,
9092,EN26166586,VALLABH ANILKUMAR TIKAR,92.0251183,99.0772294,91.0,85.66,1,LOW,JEE_vs_HSC: JEE is LOWER than expected by 55 rank pts
9093,EN26408704,AARYA RAHUL APHALE,92.0251183,98.1152875,83.67,95.4,0,NORMAL,
9094,EN26152682,TANVESH SHASHIKANT KENI,92.0213655,80.1708014,49.0,77.8,0,NORMAL,
9095,EN26375606,GANESH SANJAY KENDRE,92.0213655,69.3900327,81.67,79.2,0,NORMAL,
9096,EN26490883,DHRUV KUMAR SINGH,92.0213655,,53.0,79.33,0,NORMAL,
9097,EN26351638,SOMESH DINESH PARALKAR,92.0213655,74.9893249,51.0,83.6,0,NORMAL,
9098,EN26162977,SIDDHI SUBHASH TENKALE,92.0213655,98.0848861,78.33,95.83,0,NORMAL,
9099,EN26382178,BHOSLE AJINKYA SURYAKANT,92.0213655,98.0144531,76.33,87.8,0,NORMAL,
9100,EN26272450,KRISHNA KHANDELWAL,92.0213655,98.700763,87.33,88.0,0,NORMAL,
9101,EN26313226,NIHAR MADHAV BHERE,92.0213655,99.0444765,80.67,89.2,0,NORMAL,
9102,EN26300404,PRAJWAL SUNIL YANDAIT,92.0213655,83.4251983,91.67,81.83,3,HIGH,CET_vs_HSC: CET is LOWER than expected by 68 rank pts; JEE_vs_HSC: JEE is LOWER than expected by 56 rank pts; CET_vs_HSC_SSC: CET is LOWER than expected by 53 rank pts
9103,EN26138523,AKSHARA AGGARWAL,92.0213655,98.5140064,84.0,92.33,0,NORMAL,
9104,EN26293182,DALI JIGNESH SHAH,92.0213655,98.6898385,72.0,94.6,0,NORMAL,
9105,EN26485183,SHREYANSH SHYAM,92.0213655,,76.67,90.8,0,NORMAL,
9106,EN26174109,GRECY JIVANI,92.0213655,98.7923974,90.0,93.2,0,NORMAL,
9107,EN26350732,ADEETYA M JAIN,92.0213655,98.7815884,78.67,97.83,0,NORMAL,
9108,EN26215547,SOHAM PRAVIN MEHARE,92.0195524,80.7910924,52.67,96.0,0,NORMAL,
9109,EN26318866,UDAY PRAVIN MISTRY,92.0195524,99.3979391,83.67,84.8,0,NORMAL,
9110,EN26386277,RUTURAJ NARAYANRAO KADAM,92.0195524,93.757466,80.0,77.4,0,NORMAL,
9111,EN26191605,ISHIKA SAXENA,92.0195524,98.0121617,92.67,94.8,2,MEDIUM,JEE_vs_HSC: JEE is LOWER than expected by 57 rank pts; JEE_vs_HSC_SSC: JEE is LOWER than expected by 56 rank pts
9112,EN26370053,VINAY RAJARAM KARANDE,92.0195524,93.1708179,60.67,85.6,0,NORMAL,
9113,EN26423829,CHAHAK MOOLCHANDANI,92.0195524,,86.67,93.33,0,NORMAL,
9114,EN26125211,NEHAL JAIN,92.0195524,91.8567404,79.33,91.0,0,NORMAL,
9115,EN26279424,VEDANT VIJAY UTTEKAR,92.0195524,75.1704646,64.33,79.4,0,NORMAL,
9116,EN26336000,NIDHI KUMARI YADAV,92.0195524,97.8699465,86.0,94.0,0,NORMAL,
9117,EN26346664,NISHAL SUNIL APARADH,91.9876576,96.3129908,62.33,93.0,0,NORMAL,
9118,EN26210619,VAISHNAVI BHASKAR SAWANT,91.9876576,97.4288016,80.0,96.2,0,NORMAL,
9119,EN26376698,ONKAR AMOL KULKARNI,91.9876576,98.9164146,83.0,98.0,0,NORMAL,
9120,EN26234123,ANUSHKA KAILAS AHIRE,91.9876576,98.8769155,82.67,96.0,0,NORMAL,
9121,EN26180151,AVANEESH GANESH KULKARNI,91.9876576,99.4141383,97.85,100.0,2,MEDIUM,JEE_vs_HSC: JEE is LOWER than expected by 61 rank pts; JEE_vs_HSC_SSC: JEE is LOWER than expected by 65 rank pts
9122,EN26204398,JANESSA NELVEN DSOUZA,91.9876576,96.5942413,67.0,94.2,0,NORMAL,
9123,EN26138635,MONISHA DAYANAND KATKE,91.9876576,92.3523755,81.0,87.5,0,NORMAL,
9124,EN26186727,VEDHAS PRASHANT SALI,91.9876576,95.4204349,69.33,94.4,0,NORMAL,
9125,EN26250106,KUNAL JAYANT JANBANDHU,91.9876576,95.5945285,68.0,88.0,0,NORMAL,
9126,EN26451694,ODEDARA SHAURYA HITESHBHAI,91.9876576,,69.0,82.5,0,NORMAL,
9127,EN26158883,PATIL TANUSHREE HEMANT,91.9746407,72.3753397,84.33,81.5,0,NORMAL,
9128,EN26257409,TEJAS KAPIL JOSHI,91.9746407,95.0068259,80.0,95.4,0,NORMAL,
9129,EN26285705,ARUSH BHARAT SHETPHAYDE,91.9746407,96.6545506,87.33,96.4,0,NORMAL,
9130,EN26150390,RAJAS SANDEEP DESHMUKH,91.9746407,96.5817647,52.0,86.6,0,NORMAL,
9131,EN26387854,BASVESHWAR RAJU GODAMGAVE,91.9746407,89.5539769,60.0,88.2,0,NORMAL,
9132,EN26238779,ATHARVA PRASHANT DARADE,91.9746407,97.2125436,81.33,90.5,0,NORMAL,
9133,EN26152421,KRISHNA DIPAKRAO KADAM,91.9746407,62.8284912,59.33,88.4,0,NORMAL,
9134,EN26201327,ADITI VISHNU SHINDE,91.9746407,96.5496042,74.0,92.4,0,NORMAL,
9135,EN26427421,EPILI PRADEEP LAXMAN,91.9746407,98.991977,71.33,94.0,0,NORMAL,
9136,EN26439257,SHOURYA JAIN,91.9746407,97.225256,86.33,87.6,0,NORMAL,
9137,EN26139421,SNEHAL SHARMA,91.9746407,,77.67,97.8,0,NORMAL,
9138,EN26116258,YASHKUMAR KESHARKUMAR MAURYA,91.9746407,98.8243967,87.0,79.8,0,NORMAL,
9139,EN26420265,SHRINIDHI YOGESH TASHI,91.9746407,92.7467219,62.67,99.0,0,NORMAL,
9140,EN26367673,THAKUR SHANKARSINGH PRATAPSINGH,91.9746407,40.4681495,52.33,92.4,0,NORMAL,
9141,EN26203450,GOSAVI AYUSH AMRUT,91.9746407,95.7279024,59.33,90.0,0,NORMAL,
9142,EN26334547,VEDANT SANDESH ADKE,91.9746407,96.363568,70.67,89.0,0,NORMAL,
9143,EN26230104,BHAGYESH MANOJ HOLE,91.9746407,98.1582562,87.33,93.33,0,NORMAL,
9144,EN26368106,PRATHAMESH SHRIKRUSHNA KALPANDE,91.9669478,99.0001766,91.0,92.6,1,LOW,JEE_vs_HSC: JEE is LOWER than expected by 56 rank pts
9145,EN26337536,MAHIKA MANOJ RATHI,91.9669478,96.5594281,67.67,97.0,0,NORMAL,
9146,EN26353158,RANJEET DNYANADEO SOLASKAR,91.9669478,96.6963838,80.67,96.0,0,NORMAL,
9147,EN26174847,MOKSHADA PRAVIN JADHAV,91.9669478,89.2478098,80.0,89.0,0,NORMAL,
9148,EN26219396,AARAV TRIVEDI,91.9669478,,79.67,88.8,0,NORMAL,
9149,EN26303880,GENGANE SAVANI SAMEER,91.9669478,97.9647599,77.0,95.2,0,NORMAL,
9150,EN26297393,NUSRAT HAMID MULANI,91.9669478,93.6844271,63.0,93.0,0,NORMAL,
9151,EN26462847,SHUBHAM SATYVAN MURKUTE,91.9669478,68.2993965,65.0,92.0,0,NORMAL,
9152,EN26137115,ARYAN VERMA,91.9669478,96.5942413,80.67,93.2,0,NORMAL,
9153,EN26128996,SANTANI HIMESH SURESH,91.9669478,98.8670753,64.0,92.0,0,NORMAL,
9154,EN26147923,DHRUV SHEETAL SABANE,91.9669478,97.0287935,78.0,90.4,0,NORMAL,
9155,EN26192403,PRAFUL RAVI ZADE,91.9669478,,50.33,88.8,0,NORMAL,
9156,EN26108377,ANUSHKA BADDRINARAYAN AWAGHAD,91.9669478,95.3347214,80.33,92.6,0,NORMAL,
9157,EN26352127,KHUSHI PRAKASH SHIYAL,91.9669478,95.022244,56.0,90.4,0,NORMAL,
9158,EN26332042,ATHARV CHUDAMAN JANBANDHU,91.9669478,98.0628957,88.33,93.2,0,NORMAL,
9159,EN26142221,SOUMYA PRAKASH GUPTA,91.9669478,96.7120842,69.0,88.8,0,NORMAL,
9160,EN26166166,AKHHILESH SUYOG PATIL,91.9669478,97.0798432,78.0,80.0,0,NORMAL,
9161,EN26389455,SHAIKH AREEBA FAKHRUDDIN ALI AHMED,91.9669478,85.7757627,52.33,95.0,0,NORMAL,
9162,EN26310720,SAMARTH TANAJI GODAGE,91.9396871,72.5022286,84.0,86.4,0,NORMAL,
9163,EN26348263,PRATIK RAVINDRA MATE,91.9396871,93.9346395,69.0,92.4,0,NORMAL,
9164,EN26286903,ARYAN VIJAY GODBOLE,91.9396871,98.2111945,70.0,91.66,0,NORMAL,
9165,EN26214473,REEYA RAKESH FIRKE,91.9396871,98.8739213,80.0,89.2,0,NORMAL,
9166,EN26254711,ANUSHKA BALAJI KARANDE,91.9396871,99.9692249,90.67,94.2,2,MEDIUM,CET_vs_JEE: CET is HIGHER than expected by 75 rank pts; JEE_vs_HSC: JEE is LOWER than expected by 56 rank pts
9167,EN26163141,PARVEJ FIROJ TAMBOLI,91.9396871,54.9733848,86.67,93.2,2,MEDIUM,CET_vs_HSC: CET is LOWER than expected by 61 rank pts; CET_vs_HSC_SSC: CET is LOWER than expected by 57 rank pts
9168,EN26257498,DIGVIJAY NITIN DIXIT,91.9396871,98.4640073,66.67,83.0,0,NORMAL,
9169,EN26157571,SHREYASH SHAHAJI PATIL,91.9396871,84.539834,79.67,76.4,0,NORMAL,
9170,EN26169921,ADITYA AJIT DUBAL,91.9396871,92.8705176,72.0,91.8,0,NORMAL,
9171,EN26354966,SHINDE VARAD VITTHAL,91.9396871,94.8609201,73.33,95.2,0,NORMAL,
9172,EN26449214,PATIL VIVEK ISHWAR,91.9396871,94.7100963,89.0,91.2,0,NORMAL,
9173,EN26146032,SOHAM PRAVIN MITKARI,91.9384663,94.2691204,67.67,82.8,0,NORMAL,
9174,EN26203892,TANISH VINOD RATHOD,91.9384663,99.1583618,83.33,88.4,0,NORMAL,
9175,EN26119572,SAMIKSHA PRAKASH SURYAWANSHI,91.9384663,98.7476321,67.33,97.2,0,NORMAL,
9176,EN26105721,DHAIRYA PRAKASH GAJRA,91.9384663,95.6987601,74.0,94.4,0,NORMAL,
9177,EN26346746,GAURI HARISHCHANDRA SALUNKE,91.9384663,98.2478484,89.33,91.6,0,NORMAL,
9178,EN26366325,PUNEET PRAKASH LOKWANI,91.9384663,92.67182,80.33,93.83,0,NORMAL,
9179,EN26263211,SHUBHAM KUMAR RANA,91.9384663,91.4802758,68.33,92.8,0,NORMAL,
9180,EN26485854,ABHISHEK AJEY BAIRWA,91.9384663,97.1170667,70.33,95.16,0,NORMAL,
9181,EN26210793,SHRUTIKA AJIT BACHATE,91.9384663,97.6807275,82.0,95.0,0,NORMAL,
9182,EN26173469,ASHUTOSH KUMAR SHAMBHU MAHTO,91.9384663,89.5432094,72.67,85.0,0,NORMAL,
9183,EN26177866,LAKSHYA GOCHER,91.9384663,,79.67,90.5,0,NORMAL,
9184,EN26360473,ABHIJIT DINESH PETKAR,91.9384663,89.364907,57.33,86.8,0,NORMAL,
9185,EN26291448,YASH SANGRA,91.9384663,97.8812233,86.67,89.8,0,NORMAL,
9186,EN26357113,BHAVESH RAMESH NIWANT,91.9384663,97.8098824,85.0,96.0,0,NORMAL,
9187,EN26245371,HARSH BAIRAGI,91.9384663,,93.0,95.8,2,MEDIUM,JEE_vs_HSC: JEE is LOWER than expected by 58 rank pts; JEE_vs_HSC_SSC: JEE is LOWER than expected by 59 rank pts
9188,EN26111813,SUMEDH OMPRAKASH BHENDE,91.9384663,96.5544399,88.67,90.4,0,NORMAL,
9189,EN26379063,PRATIK VIJAYKUMAR IKHE,91.9384663,96.4033464,61.0,92.2,0,NORMAL,
9190,EN26152758,CHAITANYA VIJAY MAHALE,91.9384663,96.3555898,73.67,93.0,0,NORMAL,
9191,EN26210476,TEJAS RAJIV SHELKE,91.9369233,70.4097117,72.33,83.6,0,NORMAL,
9192,EN26291602,ARIHANT JAIN,91.9369233,,78.67,91.5,0,NORMAL,
9193,EN26428091,ISHAN MAHESH VISPUTE,91.9369233,90.1218002,51.67,91.5,0,NORMAL,
9194,EN26375704,JANHAVI JOTIRAM JADHAV,91.9369233,96.433947,84.0,100.0,0,NORMAL,
9195,EN26369160,MAYANK BALKI,91.9369233,97.5556558,83.67,87.6,0,NORMAL,
9196,EN26232685,RIYA AMIT RAJE,91.9230436,98.8788315,88.33,95.0,0,NORMAL,
9197,EN26212037,PRUTHVIRAJ PARAG MHETRE,91.9230436,98.0748364,78.33,88.16,0,NORMAL,
9198,EN26304996,EKANSH SHARMA,91.9230436,93.4329298,74.67,86.2,0,NORMAL,
9199,EN26300055,SHIVAM BHUSHAN THAKRE,91.9230436,97.148562,89.0,92.2,0,NORMAL,
9200,EN26169391,RUSHIKESH MILIND NAMJOSHI,91.9230436,99.75686,90.67,94.5,3,HIGH,CET_vs_JEE: CET is HIGHER than expected by 68 rank pts; JEE_vs_HSC: JEE is LOWER than expected by 56 rank pts; JEE_vs_HSC_SSC: JEE is LOWER than expected by 55 rank pts
9201,EN26322807,AARYAN VILAS MOTGHARE,91.9230436,97.8301745,72.0,88.8,0,NORMAL,
9202,EN26150630,SAMARTH ADINATH HODGIR,91.9230436,98.5565976,61.0,82.8,0,NORMAL,
9203,EN26370180,AMEY RUPESH PATIL,91.9230436,96.9488994,85.67,90.8,0,NORMAL,
9204,EN26157106,MEHTA HEET YOGESH,91.9230436,93.2033865,55.67,87.6,0,NORMAL,
9205,EN26355493,DHIRAJ SUDHIR BHUSARE,91.9219659,33.9583652,40.0,83.6,0,NORMAL,
9206,EN26138529,AAYUSHI GAURANG MODI,91.9219659,97.0991989,86.33,91.6,0,NORMAL,
9207,EN26170875,K KEERTHANA,91.9219659,98.044541,100.0,96.6,2,MEDIUM,JEE_vs_HSC: JEE is LOWER than expected by 62 rank pts; JEE_vs_HSC_SSC: JEE is LOWER than expected by 64 rank pts
9208,EN26298336,SWANAND VASUDEV PATIL,91.9219659,96.3646855,75.67,93.4,0,NORMAL,
9209,EN26219809,VIDHI UPADHYAY,91.9219659,98.6186186,90.0,95.8,2,MEDIUM,JEE_vs_HSC: JEE is LOWER than expected by 55 rank pts; JEE_vs_HSC_SSC: JEE is LOWER than expected by 57 rank pts
9210,EN26325726,VIDHI UPADHYAY,91.9219659,,90.0,95.8,2,MEDIUM,JEE_vs_HSC: JEE is LOWER than expected by 55 rank pts; JEE_vs_HSC_SSC: JEE is LOWER than expected by 57 rank pts
9211,EN26408452,ATHARVA MAHESH ZILPE,91.9219659,93.6609837,77.0,90.5,0,NORMAL,
9212,EN26424120,PRAPTI PRAVIN DESHMUKH,91.9219659,97.0287935,78.0,90.0,0,NORMAL,
9213,EN26314938,ARYA PRATAP PATIL,91.9219659,96.9477536,74.0,96.6,0,NORMAL,
9214,EN26284157,MAHENDRA GANESH DESHPANDE,91.9219659,93.1663509,73.67,98.4,0,NORMAL,
9215,EN26315064,CHARVI HIMANSHU KULKARNI,91.9219659,95.4430646,82.67,92.33,0,NORMAL,
9216,EN26243045,LOKARE SHANTANU SUKUMAR,91.9219659,95.6149583,70.0,91.4,0,NORMAL,
9217,EN26143872,ROHAN BHASKAR BORUDE,91.9219659,94.2471177,67.67,94.0,0,NORMAL,
9218,EN26388381,SHOURYA KAILASHRAO BEHERE,91.9219659,91.4334483,78.33,94.0,0,NORMAL,
9219,EN26155191,VANSH MANOJ JAISWAL,91.9219659,94.4809929,84.67,92.0,0,NORMAL,
9220,EN26369947,EVA SINGH,91.9219659,,77.33,94.16,0,NORMAL,
9221,EN26231678,ATHARV MANOJ CHAVAN,91.9219659,97.0708734,72.0,90.8,0,NORMAL,
9222,EN26221817,SONAKSHI SANTOSH AVHAD,91.9202916,60.7556304,38.0,73.4,0,NORMAL,
9223,EN26383937,GOPIKRUSHNA VIVEK SAWANT,91.9202916,97.4371782,44.67,80.6,0,NORMAL,
9224,EN26294690,DURGESH GANESH SHENDE,91.9202916,95.3805594,77.33,89.83,0,NORMAL,
9225,EN26323428,VEDANTI PRAVIN KAPARTIWAR,91.9202916,98.6313993,86.33,94.4,0,NORMAL,
9226,EN26323347,PIYUSHA SUDHIR DESHMUKH,91.9202916,98.5153584,77.67,93.0,0,NORMAL,
9227,EN26176765,ADITYA MULKRAJ SINGH,91.9202916,97.8098824,98.0,96.0,2,MEDIUM,JEE_vs_HSC: JEE is LOWER than expected by 62 rank pts; JEE_vs_HSC_SSC: JEE is LOWER than expected by 62 rank pts
9228,EN26191702,DIPANSHU PANKAJ MALGAONKAR,91.9202916,94.2142883,76.0,94.4,0,NORMAL,
9229,EN26171072,ARJUN AJAY BORKAR,91.9202916,96.5024907,84.0,93.6,0,NORMAL,
9230,EN26364968,JANHAVI GOVIND PATIL,91.9202916,94.4673823,66.67,94.8,0,NORMAL,
9231,EN26359917,AVINASH SANTOSH SARWARE,91.9202916,98.8981649,95.67,96.4,2,MEDIUM,JEE_vs_HSC: JEE is LOWER than expected by 61 rank pts; JEE_vs_HSC_SSC: JEE is LOWER than expected by 63 rank pts
9232,EN26336931,KRUSHNA GOPAL SHELKE,91.9202916,94.4264691,68.67,97.0,0,NORMAL,
9233,EN26415353,SANSKRUTI SANJAY CHAVAN,91.9202916,97.7777778,82.67,96.2,0,NORMAL,
9234,EN26198908,ARYA SAMEER INAMDAR,91.9202916,98.1780538,71.33,95.0,0,NORMAL,
9235,EN26322913,GAYATRI SHAHADEV BORUDE,91.9202916,85.0803043,71.33,94.6,0,NORMAL,
9236,EN26108104,ABHIRAJ DEEPAK YADAV,91.9202916,96.3555898,86.0,93.4,0,NORMAL,
9237,EN26422118,BHAVESH SUDHAKAR MALI,91.9049455,65.9070599,80.0,57.4,0,NORMAL,
9238,EN26388977,SAMYAK SUNUL BAGUL,91.9049455,95.101416,66.33,91.4,0,NORMAL,
9239,EN26190226,SAUMYA VINOD CHANDORKAR,91.9049455,94.2160225,66.0,88.8,0,NORMAL,
9240,EN26236368,CHAVANKE SANCHIT SANTOSH,91.9049455,97.7383653,80.33,83.6,0,NORMAL,
9241,EN26234581,SATYAM MISHRA,91.9049455,,86.0,93.6,0,NORMAL,
9242,EN26270122,SHRUTIKA RAHUL NALE,91.9049455,97.3276451,62.33,94.33,0,NORMAL,
9243,EN26460692,MOHAMMED USMAN BAKALI,91.9049455,96.7828418,68.33,87.6,0,NORMAL,
9244,EN26364563,VIKAS RATNAKAR WAGH,91.9049455,98.700567,65.33,85.4,0,NORMAL,
9245,EN26163719,ANOUSHKA ANIRBAN MUKHERJEE,91.9049455,98.0121617,78.33,94.2,0,NORMAL,
9246,EN26108562,VINEET VIJAY ARKADI,91.9049455,97.8998215,79.0,92.6,0,NORMAL,
9247,EN26322008,PRANAV PRASHANT JADHAV,91.9049455,74.5525612,59.0,81.4,0,NORMAL,
9248,EN26415502,ADITYA UMAKANT KONGRE,91.9049455,99.1440399,86.67,86.2,0,NORMAL,
9249,EN26276356,SARTHAK SATYESH CHOURASIA,91.9049455,97.6978518,79.67,96.2,0,NORMAL,
9250,EN26409040,KRISHNA BALAJI DACHAWAR,91.9049455,88.2583444,71.0,92.2,0,NORMAL,
9251,EN26356939,SHUBHAM RAHUL HOLKAR,91.9049455,,59.67,87.2,0,NORMAL,
9252,EN26176078,SHRIDHAR SANTOSH SHUKLA,91.9049455,96.0153643,71.33,84.0,0,NORMAL,
9253,EN26266535,RUGVED RATNAKAR MULIK,91.9019862,98.7055937,68.33,96.2,0,NORMAL,
9254,EN26269797,IRAA ANIKET AUSEKAR,91.9019862,99.6078431,89.33,99.6,2,MEDIUM,CET_vs_JEE: CET is HIGHER than expected by 62 rank pts; JEE_vs_HSC_SSC: JEE is LOWER than expected by 60 rank pts
9255,EN26214601,MAYURI YASHWANT DESHPANDE,91.9019862,97.0708734,62.0,90.0,0,NORMAL,
9256,EN26157622,AARUSH PRAKASH NANDWANSHI,91.9019862,99.1264191,85.67,90.6,0,NORMAL,
9257,EN26233680,PREM BHAGWAT MOHATMAL,91.9019862,97.1170667,84.67,98.0,0,NORMAL,
9258,EN26163191,AKSHAY UDDHAV MASKE,91.9019862,95.022244,92.33,93.4,4,HIGH,CET_vs_HSC: CET is LOWER than expected by 59 rank pts; JEE_vs_HSC: JEE is LOWER than expected by 58 rank pts; JEE_vs_HSC_SSC: JEE is LOWER than expected by 55 rank pts; CET_vs_HSC_SSC: CET is LOWER than expected by 54 rank pts
9259,EN26176140,MIHIR SANJAY PANDYA,91.9019862,98.6575619,87.0,98.2,1,LOW,JEE_vs_HSC_SSC: JEE is LOWER than expected by 57 rank pts
9260,EN26162258,MOHIT VIKAS BHANGALE,91.9019862,96.3161343,82.33,95.2,0,NORMAL,
9261,EN26167731,VED SUHANE,91.9019862,98.4561032,90.33,96.2,2,MEDIUM,JEE_vs_HSC: JEE is LOWER than expected by 56 rank pts; JEE_vs_HSC_SSC: JEE is LOWER than expected by 58 rank pts
9262,EN26112036,PARINITA PANKAJ BHONDLE,91.9019862,95.101416,72.33,86.6,0,NORMAL,
9263,EN26170083,SHRAWANI KALAPPA KHANDEKAR,91.9019862,95.2958925,64.33,97.4,0,NORMAL,
9264,EN26114950,OM KIRAN LANDE,91.9019862,97.9996062,79.67,92.2,0,NORMAL,
9265,EN26381865,BHALEKAR ABHISHEK ARUN,91.9019862,88.7357048,60.0,91.0,0,NORMAL,
9266,EN26109128,SHARDUL KHANDELWAL,91.9019862,93.9724337,87.0,92.4,0,NORMAL,
9267,EN26248607,NIKITA SANJAY SOLANKE,91.9019862,86.8897379,83.67,94.4,0,NORMAL,
9268,EN26176467,PUSHKAR KAILASHCHANDRA PANDEY,91.9019862,97.9005056,77.0,91.4,0,NORMAL,
9269,EN26184894,SIDDHI RAVINDRA DANDGE,91.9019862,89.6618256,83.67,95.6,0,NORMAL,
9270,EN26200483,ANUJ AVINASH THOTE,91.9018765,89.9001306,89.33,70.4,1,LOW,CET_vs_HSC: CET is LOWER than expected by 61 rank pts
9271,EN26177153,UDAYANJALI SUNIL GALAVE,91.9018765,98.0628957,68.67,89.6,0,NORMAL,
9272,EN26320756,NAIK RAJ DEVDAS,91.9018765,98.1399096,81.67,91.2,0,NORMAL,
9273,EN26223845,KRATIKA GUPTA,91.9018765,93.3554944,80.33,94.0,0,NORMAL,
9274,EN26116167,DHANASHRI NILESH PATIL,91.9018765,95.6991467,91.67,94.8,4,HIGH,CET_vs_HSC: CET is LOWER than expected by 55 rank pts; JEE_vs_HSC: JEE is LOWER than expected by 58 rank pts; JEE_vs_HSC_SSC: JEE is LOWER than expected by 57 rank pts; CET_vs_HSC_SSC: CET is LOWER than expected by 54 rank pts
9275,EN26355529,PATIL VEDANT KAILAS,91.9018765,87.2248719,47.33,79.2,0,NORMAL,
9276,EN26229165,AYUSH KANHAIYA ADGAONKAR,91.9018765,94.9596377,76.33,94.83,0,NORMAL,
9277,EN26388401,PRATHAM PANKAJ HOLANI,91.9018765,93.233135,68.67,94.8,0,NORMAL,
9278,EN26453981,YOGESH SINGH,91.9018765,,75.0,83.8,0,NORMAL,
9279,EN26274661,HARSHADA NITIN LOKHANDE,91.9018765,98.0519481,76.67,90.0,0,NORMAL,
9280,EN26452333,KANGNE VAIBHAV DNYANDEO,91.9018765,56.92563,59.67,88.6,0,NORMAL,
9281,EN26162016,ANUJ PRATAPRAO DESHMUKH,91.8974083,95.1347459,78.0,92.0,0,NORMAL,
9282,EN26176073,OM DEEPAK TARGE,91.8974083,99.7901924,96.33,90.6,2,MEDIUM,CET_vs_JEE: CET is HIGHER than expected by 69 rank pts; JEE_vs_HSC: JEE is LOWER than expected by 62 rank pts
9283,EN26159905,ANGAD SINGH,91.8974083,97.0708734,87.0,97.33,1,LOW,JEE_vs_HSC_SSC: JEE is LOWER than expected by 56 rank pts
9284,EN26137136,ADITYA NILESH GAWADE,91.8974083,82.9428736,61.33,84.0,0,NORMAL,
9285,EN26101181,AARYAN VIKRAMADITYA KAPARE,91.8974083,94.0581104,68.33,93.33,0,NORMAL,
9286,EN26109612,DARSH MAHENDRA BIJLANEY,91.8974083,92.8258661,63.0,78.6,0,NORMAL,
9287,EN26335189,SOUMYA SONAR,91.8974083,97.6829141,90.0,94.66,2,MEDIUM,JEE_vs_HSC: JEE is LOWER than expected by 56 rank pts; JEE_vs_HSC_SSC: JEE is LOWER than expected by 55 rank pts
9288,EN26208477,PATIL NAYAN HEMRAJ,91.8974083,98.4193724,80.0,94.0,0,NORMAL,
9289,EN26389136,GAWANDE PREM SANJAY,91.8974083,90.2558184,77.33,89.2,0,NORMAL,
9290,EN26276117,KASHVI TANWAR,91.8828823,99.372715,92.0,95.5,2,MEDIUM,JEE_vs_HSC: JEE is LOWER than expected by 58 rank pts; JEE_vs_HSC_SSC: JEE is LOWER than expected by 59 rank pts
9291,EN26274361,ARTH LAXMAN KHABALE PATIL,91.8828823,99.0673026,74.0,92.0,0,NORMAL,
9292,EN26102709,AARADHYA PRASHANT AKOT,91.8828823,79.379989,82.33,73.6,0,NORMAL,
9293,EN26115004,DESHPANDE GOKARN KIRAN,91.8828823,95.6128536,61.67,84.8,0,NORMAL,
9294,EN26361066,SIDDHI CHANDRAKANT CHAVAN,91.8828823,98.4666744,86.33,94.0,0,NORMAL,
9295,EN26275471,TANISHKA NANDU NAIK,91.8828823,98.920728,72.33,93.33,0,NORMAL,
9296,EN26393049,VAIBHAV BHUSHAN PATIL,91.8828823,96.9993813,77.67,87.4,0,NORMAL,
9297,EN26388267,ARNAV RANJEET KUMAR SAROJ,91.8828823,23.5136803,44.67,86.4,0,NORMAL,
9298,EN26209660,SHIVAM RAJARAM SHINDE,91.8412895,98.4325799,67.33,87.5,0,NORMAL,
9299,EN26178906,TANMAY SANJAY DHARMALE,91.8412895,98.6956522,88.0,90.6,0,NORMAL,
9300,EN26399823,SANYOG JARAD,91.8412895,29.7556282,75.0,54.0,0,NORMAL,
9301,EN26384094,KAVHARE KARTIK BABASAHEB,91.8412895,99.1388387,75.0,90.4,0,NORMAL,
9302,EN26181240,GAWARE VIRAJ MADHAV,91.8412895,92.3523755,45.67,80.6,0,NORMAL,
9303,EN26173264,PRANAV SANGMESHWAR BIRAJDAR,91.8412895,40.6688911,63.67,82.4,0,NORMAL,
9304,EN26214707,ANSHUL SHAILENDRA TEMBE,91.8412895,99.9153683,85.67,94.4,1,LOW,CET_vs_JEE: CET is HIGHER than expected by 74 rank pts
9305,EN26277138,JHA AAYUSH PAWAN KUMAR,91.8412895,96.2409787,75.33,90.0,0,NORMAL,
9306,EN26201332,JADHAV VANSH SATISH,91.8412895,97.0945243,74.67,88.8,0,NORMAL,
9307,EN26191479,SANGHVI JINANSHI NIRAV,91.8412895,96.7873551,78.0,95.0,0,NORMAL,
9308,EN26249019,BORSE ADITYA KIRAN,91.8365582,97.7688908,77.33,91.16,0,NORMAL,
9309,EN26369137,AMAN QADIR ANSARI,91.8365582,93.1341297,68.0,85.4,0,NORMAL,
9310,EN26268732,PRUTHVIRAJ DIPAK KHEDKAR,91.8365582,99.8253173,89.0,89.6,1,LOW,CET_vs_JEE: CET is HIGHER than expected by 71 rank pts
9311,EN26272540,SHAIKH ABDUL REHAN ABDUL JAVED,91.8365582,94.2471177,86.33,44.6,0,NORMAL,
9312,EN26107157,NISREEN MUSTAFA MAHUDHAWALA,91.8365582,99.6878761,98.0,96.66,3,HIGH,CET_vs_JEE: CET is HIGHER than expected by 65 rank pts; JEE_vs_HSC: JEE is LOWER than expected by 63 rank pts; JEE_vs_HSC_SSC: JEE is LOWER than expected by 64 rank pts
9313,EN26349156,SAIRAJ SAMPAT KHANKAR,91.8293428,44.1521083,57.33,76.4,0,NORMAL,
9314,EN26120714,PRADYUMNA GOSWAMI,91.8293428,97.6880169,84.0,96.33,0,NORMAL,
9315,EN26160426,BHUMIKA NAVNIT AHIRRAO,91.8293428,88.7592898,70.0,85.4,0,NORMAL,
9316,EN26243936,SHIVAM TUKARAM MORBALE,91.8293428,88.5024155,66.33,89.2,0,NORMAL,
9317,EN26337652,SHOURYA SANJAY KUMAR AGRAWAL,91.8293428,98.7223398,80.0,92.83,0,NORMAL,
9318,EN26359119,SWASTI JAIN,91.8293428,,76.33,87.0,0,NORMAL,
9319,EN26158760,AVANISH ASHUTOSH PANSE,91.8293428,97.7383653,83.0,96.8,0,NORMAL,
9320,EN26271601,SHREYAS SACHIN KOTHAWADE,91.8293428,98.6956522,85.0,96.0,0,NORMAL,
9321,EN26349243,ARYAN JAWAHARLAL BHOSALE,91.8293428,99.1107033,76.33,91.2,0,NORMAL,
9322,EN26337079,RUDRA SUNIL CHAVAN,91.8293428,98.2320819,80.0,95.67,0,NORMAL,
9323,EN26333177,SAMRUDDHI POPAT MANJARE,91.8293428,97.5904437,65.0,95.2,0,NORMAL,
9324,EN26124974,S ANANTHA SHRI,91.8293428,98.3540373,90.33,92.2,1,LOW,JEE_vs_HSC: JEE is LOWER than expected by 57 rank pts
9325,EN26395005,SARVADNYA NITIN KADU,91.8293428,97.7248066,86.67,96.2,0,NORMAL,
9326,EN26232674,SHRUTI RAJAN JOSHI,91.8293428,92.67182,82.67,97.4,0,NORMAL,
9327,EN26182986,VARAD HARIDAS GORDE,91.8293428,11.0148558,41.33,79.8,0,NORMAL,
9328,EN26372189,SASHMIT SUDIP MONDAL,91.8293428,93.7060041,68.67,97.0,0,NORMAL,
9329,EN26391392,ARYAN BHUSHAN DESHMUKH,91.8293428,99.382843,80.0,93.8,0,NORMAL,
9330,EN26180231,KUNAL DANBAHADUR VERMA,91.814574,98.3467382,70.67,87.0,0,NORMAL,
9331,EN26245270,RUSHIL PRAVIN VINCHURKAR,91.814574,97.7383653,79.67,91.8,0,NORMAL,
9332,EN26384461,ARYAN WANKHEDE,91.814574,74.9893249,76.0,94.0,0,NORMAL,
9333,EN26178971,MOHIT VIJAY BAGUL,91.8008747,98.1351709,76.67,94.2,0,NORMAL,
9334,EN26201566,ATHARV VASANT DESHMUKH,91.8008747,99.5343467,87.33,97.6,2,MEDIUM,CET_vs_JEE: CET is HIGHER than expected by 60 rank pts; JEE_vs_HSC_SSC: JEE is LOWER than expected by 58 rank pts
9335,EN26168127,RAMESH GANESH SAWANT,91.8008747,96.1680205,62.33,89.8,0,NORMAL,
9336,EN26378774,SAKSHI SOMNATH WAGHUNDE,91.8008747,94.4809929,78.33,93.6,0,NORMAL,
9337,EN26479395,SAMARTH RAJENDRA SHINDE,91.8008747,98.0655851,67.0,91.0,0,NORMAL,
9338,EN26292433,ADITYA SUNIL SHINDE,91.8008747,97.4360937,83.0,94.0,0,NORMAL,
9339,EN26245812,NEHAL RAMDAS PADOLE,91.8008747,94.1950375,70.0,70.0,0,NORMAL,
9340,EN26140954,VEDIKA MILIND JAMADAR,91.8008747,98.7472209,81.33,94.16,0,NORMAL,
9341,EN26379136,GANPATRAO SHAMRAO KALE,91.8008747,96.996587,81.0,90.4,0,NORMAL,
9342,EN26292891,NIRAJ VASANT MHATRE,91.8008747,98.0913477,86.67,91.4,0,NORMAL,
9343,EN26241010,AANJANI BHALCHANDRA KOLURKAR,91.7929432,98.3798345,84.67,95.5,0,NORMAL,
9344,EN26399967,PHAD DHANSHRI MAHADEV,91.7929432,95.881079,68.33,85.4,0,NORMAL,
9345,EN26335676,SHRAVANI SACHIN KEVADKAR,91.7929432,95.1933808,79.33,96.0,0,NORMAL,
9346,EN26163775,YASHASV KAUL,91.7929432,96.2975699,77.67,88.57,0,NORMAL,
9347,EN26435143,UTKARSH SHARMA,91.7929432,,71.0,92.33,0,NORMAL,
9348,EN26131116,SANYAM UPADHYAY,91.7929432,97.4167804,73.0,90.4,0,NORMAL,
9349,EN26487392,SAGAR DEY,91.7929432,95.4536104,88.67,96.8,2,MEDIUM,JEE_vs_HSC_SSC: JEE is LOWER than expected by 58 rank pts; CET_vs_HSC_SSC: CET is LOWER than expected by 55 rank pts
9350,EN26224387,GAUTAM DOLLY RAVISHANKAR,91.7929432,,86.67,95.4,0,NORMAL,
9351,EN26176840,ADVAIT SHIRISH BAHADARPURKAR,91.7929432,94.7100963,79.33,82.33,0,NORMAL,
9352,EN26332734,ROHAN BHUPENDRA SHIVDE,91.7929432,98.9173025,79.0,93.8,0,NORMAL,
9353,EN26388030,DARSHAN ANAND MORE,91.7929432,,92.0,81.0,1,LOW,JEE_vs_HSC: JEE is LOWER than expected by 59 rank pts
9354,EN26288855,ARYAN KHODE,91.7929432,95.1447135,77.33,94.16,0,NORMAL,
9355,EN26251184,LAXMIKANT NAGORAO BIRGALE,91.7929432,96.6545506,70.0,92.0,0,NORMAL,
9356,EN26332799,SAMARTH GANESH DOMBE,91.7929432,93.7276356,79.33,84.5,0,NORMAL,
9357,EN26434756,PRUTHVIRAJ NITIN TUPE,91.7929432,93.442623,71.67,88.0,0,NORMAL,
9358,EN26166576,NAVISHA RAJU PAWAR,91.7929432,98.4399761,85.33,96.4,0,NORMAL,
9359,EN26246570,HARSHIT RITESH PARAKH,91.767676,94.4673823,63.0,81.66,0,NORMAL,
9360,EN26339434,MEGHANSHU KAMISHETTI,91.767676,93.3747412,70.67,81.0,0,NORMAL,
9361,EN26153913,ANKIT SHARAD SHIRSATH,91.767676,,45.67,77.8,0,NORMAL,
9362,EN26168601,SHRAVANI SANTOSH RASKAR,91.767676,94.7100963,74.33,91.2,0,NORMAL,
9363,EN26367872,VIVAAN BHANAWAT,91.767676,98.5817805,87.0,91.6,0,NORMAL,
9364,EN26225252,PADHI OMKAR PITAMBER,91.767676,97.8346051,72.0,94.5,0,NORMAL,
9365,EN26280088,SAKSHI MANOJ GANDHI,91.767676,98.7189844,84.0,99.8,0,NORMAL,
9366,EN26188832,SHUBH VINEET GOEL,91.767676,80.4716144,46.0,79.6,0,NORMAL,
9367,EN26106938,DEVTARSE SHREYASH DNYANDEV,91.767676,96.2091503,67.0,86.2,0,NORMAL,
9368,EN26314432,SNEHA DIPAK TULE,91.767676,92.4132948,59.0,93.66,0,NORMAL,
9369,EN26266963,JANAK GAJANAN GOMASE,91.767676,98.2126899,73.33,83.4,0,NORMAL,
9370,EN26116369,HARSHADA RUPESH BHOR,91.767676,98.7772214,73.67,96.2,0,NORMAL,
9371,EN26338503,NUPUR REKHLALGAUTAM,91.767676,87.6469672,70.0,75.8,0,NORMAL,
9372,EN26246763,RUSHIKESH RAJENDRA ARBUNE,91.767676,97.0317477,80.33,86.4,0,NORMAL,
9373,EN26329447,ADITYA SOMINATH SULTANE,91.767676,74.75684,88.33,94.2,2,MEDIUM,CET_vs_HSC: CET is LOWER than expected by 62 rank pts; CET_vs_HSC_SSC: CET is LOWER than expected by 61 rank pts
9374,EN26227598,SWAYAM RAJEEV SHETTY,91.7532383,99.4784557,84.0,95.5,1,LOW,CET_vs_JEE: CET is HIGHER than expected by 58 rank pts
9375,EN26161148,DHAIRYA VIJAYWARGIYA,91.7532383,95.6186659,84.33,86.2,0,NORMAL,
9376,EN26362200,KHUSHAL ABHAY BORASTE,91.7532383,55.4743121,69.0,90.6,0,NORMAL,
9377,EN26401577,SOHAM GANESH WAGHMARE,91.7532383,95.978417,84.33,97.0,0,NORMAL,
9378,EN26153554,VARAD RAMESH KAWDE,91.7532383,97.5302943,89.33,91.6,1,LOW,JEE_vs_HSC: JEE is LOWER than expected by 56 rank pts
9379,EN26102344,UTKARSH VASISHTH,91.7532383,97.406218,80.67,94.2,0,NORMAL,
9380,EN26145151,SAKHI RAKESH TODANKAR,91.7532383,95.5945285,80.0,96.8,0,NORMAL,
9381,EN26161517,SAMARTH SUDHIR JAKATE,91.7429934,97.7312329,62.0,88.8,0,NORMAL,
9382,EN26277174,TANISHQ VINOD TAMBE,91.7429934,73.2908824,49.67,82.0,0,NORMAL,
9383,EN26229309,ATHARVA PRAVIN DESHPANDE,91.7429934,96.3586613,78.0,88.0,0,NORMAL,
9384,EN26292565,PRIYA SUDHAKAR NAIK,91.7429934,81.4993122,53.67,84.6,0,NORMAL,
9385,EN26250230,SAMIKSH GANESH KALE,91.7429934,90.1775065,69.0,89.0,0,NORMAL,
9386,EN26286865,TANMAY PRAKASH AHER,91.7429934,97.2448075,74.67,95.6,0,NORMAL,
9387,EN26152688,VIDIT MAHESHWARI,91.7429934,95.3610436,85.0,87.3,0,NORMAL,
9388,EN26130703,SIDDHARTH YOGESH TODANKAR,91.7429934,96.86711,88.33,94.9,0,NORMAL,
9389,EN26341841,AARYAN MAHENDRA PATIL,91.7429934,99.7514789,87.0,93.83,1,LOW,CET_vs_JEE: CET is HIGHER than expected by 69 rank pts
9390,EN26103121,PATHAN NOOR MOHAMMED JALAL,91.7429934,80.2313072,56.67,80.0,0,NORMAL,
9391,EN26121383,VEDANT AJIT KALAMBATE,91.7429934,90.5979613,59.33,90.4,0,NORMAL,
9392,EN26322708,NAITIK BHAVESH MEHTA,91.7429934,97.9005056,74.67,90.33,0,NORMAL,
9393,EN26174162,KUNAL NITIN CHAUDHARI,91.7429934,99.365046,82.0,89.4,0,NORMAL,
9394,EN26197206,RUDRA YOGESH ASWAR,91.7429934,98.9761764,92.33,94.66,2,MEDIUM,JEE_vs_HSC: JEE is LOWER than expected by 60 rank pts; JEE_vs_HSC_SSC: JEE is LOWER than expected by 59 rank pts
9395,EN26411109,YASHOWARDHAN ABHIJIT RAJPUT,91.7429934,97.225256,75.67,95.66,0,NORMAL,
9396,EN26101263,PARTH ANIL SHINDE,91.7429934,92.5129597,83.0,92.0,0,NORMAL,
9397,EN26455028,SHRUTIKA RAMCHANDRA POWAR,91.7429934,98.7645051,78.67,94.2,0,NORMAL,
9398,EN26265235,SHASHANKA SUNILKUMAR REWATKAR,91.7429934,90.2371528,72.67,88.2,0,NORMAL,
9399,EN26376747,SHIVAM SHIVAJI KHEDKAR,91.7429934,95.8464164,79.67,84.2,0,NORMAL,
9400,EN26368912,AAKASH LALBABU TRIPATHI,91.7429934,57.8274425,58.0,91.4,0,NORMAL,
9401,EN26225866,GHULE GAYATRI VIJAY,91.7429934,98.2533366,88.67,95.8,2,MEDIUM,JEE_vs_HSC: JEE is LOWER than expected by 55 rank pts; JEE_vs_HSC_SSC: JEE is LOWER than expected by 57 rank pts
9402,EN26461377,ESHAAN ASHIF PATHAN,91.7429934,,89.0,83.0,1,LOW,JEE_vs_HSC: JEE is LOWER than expected by 56 rank pts
9403,EN26410062,JAY SUDHAN MAYNAK,91.7429934,97.7449977,81.33,92.2,0,NORMAL,
9404,EN26159560,KAIVALYA PRASHANT THORAT,91.7429934,97.2076054,67.33,91.2,0,NORMAL,
9405,EN26156696,KARTIK KRISHNA BHAVALE,91.7429934,95.5076994,83.33,98.2,0,NORMAL,
9406,EN26293677,KHARJULE VEDANT NAMDEO,91.7429934,,79.67,90.4,0,NORMAL,
9407,EN26208906,JAY SANJAY PAWAR,91.7375856,87.921673,64.67,89.2,0,NORMAL,
9408,EN26112199,RAYEES UR RASHEED,91.7375856,97.214849,99.33,96.8,3,HIGH,JEE_vs_HSC: JEE is LOWER than expected by 64 rank pts; JEE_vs_HSC_SSC: JEE is LOWER than expected by 66 rank pts; CET_vs_HSC_SSC: CET is LOWER than expected by 53 rank pts
9409,EN26193592,MUSKAAN BHARAT JAIN,91.7375856,85.819156,56.67,91.83,0,NORMAL,
9410,EN26115318,PRAVINKUMAR PAWANKUMAR SINGH,91.7375856,98.4497019,74.67,94.0,0,NORMAL,
9411,EN26390471,ISHAN PRADEEP DAMRE,91.7375856,98.72142,78.0,90.4,0,NORMAL,
9412,EN26214936,MONIKA RAMKRISHNA KAWALE,91.7375856,96.5179923,70.33,90.6,0,NORMAL,
9413,EN26188330,KIRTIGYA SINGH,91.7375856,98.9760049,88.33,94.6,0,NORMAL,
9414,EN26162890,SATVIK SURENDRA PARSEWAR,91.7375856,98.0655851,72.67,91.0,0,NORMAL,
9415,EN26151159,YOHAAN PATWAL,91.7375856,97.4319502,81.33,87.8,0,NORMAL,
9416,EN26202586,ONKAR NANDKISHOR DANDAMWAR,91.7375856,73.2041877,59.67,70.4,0,NORMAL,
9417,EN26132680,AYUSHMAN TIWARI,91.7322526,,56.33,86.8,0,NORMAL,
9418,EN26360432,PRANAV SHRIPAT INDULKAR,91.7322526,99.0024152,68.67,92.8,0,NORMAL,
9419,EN26162703,PRATHAMESH PRASHANT SHINDE,91.7322526,,48.0,63.0,0,NORMAL,
9420,EN26202836,ATHARVA NARESH KHANGAR,91.7322526,96.882885,72.33,91.4,0,NORMAL,
9421,EN26192757,MADHURA ASHUTOSH YADAV,91.7322526,99.4403921,93.0,97.2,2,MEDIUM,JEE_vs_HSC: JEE is LOWER than expected by 61 rank pts; JEE_vs_HSC_SSC: JEE is LOWER than expected by 64 rank pts
9422,EN26221965,ADITI SATISH RAKDE,91.7322526,97.7248066,86.0,87.85,0,NORMAL,
9423,EN26277505,SATVIK SANDEEP PAGAR,91.7322526,95.9770336,81.33,92.4,0,NORMAL,
9424,EN26231723,SHRESHTH TIWARI,91.7322526,96.7214273,94.33,94.0,2,MEDIUM,JEE_vs_HSC: JEE is LOWER than expected by 62 rank pts; JEE_vs_HSC_SSC: JEE is LOWER than expected by 59 rank pts
9425,EN26395439,ANVESHA DEVENDRA SINGH,91.7322526,91.8268053,60.0,83.33,0,NORMAL,
9426,EN26100712,OJAS NILESH KUSHE,91.7322526,98.9878776,80.67,82.0,0,NORMAL,
9427,EN26373000,DHRUV GUPTA,91.7322526,,68.67,93.16,0,NORMAL,
9428,EN26334978,DARSH GHANSHYAM BOOB,91.7322526,97.9193354,84.33,94.8,0,NORMAL,
9429,EN26153576,KRISHIV KOUL,91.7322526,,86.67,89.8,0,NORMAL,
9430,EN26176630,NIHAL MOHAN SELOKAR,91.7322526,98.9897444,89.33,92.33,1,LOW,JEE_vs_HSC: JEE is LOWER than expected by 56 rank pts
9431,EN26354194,MRUNALI NILKANTH KARKHILE,91.7322526,97.7942456,76.67,87.2,0,NORMAL,
9432,EN26434921,KANISHKA GUPTA,91.7322526,,84.0,95.2,0,NORMAL,
9433,EN26204960,PAGAR SATYAM ARUN,91.725937,95.1447135,79.33,85.4,0,NORMAL,
9434,EN26197753,HIMANSHU KESHARVANI,91.725937,96.9836134,90.67,94.16,2,MEDIUM,JEE_vs_HSC: JEE is LOWER than expected by 58 rank pts; JEE_vs_HSC_SSC: JEE is LOWER than expected by 57 rank pts
9435,EN26159912,KHUSHI SANDEEP CHAUDHARI,91.725937,97.7724285,80.0,92.0,0,NORMAL,
9436,EN26270297,SHREYAS KIRAN SHELAR,91.725937,93.9707059,91.33,87.6,2,MEDIUM,CET_vs_HSC: CET is LOWER than expected by 61 rank pts; JEE_vs_HSC: JEE is LOWER than expected by 59 rank pts
9437,EN26158017,DHAIRYA NILESH VED,91.725937,98.781718,76.33,96.4,0,NORMAL,
9438,EN26241767,PRANAV JAYPRAKASH SHINDE,91.725937,99.0772294,83.0,93.8,0,NORMAL,
9439,EN26314651,YASHVARDHAN GOVIND DESHMUKH,91.725937,98.366571,72.33,88.0,0,NORMAL,
9440,EN26189959,ADITI AMARKANTH SHENDE,91.725937,97.3908024,81.33,95.6,0,NORMAL,
9441,EN26159140,TANISH MANGESH BAND,91.725937,96.5942413,71.33,91.0,0,NORMAL,
9442,EN26219911,ANMOL BALDEV RAJANI,91.725937,99.3393889,93.33,96.8,2,MEDIUM,JEE_vs_HSC: JEE is LOWER than expected by 61 rank pts; JEE_vs_HSC_SSC: JEE is LOWER than expected by 64 rank pts
9443,EN26385558,PRANAV NITIN MANE,91.725937,96.1559696,80.33,91.2,0,NORMAL,
9444,EN26192294,KUSHAGRA RAJ BEOHAR,91.725937,97.3257727,72.33,93.2,0,NORMAL,
9445,EN26147968,EESHA RASTOGI,91.725937,97.9339284,87.33,97.6,1,LOW,JEE_vs_HSC_SSC: JEE is LOWER than expected by 59 rank pts
9446,EN26409524,GAURAV KUMAR,91.725937,,68.67,83.4,0,NORMAL,
9447,EN26107686,EVA DINESH VADHAN,91.725937,96.3919151,79.67,96.6,0,NORMAL,
9448,EN26182953,MADHAVI GAJANAN SHINDE,91.725937,88.5024155,70.0,90.8,0,NORMAL,
9449,EN26369698,PURUSHOTAM KUMAR,91.7186269,,86.67,96.8,1,LOW,JEE_vs_HSC_SSC: JEE is LOWER than expected by 57 rank pts
9450,EN26166204,SHRILEKH AMIT KAPSE,91.7186269,98.2385756,75.33,97.0,0,NORMAL,
9451,EN26358347,VEDANT RAHUL BHAGWAT,91.7186269,97.628377,90.33,86.4,1,LOW,JEE_vs_HSC: JEE is LOWER than expected by 58 rank pts
9452,EN26287912,ADITYA BALASAHEB KHEDKAR,91.7186269,99.9190783,92.33,98.6,3,HIGH,CET_vs_JEE: CET is HIGHER than expected by 75 rank pts; JEE_vs_HSC: JEE is LOWER than expected by 60 rank pts; JEE_vs_HSC_SSC: JEE is LOWER than expected by 65 rank pts
9453,EN26491014,KESHAV RAJ,91.7186269,,74.0,86.2,0,NORMAL,
9454,EN26192901,ATHARV MANGESH BANDEWAR,91.7186269,94.9408232,72.0,88.6,0,NORMAL,
9455,EN26171169,JANHAVI MAHESH WANI,91.7186269,91.9625508,77.33,92.83,0,NORMAL,
9456,EN26401786,YOGESH PRAMOD PATIL,91.7186269,98.9254847,80.0,95.8,0,NORMAL,
9457,EN26400886,MAYUR VILAS SONAWANE,91.7186269,99.0598676,84.0,93.0,0,NORMAL,
9458,EN26155411,SHREYA HARI LAVATE,91.7186269,97.6794304,99.26,99.6,2,MEDIUM,JEE_vs_HSC: JEE is LOWER than expected by 64 rank pts; JEE_vs_HSC_SSC: JEE is LOWER than expected by 68 rank pts
9459,EN26205978,JIGISHA RAHUL AGRAWAL,91.7186269,88.5427828,85.67,97.2,2,MEDIUM,JEE_vs_HSC_SSC: JEE is LOWER than expected by 56 rank pts; CET_vs_HSC_SSC: CET is LOWER than expected by 59 rank pts
9460,EN26226475,LAKSHA KAUSTUBH RACCA,91.7186269,90.5728815,74.67,90.4,0,NORMAL,
9461,EN26117243,VISMAY VIVEKKUMAR BABHARE,91.7186269,94.4912483,71.33,88.66,0,NORMAL,
9462,EN26214927,ANOSH KISHOR GOSKI,91.7186269,67.458483,45.67,68.6,0,NORMAL,
9463,EN26242003,NISHTTHA SANJIV JOHARI,91.7186269,98.0121617,83.0,93.8,0,NORMAL,
9464,EN26369970,RUDRAKSH GAURAV BANDAWALA,91.7186269,,65.33,88.8,0,NORMAL,
9465,EN26447132,NIKHIL SHIVAJI LANKE,91.7186269,55.319298,81.33,82.0,0,NORMAL,
9466,EN26291869,SAKSHAT VIJAY KULKARNI,91.7086592,99.1074241,91.33,94.6,2,MEDIUM,JEE_vs_HSC: JEE is LOWER than expected by 59 rank pts; JEE_vs_HSC_SSC: JEE is LOWER than expected by 59 rank pts
9467,EN26275719,JADHAV SHREYASH CHANDRAKANT,91.7086592,98.7815884,71.67,89.2,0,NORMAL,
9468,EN26457173,KOTIAN ANKIT SATISH,91.7086592,99.0183906,73.33,80.0,0,NORMAL,
9469,EN26325832,ANISH RATNAVAT,91.7086592,,87.0,86.66,0,NORMAL,
9470,EN26372010,ANIKET ASHOK LAKADE,91.7086592,96.3646855,66.33,91.6,0,NORMAL,
9471,EN26342909,VEDANT VINOD NALAWADE,91.7086592,96.4033308,65.33,82.2,0,NORMAL,
9472,EN26385165,KUMAWAT PANKAJ NANURAM,91.7086592,96.7842505,84.67,86.0,0,NORMAL,
9473,EN26404190,VEDANT RAMCHANDRA PATIL,91.7086592,99.0686935,86.67,91.0,0,NORMAL,
9474,EN26214014,SAURABH AMITKUMAR SINGH,91.7086592,98.3540373,74.33,83.2,0,NORMAL,
9475,EN26369595,KHAN RAYYAN AHMAD FIROZ AHMAD,91.7086592,94.7952218,68.67,80.4,0,NORMAL,
9476,EN26446519,SHLOK SACHIN TARU,91.7086592,95.4430646,79.67,89.66,0,NORMAL,
9477,EN26267237,DEVSHREE PRATOD PATIL,91.7086592,99.2921716,87.33,97.6,1,LOW,JEE_vs_HSC_SSC: JEE is LOWER than expected by 59 rank pts
9478,EN26265416,TIRTHESH DIPAK PATIL,91.7086592,97.225256,69.67,92.8,0,NORMAL,
9479,EN26344029,SARTHAK YOGESH KHEMNAR,91.708067,89.9552166,72.33,88.8,0,NORMAL,
9480,EN26447375,YASHRAJ DADASAHEB KADAM,91.708067,89.9742931,83.0,63.8,0,NORMAL,
9481,EN26369075,AADITYA SANJAY PATIL,91.708067,53.1999725,79.33,89.4,0,NORMAL,
9482,EN26103423,HARDIK GIRISH GADIKAR,91.708067,97.8812233,63.67,92.16,0,NORMAL,
9483,EN26243425,SANKET BALAJI HONRAO,91.708067,97.3257727,73.33,93.0,0,NORMAL,
9484,EN26281974,PRATHAMESH SHARAD PAWASE,91.708067,99.2415545,75.33,93.2,0,NORMAL,
9485,EN26257006,MALI SHUBHAM KALYANRAO,91.708067,,71.67,93.4,0,NORMAL,
9486,EN26156025,ANANYA NITIN YADAV,91.708067,98.7920188,83.0,98.0,0,NORMAL,
9487,EN26283405,ARYA CHANDRAKANT NETKE,91.708067,98.196704,87.33,96.2,1,LOW,JEE_vs_HSC_SSC: JEE is LOWER than expected by 57 rank pts
9488,EN26323067,RISHI JAIN,91.708067,,88.67,95.6,2,MEDIUM,JEE_vs_HSC: JEE is LOWER than expected by 56 rank pts; JEE_vs_HSC_SSC: JEE is LOWER than expected by 57 rank pts
9489,EN26371790,YASH MANOJ KALE,91.708067,94.7100963,72.33,96.33,0,NORMAL,
9490,EN26123921,RANVEER ABHIJEET DESAI,91.708067,98.7839138,84.33,95.4,0,NORMAL,
9491,EN26265575,DARSHIT ASHVIN SHAH,91.708067,98.5283812,73.0,91.2,0,NORMAL,
9492,EN26359196,BHABAD YASH VITTHAL,91.708067,98.1483638,71.67,92.8,0,NORMAL,
9493,EN26402168,PIYUSH SURESH CHOLE,91.708067,90.0196524,67.0,92.8,0,NORMAL,
9494,EN26302786,HIMANSHI SURENDRA CHAUDHARI,91.708067,96.1741748,76.33,96.8,0,NORMAL,
9495,EN26290833,SAMRATH SATSANGI,91.7027147,97.2159208,84.0,97.3,0,NORMAL,
9496,EN26209351,OM SUNIL SAKHALKAR,91.7027147,98.6663866,68.0,93.2,0,NORMAL,
9497,EN26431282,AAROHI KEDAR SUTAVANI,91.7027147,97.8301745,87.67,94.83,1,LOW,JEE_vs_HSC_SSC: JEE is LOWER than expected by 55 rank pts
9498,EN26154287,SHRAVANI HARISH NEMADE,91.7027147,97.0532519,89.33,95.8,2,MEDIUM,JEE_vs_HSC: JEE is LOWER than expected by 57 rank pts; JEE_vs_HSC_SSC: JEE is LOWER than expected by 59 rank pts
9499,EN26242447,SHRAVANI SUDHIR DHASARE,91.7027147,,81.33,97.8,0,NORMAL,
9500,EN26447561,ANWESHA DHAIVAT KORA,91.7027147,98.7645051,77.0,96.83,0,NORMAL,
9501,EN26154583,PAYAL MODHAVE,91.7027147,95.7868519,90.0,95.0,2,MEDIUM,JEE_vs_HSC: JEE is LOWER than expected by 58 rank pts; JEE_vs_HSC_SSC: JEE is LOWER than expected by 58 rank pts
9502,EN26377453,VIVEK DINANATH BUNDHE,91.6986009,51.2488599,90.33,85.2,3,HIGH,CET_vs_HSC: CET is LOWER than expected by 69 rank pts; JEE_vs_HSC: JEE is LOWER than expected by 59 rank pts; CET_vs_HSC_SSC: CET is LOWER than expected by 56 rank pts
9503,EN26480144,RASHIKA KAINYA,91.6986009,,69.0,87.0,0,NORMAL,
9504,EN26189220,WANI NILASHRI GHANANIL,91.6986009,98.8515144,84.0,96.16,0,NORMAL,
9505,EN26428626,PRATHAMESH VILAS KAMBALKAR,91.6986009,62.8386652,84.0,68.66,0,NORMAL,
9506,EN26419063,PRATHAMESH VILAS KAMBALKAR,91.6986009,62.8386652,84.0,57.33,0,NORMAL,
9507,EN26285757,SAKSHAM RAJESH SABLE,91.6986009,98.3688614,76.0,91.0,0,NORMAL,
9508,EN26129257,ADITI ABHIJIT LABHSHETWAR,91.6986009,97.7989985,83.0,90.6,0,NORMAL,
9509,EN26126574,VIHANG SHASHIKANT WAGHMARE,91.6986009,92.4858168,64.67,92.4,0,NORMAL,
9510,EN26317369,ARYAN CHHAYENDRA MORE,91.6986009,99.3004769,92.0,90.2,1,LOW,JEE_vs_HSC: JEE is LOWER than expected by 61 rank pts
9511,EN26258478,RITESH SURENDRA DUBEY,91.6986009,96.4033464,66.0,80.4,0,NORMAL,
9512,EN26159773,MUGDHA MANOJ JAGTAP,91.6986009,97.6863753,61.67,95.8,0,NORMAL,
9513,EN26277584,SHAIKH MOHAMMAD AYAAN MAJID,91.6986009,97.8301745,76.33,89.0,0,NORMAL,
9514,EN26108472,DHRUV SUSHIL OZA,91.6986009,94.2326904,70.0,84.5,0,NORMAL,
9515,EN26145830,SAAVIR PANKAJ SAMANT,91.6986009,98.435333,85.67,94.6,0,NORMAL,
9516,EN26119791,SWARA PINGE,91.6986009,93.7198237,83.0,92.83,0,NORMAL,
9517,EN26290907,SHUBHAM SANTOSH HOTTALKAR,91.6986009,96.7873551,76.0,94.0,0,NORMAL,
9518,EN26146301,ARNI UMANG SHETH,91.6986009,98.6962457,72.33,92.71,0,NORMAL,
9519,EN26184159,TANISHA GUPTA,91.6986009,98.2441265,86.33,97.33,1,LOW,JEE_vs_HSC_SSC: JEE is LOWER than expected by 58 rank pts
9520,EN26228755,DIGVIJAY NAVNATH MARKAD,91.6986009,98.0971721,67.33,96.2,0,NORMAL,
9521,EN26164154,ABHINANDAN HOTA,91.6986009,97.9731032,83.33,96.2,0,NORMAL,
9522,EN26192384,PRISHA BIRJU MODI,91.6986009,98.7089833,87.67,97.6,1,LOW,JEE_vs_HSC_SSC: JEE is LOWER than expected by 60 rank pts
9523,EN26354589,ISHANT NARENDRA RAUT,91.6986009,95.9365257,78.33,96.2,0,NORMAL,
9524,EN26197741,LAKSHETA BABASAHEB TIKONE,91.6986009,90.2558184,81.0,91.5,0,NORMAL,
9525,EN26310089,KUNAL KIRAN PATIL,91.6986009,97.305038,79.33,91.33,0,NORMAL,
9526,EN26445142,ADITI VIKRAM JADHAO,91.6986009,89.2457163,83.0,96.8,0,NORMAL,
9527,EN26264204,PRATIKSHA RAJENDRA OMBASE,91.6986009,94.4877916,89.0,83.16,1,LOW,JEE_vs_HSC: JEE is LOWER than expected by 57 rank pts
9528,EN26313492,MALHAR MANDAR KANADE,91.6970385,96.6498281,68.33,93.6,0,NORMAL,
9529,EN26264439,KENISHA BHALCHANDRA SURWE,91.6970385,94.7610231,92.67,98.0,4,HIGH,CET_vs_HSC: CET is LOWER than expected by 61 rank pts; JEE_vs_HSC: JEE is LOWER than expected by 62 rank pts; JEE_vs_HSC_SSC: JEE is LOWER than expected by 66 rank pts; CET_vs_HSC_SSC: CET is LOWER than expected by 66 rank pts
9530,EN26332962,AARYAN SITARAM GOLE,91.6970385,97.3276451,86.33,93.4,0,NORMAL,
9531,EN26176358,TANMAY KISHORE PATIL,91.6970385,98.7223398,60.0,93.4,0,NORMAL,
9532,EN26329987,ARNAV PRASHANT GHATOLE,91.6970385,97.7383653,69.33,88.2,0,NORMAL,
9533,EN26264819,SHISHIR HEMANT SHANDILYA,91.6970385,96.1115807,66.67,96.0,0,NORMAL,
9534,EN26284579,OMRAJ SHARAD BORATE,91.6970385,97.0489761,74.67,89.2,0,NORMAL,
9535,EN26309228,YATNIK RONIK SHAH,91.6970385,96.7675378,78.67,92.3,0,NORMAL,
9536,EN26112085,KAILAS SUBHASH PATIL,91.6970385,94.416807,83.0,90.0,0,NORMAL,
9537,EN26243149,POORVA SANDEEP GHADGE,91.6970385,90.354069,52.33,90.83,0,NORMAL,
9538,EN26222854,AVINASH BABASAHEB MANGSULIKAR,91.6970385,98.7393034,80.0,98.0,0,NORMAL,
9539,EN26208397,UTKARSH KUMAR TIWARI,91.6970385,,78.67,84.6,0,NORMAL,
9540,EN26293879,NEELRAJE NISHIKANT PATIL,91.6970385,96.1350237,93.67,90.6,3,HIGH,CET_vs_HSC: CET is LOWER than expected by 56 rank pts; JEE_vs_HSC: JEE is LOWER than expected by 63 rank pts; JEE_vs_HSC_SSC: JEE is LOWER than expected by 56 rank pts
9541,EN26342787,KAHAAN HETAL SANGHVI,91.6970385,99.1076278,92.0,94.6,2,MEDIUM,JEE_vs_HSC: JEE is LOWER than expected by 61 rank pts; JEE_vs_HSC_SSC: JEE is LOWER than expected by 60 rank pts
9542,EN26260755,ASMI SANGALE,91.6970385,94.9572138,83.33,94.0,0,NORMAL,
9543,EN26111049,SHALMALI YOGESH WAKCHOURE,91.6871123,88.8881114,64.0,73.83,0,NORMAL,
9544,EN26100203,ANUJ KAUSHIK AWALGAONKAR,91.6871123,98.1582562,71.0,92.0,0,NORMAL,
9545,EN26381424,ANIKET SHARAD PATIL,91.6871123,85.129786,74.33,92.4,0,NORMAL,
9546,EN26186373,SURAJ ASHOK LAWANDE,91.6871123,30.74803,53.33,82.4,0,NORMAL,
9547,EN26353467,MAITHILI GOPAL PATIL,91.6871123,99.0049751,88.0,96.4,2,MEDIUM,JEE_vs_HSC: JEE is LOWER than expected by 56 rank pts; JEE_vs_HSC_SSC: JEE is LOWER than expected by 59 rank pts
9548,EN26308260,ARYAN RAVINDRA BARBADE,91.6871123,93.8942381,56.33,82.83,0,NORMAL,
9549,EN26404769,RUSHIKESH SAYLU YAMBALWAR,91.6871123,85.0853734,66.0,91.2,0,NORMAL,
9550,EN26263809,SHAURYA DEEPAK CHATUR,91.6871123,98.545009,86.33,94.0,0,NORMAL,
9551,EN26311287,YASH SANJAY PUNJABI,91.6871123,97.1665783,89.67,87.66,1,LOW,JEE_vs_HSC: JEE is LOWER than expected by 58 rank pts
9552,EN26157136,JAYKUMAR SHIRISHKUMAR PAWAR,91.6871123,97.6103268,84.0,89.4,0,NORMAL,
9553,EN26392855,MANAS SURESH SONAWANE,91.6871123,97.6880169,82.0,87.2,0,NORMAL,
9554,EN26188366,PRISHA UMESH KULKARNI,91.6871123,99.2275145,80.67,97.2,0,NORMAL,
9555,EN26185830,TANUSH NIKHILESH RANADE,91.6871123,97.3099865,82.33,93.83,0,NORMAL,
9556,EN26104649,NEIL SANDEEP FATTEPURKAR,91.6871123,99.4960569,88.67,94.6,3,HIGH,CET_vs_JEE: CET is HIGHER than expected by 60 rank pts; JEE_vs_HSC: JEE is LOWER than expected by 57 rank pts; JEE_vs_HSC_SSC: JEE is LOWER than expected by 56 rank pts
9557,EN26180491,YASH SHRIVASTAVA,91.6871123,98.9525497,91.33,92.8,2,MEDIUM,JEE_vs_HSC: JEE is LOWER than expected by 60 rank pts; JEE_vs_HSC_SSC: JEE is LOWER than expected by 56 rank pts
9558,EN26279892,PARTH PRAVIN TAMBADE,91.6871123,20.9233553,53.33,65.66,0,NORMAL,
9559,EN26148757,SATYAM KUMAR SUNIL PRASAD,91.6871123,98.5213678,84.0,82.2,0,NORMAL,
9560,EN26322943,SHUBHA GIRISH KULKARNI,91.6871123,98.5153584,86.0,95.0,0,NORMAL,
9561,EN26129779,NARWANE YASH DHANANJAY,91.6871123,97.9611464,70.33,96.8,0,NORMAL,
9562,EN26371704,VEDANT GHANSHYAM DOIFODE,91.6871123,94.7952218,86.67,76.0,0,NORMAL,
9563,EN26318352,AASTHA VIJAY AGRAWAL,91.6473808,94.6595693,69.33,96.6,0,NORMAL,
9564,EN26119267,JASH PARAG PATIL,91.6473808,68.6717464,61.0,88.6,0,NORMAL,
9565,EN26143553,ADVAIT KIRAN MAHALE,91.6473808,57.5477401,45.33,79.6,0,NORMAL,
9566,EN26349127,PRABHAT BHARAT BHARI,91.6473808,91.4865131,86.33,85.8,0,NORMAL,
9567,EN26202605,KHACHANE AYUSH MAHESH,91.6473808,97.8761672,83.67,91.83,0,NORMAL,
9568,EN26407553,PAWAR GOURAV DINKAR,91.6473808,99.1388387,83.0,93.6,0,NORMAL,
9569,EN26284677,RAUNAK SANJAY RUHATIYA,91.6384836,99.6272958,88.33,95.2,3,HIGH,CET_vs_JEE: CET is HIGHER than expected by 65 rank pts; JEE_vs_HSC: JEE is LOWER than expected by 56 rank pts; JEE_vs_HSC_SSC: JEE is LOWER than expected by 57 rank pts
9570,EN26199786,VEDANT PYARELAL NAGPURE,91.6384836,98.8608813,76.0,91.0,0,NORMAL,
9571,EN26388700,CHAUDHARI TUSHAR SHANKAR,91.6384836,49.0487536,54.33,84.0,0,NORMAL,
9572,EN26118694,ANKIT DEBNATH,91.6384836,,71.0,90.0,0,NORMAL,
9573,EN26392749,ANUSHKA DATTATRAYA WAGHMARE,91.6384836,99.3988671,91.33,94.4,2,MEDIUM,JEE_vs_HSC: JEE is LOWER than expected by 60 rank pts; JEE_vs_HSC_SSC: JEE is LOWER than expected by 59 rank pts
9574,EN26446698,SOUMYA SINHA,91.6384836,,93.33,92.4,2,MEDIUM,JEE_vs_HSC: JEE is LOWER than expected by 63 rank pts; JEE_vs_HSC_SSC: JEE is LOWER than expected by 58 rank pts
9575,EN26479142,AKSHTA PREMDAS JADHAV,91.6384836,19.2990746,66.67,78.0,0,NORMAL,
9576,EN26282099,ANIKET RAMESH KAMTAM,91.6384836,98.291758,75.0,92.83,0,NORMAL,
9577,EN26373395,DHANRAJ MANOJKUMAR TALEKAR,91.6384836,96.279915,74.67,91.2,0,NORMAL,
9578,EN26212599,ARINDAM NITIN CHEDGE,91.6384836,95.4990284,78.67,95.4,0,NORMAL,
9579,EN26258356,NISHANTANU DNYANESHWAR MAHESHKAR,91.6384836,96.0260116,70.33,94.2,0,NORMAL,
9580,EN26161738,VARDAN JAGDISH ASHTIKAR,91.6384836,97.7989985,73.67,95.0,0,NORMAL,
9581,EN26279161,GIRISH SHIVANAND PATLE,91.6384836,99.312573,83.33,91.16,0,NORMAL,
9582,EN26242267,SAYED ALI ABBAS QAMAR ABBAS,91.6384836,97.5701659,70.0,90.8,0,NORMAL,
9583,EN26235121,DHRUVI JAIN,91.6384836,99.3268652,84.0,93.6,0,NORMAL,
9584,EN26347091,KIRAN SHYAMSUNDAR MODANI,91.6384836,99.09598,75.67,93.4,0,NORMAL,
9585,EN26240393,NANDITA DILEEPAN,91.6316413,98.1761432,77.67,80.0,0,NORMAL,
9586,EN26357393,BHUPENDRA KUMAR GUMASTA,91.6316413,,69.33,80.6,0,NORMAL,
9587,EN26137734,PRANJAL JHANWAR,91.6316413,95.0068259,79.33,94.6,0,NORMAL,
9588,EN26367562,THAWARE SHRIYANSH NIVRUTTI,91.6316413,99.1231468,79.67,94.8,0,NORMAL,
9589,EN26129270,SHOURYAN GANESH RAUT,91.6316413,90.9657321,53.33,88.0,0,NORMAL,
9590,EN26232242,GAURAV GAJANAN KHARABE,91.6316413,95.647381,86.33,94.0,0,NORMAL,
9591,EN26179864,RAJ ANIL MATELE,91.6316413,93.442623,66.67,92.0,0,NORMAL,
9592,EN26228065,NILESH LALCHAND BHAISARE,91.6316413,93.2955692,59.33,87.2,0,NORMAL,
9593,EN26266568,SATYAM SANGRAM DHAMDHERE,91.6316413,46.4182823,72.67,77.4,0,NORMAL,
9594,EN26252262,ATHARVA YOGESH GAONKAR,91.6316413,98.5140064,73.0,95.4,0,NORMAL,
9595,EN26223131,SANCHETNA VIVEK SHUKLA,91.6316413,92.2609198,79.67,96.2,0,NORMAL,
9596,EN26189456,PRATHMESH KAILAS DESHMUKH,91.6316413,98.0751569,76.0,78.0,0,NORMAL,
9597,EN26239750,SOHAM KRISHNA KABRA,91.6316413,98.5973225,85.33,95.2,0,NORMAL,
9598,EN26255963,SNEHAL RAMCHANDRA SURYAWANSHI,91.6316413,99.4612563,80.67,94.5,1,LOW,CET_vs_JEE: CET is HIGHER than expected by 59 rank pts
9599,EN26170749,ABHISHREE TUSHAR AGARKAR,91.6316413,94.6049213,78.0,94.83,0,NORMAL,
9600,EN26165861,THUBE PALAK RAJ,91.6316413,92.6489748,64.33,95.6,0,NORMAL,
9601,EN26296265,DESHMUKH PRIYANKA AMOLRAO,91.6316413,94.3676533,90.67,87.6,2,MEDIUM,CET_vs_HSC: CET is LOWER than expected by 58 rank pts; JEE_vs_HSC: JEE is LOWER than expected by 60 rank pts
9602,EN26273591,ANANNYA AMOL GAIKWAD,91.6278452,97.4319502,72.67,95.8,0,NORMAL,
9603,EN26336397,ANVESHA GUPTA,91.6278452,97.4065069,72.33,93.2,0,NORMAL,
9604,EN26268441,GURAV CHINMAY,91.6278452,77.9589871,57.33,89.4,0,NORMAL,
9605,EN26181990,ARYAN MILIND KHADE,91.6278452,89.9552166,50.0,94.4,0,NORMAL,
9606,EN26315697,SHIV SHAILESH GUPTE,91.6278452,98.2626354,89.33,98.4,2,MEDIUM,JEE_vs_HSC: JEE is LOWER than expected by 58 rank pts; JEE_vs_HSC_SSC: JEE is LOWER than expected by 63 rank pts
9607,EN26269120,SHAURYA NILESH JAGTAP,91.5895922,99.2014366,76.67,96.8,0,NORMAL,
9608,EN26105470,VIDHITI SHAILESH SHAH,91.5895922,95.6991467,67.67,89.8,0,NORMAL,
9609,EN26303931,PRIYANSH GUPTA,91.5895922,97.2448075,80.67,93.4,0,NORMAL,
9610,EN26109518,DANIEL VINCENT DSOUZA,91.5895922,99.6217823,83.0,92.8,1,LOW,CET_vs_JEE: CET is HIGHER than expected by 65 rank pts
9611,EN26338515,SHREYAS LALIT PATIL,91.5895922,73.3356624,49.33,55.66,0,NORMAL,
9612,EN26344552,BHANDARE ATHARV BALAJI,91.5895922,96.0219043,70.67,94.6,0,NORMAL,
9613,EN26483439,ANSARI MOHAMMED OSMAN,91.5895922,92.1404554,58.33,83.0,0,NORMAL,
9614,EN26252681,SUTAR PRATIK RAJESH,91.5895922,92.8822002,78.0,92.4,0,NORMAL,
9615,EN26397992,SAMARTH SURESH SHELKE,91.5895922,98.511518,63.67,91.8,0,NORMAL,
9616,EN26299535,ANMOL RAVINDRA PAWAR,91.5895922,89.9742931,51.0,84.6,0,NORMAL,
9617,EN26361716,SHIVAM ANIL SHELKE,91.5895922,94.4673823,91.67,94.2,4,HIGH,CET_vs_HSC: CET is LOWER than expected by 60 rank pts; JEE_vs_HSC: JEE is LOWER than expected by 61 rank pts; JEE_vs_HSC_SSC: JEE is LOWER than expected by 60 rank pts; CET_vs_HSC_SSC: CET is LOWER than expected by 57 rank pts
9618,EN26230012,VAIBHAV ARVIND GODPATLE,91.5895922,97.189844,70.33,95.6,0,NORMAL,
9619,EN26310189,PARV PRITAM CHOUGULE,91.5895922,91.6438644,70.67,95.6,0,NORMAL,
9620,EN26331702,TEJASVI RAJESHWARRAO SHINDE,91.5895922,96.5544399,77.0,94.6,0,NORMAL,
9621,EN26216250,TANMAY SUNIL BHANAGE,91.5895922,73.5651108,58.0,77.2,0,NORMAL,
9622,EN26124924,VEDIKA VIJAY GAWALI,91.5730191,96.9836134,92.0,90.8,2,MEDIUM,JEE_vs_HSC: JEE is LOWER than expected by 62 rank pts; JEE_vs_HSC_SSC: JEE is LOWER than expected by 55 rank pts
9623,EN26212604,MAYANK SANJAY GUPTA,91.5730191,99.116041,86.67,87.2,0,NORMAL,
9624,EN26239077,KHUSHAL JATIN DARJI,91.5730191,98.9726962,82.67,90.33,0,NORMAL,
9625,EN26387030,ARUSH CHOUDHARY,91.5730191,,46.0,80.8,0,NORMAL,
9626,EN26119218,SOUMYA GAURKAR,91.5730191,98.545009,72.0,97.6,0,NORMAL,
9627,EN26248158,AARSHIT SINGH,91.5730191,96.8875086,90.0,91.8,1,LOW,JEE_vs_HSC: JEE is LOWER than expected by 59 rank pts
9628,EN26270380,VIRTEE GADA,91.5730191,96.1569533,83.67,96.0,0,NORMAL,
9629,EN26231605,ARYAN DADABHAU THITE,91.5721499,7.2922103,41.67,73.8,0,NORMAL,
9630,EN26243356,CHINMAY CHETAN KAPPE,91.5721499,98.0519481,81.33,92.0,0,NORMAL,
9631,EN26314682,UMESH RAJAN GAIKWAD,91.5721499,49.9737275,48.33,77.8,0,NORMAL,
9632,EN26112237,SIDDHESH SACHIN SHINDE,91.5721499,86.2722396,52.0,71.2,0,NORMAL,
9633,EN26344128,PRANAV SIDA METKARI,91.5721499,98.4993421,62.67,89.8,0,NORMAL,
9634,EN26151662,ADARSH RAVIPRAKASH UPADHYAY,91.5721499,98.3467382,74.33,91.0,0,NORMAL,
9635,EN26258660,RAJAS PRITAM KULKARNI,91.5721499,98.3067533,79.67,96.4,0,NORMAL,
9636,EN26261268,ANSH SINGH,91.5721499,96.1115807,74.67,92.2,0,NORMAL,
9637,EN26251867,ADHURE PRANAV DATTATRAY,91.5721499,85.8665128,83.0,81.0,0,NORMAL,
9638,EN26334232,NIKHILESH RAJKUMAR KAKADE,91.5721499,96.9031415,80.0,88.8,0,NORMAL,
9639,EN26366795,SHAILJA ADITYA ASOPA,91.5721499,95.3026007,54.67,92.0,0,NORMAL,
9640,EN26359704,LUCKY DHIRAJ GHOGALIYA,91.5721499,,60.67,84.0,0,NORMAL,
9641,EN26364860,NAVRITI NARAYAN,91.5721499,96.9607316,87.67,97.33,2,MEDIUM,JEE_vs_HSC: JEE is LOWER than expected by 56 rank pts; JEE_vs_HSC_SSC: JEE is LOWER than expected by 61 rank pts
9642,EN26283330,SANDESH CHHAGAN SUPE,91.5721499,97.3021583,80.33,92.8,0,NORMAL,
9643,EN26247068,RATI PRASANNA GADRE,91.5721499,95.2933057,74.0,98.6,0,NORMAL,
9644,EN26384708,YASH NITIN KALEKAR,91.5721499,95.6189832,59.33,75.0,0,NORMAL,
9645,EN26216220,SONAKSHI SAHU,91.5721499,81.2524249,54.67,89.0,0,NORMAL,
9646,EN26377905,HARSH CHOUDHARY,91.5721499,95.2958925,75.0,91.6,0,NORMAL,
9647,EN26375241,VENKATESWARLU DOKKU,91.5650459,85.5419841,81.0,91.6,0,NORMAL,
9648,EN26366307,ARMAN AJAMKHAN PATHAN,91.5650459,94.0675053,77.67,89.4,0,NORMAL,
9649,EN26147521,CHAVAN RAJAT RAMESH,91.5650459,97.9611464,68.67,94.8,0,NORMAL,
9650,EN26326164,PAWAR ROHIT YOGESH,91.5650459,95.9271498,69.67,94.0,0,NORMAL,
9651,EN26143121,SOUMIL RAVI KUCKIAN,91.5650459,97.4286115,73.33,93.4,0,NORMAL,
9652,EN26362825,PARAM RAKESH SARAF,91.5650459,96.9819768,76.33,94.6,0,NORMAL,
9653,EN26459226,DURGESH ARUN BHOPALE,91.5650459,97.3791828,79.67,88.8,0,NORMAL,
9654,EN26405596,SHIVEN AGARWAL,91.5650459,,78.33,94.5,0,NORMAL,
9655,EN26121491,ARNAV SUHAS DOUNDE,91.5650459,96.5544399,77.0,89.6,0,NORMAL,
9656,EN26201353,DISHA RAJESH BANDE,91.5650459,50.8385093,52.33,74.16,0,NORMAL,
9657,EN26415036,SOMESHWAR YADAV SHEP,91.5650459,93.7694824,76.33,91.4,0,NORMAL,
9658,EN26366878,SARVESH KISAN PANSARE,91.5434613,93.7255053,73.67,86.2,0,NORMAL,
9659,EN26166390,PRAJWAL CHIKARA,91.5434613,99.0185018,74.0,93.6,0,NORMAL,
9660,EN26398186,SANSKAR SHRIKANT LOMATE,91.5434613,76.3172626,81.0,69.6,0,NORMAL,
9661,EN26167586,PARTH RAJESH KADAM,91.5434613,95.6987601,53.0,79.6,0,NORMAL,
9662,EN26249570,ARYA ANANT BAGADE,91.5434613,99.0273676,75.33,96.0,0,NORMAL,
9663,EN26181623,IMAD ILYAS AHMED PATEL,91.5434613,99.0970568,75.33,91.4,0,NORMAL,
9664,EN26455769,BIRAJDAR YASH DATTATRAYA,91.5434613,94.9146711,81.0,91.66,0,NORMAL,
9665,EN26129352,PARIKSHIT RAJENDRA MAKDE,91.5434613,97.0151829,88.33,94.0,2,MEDIUM,JEE_vs_HSC: JEE is LOWER than expected by 57 rank pts; JEE_vs_HSC_SSC: JEE is LOWER than expected by 56 rank pts
9666,EN26151150,SANSKAR RAJENDRA AKHARE,91.5434613,46.2039046,83.67,91.8,0,NORMAL,
9667,EN26100263,SHUBHAM SUNIL SINGH,91.5408249,85.9891185,65.67,74.2,0,NORMAL,
9668,EN26100534,NANCY SHAILESH DHOOT,91.5408249,93.4940681,77.67,90.2,0,NORMAL,
9669,EN26389063,DAKSH NITIN RAVAL,91.5408249,75.6280193,85.0,85.8,0,NORMAL,
9670,EN26110464,HITANSH CHILHATE,91.5408249,96.8036058,75.67,73.0,0,NORMAL,
9671,EN26435043,THAKARE KRISHNA NITIN,91.5408249,90.8146472,73.67,90.8,0,NORMAL,
9672,EN26289442,ANGEL DINESH JAIN,91.5408249,97.9731032,79.0,94.0,0,NORMAL,
9673,EN26199511,PANKAJ LALIT KAMAT,91.5408249,98.6477445,72.67,92.8,0,NORMAL,
9674,EN26367268,GAJULWAR HIMANSHU,91.5248181,83.769652,90.56,82.0,2,MEDIUM,CET_vs_HSC: CET is LOWER than expected by 65 rank pts; JEE_vs_HSC: JEE is LOWER than expected by 60 rank pts
9675,EN26252562,BHAGWAT SRUJAN SUNIL,91.5248181,98.0848861,70.67,89.0,0,NORMAL,
9676,EN26241179,KRISH SANJAY KHUSHALANI,91.5248181,98.5153584,68.33,95.0,0,NORMAL,
9677,EN26269677,ADITYA SINGH,91.5248181,95.9365257,79.33,93.66,0,NORMAL,
9678,EN26340238,TARUN VISHWMOHAN SAHU,91.5248181,99.518323,89.0,91.4,2,MEDIUM,CET_vs_JEE: CET is HIGHER than expected by 61 rank pts; JEE_vs_HSC: JEE is LOWER than expected by 58 rank pts
9679,EN26144690,ATHARVA GAJANAN SAPATE,91.5248181,97.6214843,79.0,94.0,0,NORMAL,
9680,EN26233103,AARYAN VINOD BURGHATE,91.5248181,98.6206102,80.0,91.6,0,NORMAL,
9681,EN26370468,JANHAVI RUSHIKESH DESHMUKH,91.5248181,,78.33,93.2,0,NORMAL,
9682,EN26288003,SHUKLA OM YATIN,91.5248181,51.4221759,77.67,87.6,0,NORMAL,
9683,EN26420895,ARJUN SANTOSH UGALE,91.5248181,70.3444621,40.33,70.4,0,NORMAL,
9684,EN26180561,RUTUJ ASHOK KHETMALAS,91.5248181,99.22161,78.67,95.0,0,NORMAL,
9685,EN26169754,RAJESHWARI AMIT SARDA,91.5239435,99.057971,84.0,87.33,0,NORMAL,
9686,EN26262051,VISHWAS GUNWANI,91.5239435,89.2375447,64.33,89.66,0,NORMAL,
9687,EN26337043,VEDANT NANDKISHOR DESHMUKH,91.5239435,96.0166614,82.33,84.2,0,NORMAL,
9688,EN26480366,VANSH SHARMA,91.5239435,,89.67,95.4,2,MEDIUM,JEE_vs_HSC: JEE is LOWER than expected by 59 rank pts; JEE_vs_HSC_SSC: JEE is LOWER than expected by 60 rank pts
9689,EN26247906,KALE ASMITA GIRAMAL,91.5239435,98.3139932,70.33,93.2,0,NORMAL,
9690,EN26236377,SHRIYAANS SUDHIR CHOBE,91.5239435,97.9141813,85.33,95.66,1,LOW,JEE_vs_HSC_SSC: JEE is LOWER than expected by 56 rank pts
9691,EN26460982,SINGH AYUSH JAYPRAKASH,91.5239435,,75.33,93.2,0,NORMAL,
9692,EN26364658,AKSHADA VINAYAK LANJEWAR,91.5239435,89.5272602,61.67,86.83,0,NORMAL,
9693,EN26159177,ADITI MANOJ HAWLE,91.5239435,98.3622982,82.0,100.0,1,LOW,JEE_vs_HSC_SSC: JEE is LOWER than expected by 55 rank pts
9694,EN26355843,SAYYED AZHAN ALI SAYYED YUSUF ALI,91.5239435,98.4154992,73.67,87.2,0,NORMAL,
9695,EN26391997,VEDANT SUBHASH PASARE,91.5239435,95.8464164,77.67,97.4,0,NORMAL,
9696,EN26435292,SUYASH PAL,91.5239435,98.4223551,70.33,84.8,0,NORMAL,
9697,EN26304346,HARISH LAHURAJ KADAM,91.5239435,46.3536656,45.33,95.4,0,NORMAL,
9698,EN26166704,HRITIK SUNIL VIRLE,91.5239435,98.3966019,89.67,90.6,1,LOW,JEE_vs_HSC: JEE is LOWER than expected by 59 rank pts
9699,EN26442605,STALIN M LOHAR,91.5239435,,75.67,89.4,0,NORMAL,
9700,EN26131921,SHRI BHARAT MUNIANDY,91.5213313,66.0549811,40.0,71.0,0,NORMAL,
9701,EN26153894,SHAHROZ TANVEER HASAN SYED,91.5213313,98.7279709,84.67,91.0,0,NORMAL,
9702,EN26189415,NISHANT SUBHASH MHAPSEKAR,91.5213313,96.5873016,69.0,92.4,0,NORMAL,
9703,EN26254750,RAMNARAYAN SURESHKUMAR GUPTA,91.5213313,98.545009,74.33,92.4,0,NORMAL,
9704,EN26241639,NIRZAR RAJESH DHOKE,91.5213313,96.8070391,85.33,96.8,1,LOW,JEE_vs_HSC_SSC: JEE is LOWER than expected by 57 rank pts
9705,EN26105881,KRISH RAJENDRA SOMKUWAR,91.5213313,95.881079,80.0,87.2,0,NORMAL,
9706,EN26333068,PATIL SAI ATMARAM,91.5213313,98.3571807,93.0,89.0,2,MEDIUM,JEE_vs_HSC: JEE is LOWER than expected by 64 rank pts; JEE_vs_HSC_SSC: JEE is LOWER than expected by 56 rank pts
9707,EN26183834,ARNAV TUSHAR KANADE,91.5213313,98.8742633,70.0,89.8,0,NORMAL,
9708,EN26421725,MYPATHI PRAGATHI,91.5213313,99.3226862,85.67,95.2,1,LOW,JEE_vs_HSC_SSC: JEE is LOWER than expected by 55 rank pts
9709,EN26348787,CHETAN VINOD MAHAJAN,91.5213313,97.4288016,73.67,92.0,0,NORMAL,
9710,EN26337825,VEDANG SHRIKANT DHOTE,91.5213313,97.628377,82.0,98.0,0,NORMAL,
9711,EN26237355,MIHIR PIYUSH GOTHI,91.5213313,94.4638756,75.33,91.66,0,NORMAL,
9712,EN26483728,RITESH YADAV,91.5095715,,59.33,84.6,0,NORMAL,
9713,EN26482801,JAVIN JETWANI,91.5095715,,89.67,92.66,2,MEDIUM,JEE_vs_HSC: JEE is LOWER than expected by 60 rank pts; JEE_vs_HSC_SSC: JEE is LOWER than expected by 56 rank pts
9714,EN26280295,RISHABH GIRISH,91.5095715,99.2306878,87.33,96.4,2,MEDIUM,JEE_vs_HSC: JEE is LOWER than expected by 56 rank pts; JEE_vs_HSC_SSC: JEE is LOWER than expected by 60 rank pts
9715,EN26140130,PURAB CHANDRASHEKHAR AGRAWAL,91.5095715,86.3032893,54.0,84.8,0,NORMAL,
9716,EN26337188,SOUMIL DHANESH KELKAR,91.5095715,96.5870307,75.33,93.0,0,NORMAL,
9717,EN26198456,VEDIKA DIGAMBAR GAWANDE,91.5095715,95.6128536,77.67,87.8,0,NORMAL,
9718,EN26187381,RUTUJA RAMDAS RASKAR,91.5095715,97.9731032,69.67,95.4,0,NORMAL,
9719,EN26229630,ISHITA SINGH,91.5095715,98.6206102,80.0,92.4,0,NORMAL,
9720,EN26263730,SHREYASH SANTOSH DAHIHANDE,91.5095715,98.9695496,79.33,91.2,0,NORMAL,
9721,EN26203428,SHRAWANI NAVNATH AHER,91.5095715,96.3008972,73.67,91.2,0,NORMAL,
9722,EN26366909,ADITI DNYANESHWAR TARALE,91.5095715,98.3788396,92.67,99.4,2,MEDIUM,JEE_vs_HSC: JEE is LOWER than expected by 63 rank pts; JEE_vs_HSC_SSC: JEE is LOWER than expected by 68 rank pts
9723,EN26345705,PREM SANJAY KAWADE,91.5095715,95.6697928,87.33,93.6,1,LOW,JEE_vs_HSC: JEE is LOWER than expected by 56 rank pts
9724,EN26245391,ANANYA DILIP SHINGARE,91.5095715,87.0343086,81.67,85.6,0,NORMAL,
9725,EN26335150,GARGI SUDHIR CHAUDHARI,91.5095715,98.0106799,77.0,90.6,0,NORMAL,
9726,EN26320379,DATTRAJ VENKATRAO KHATGAONKAR,91.5095715,95.5928687,58.33,91.0,0,NORMAL,
9727,EN26211020,RAJVARDHAN TUKARAM SHIRSAT,91.5095715,91.7316874,68.33,98.6,0,NORMAL,
9728,EN26337842,DEVVRAT HARISH MISHRA,91.5095715,14.2929234,62.67,80.0,0,NORMAL,
9729,EN26359810,OM SACHIN GAIKWAD,91.5077074,89.8801547,65.0,57.5,0,NORMAL,
9730,EN26390498,MUSTAFIZUR RAHEMAN ABDUL SHARIF SHAIKH,91.5077074,90.651656,83.0,97.2,1,LOW,JEE_vs_HSC_SSC: JEE is LOWER than expected by 55 rank pts
9731,EN26169775,ADARSH ANILKUMAR GUPTA,91.5077074,98.9613527,74.33,84.4,0,NORMAL,
9732,EN26328142,SARTHAK ATUL BHOYAR,91.5077074,94.7041159,72.0,93.2,0,NORMAL,
9733,EN26445978,RAGHAV KHAKHOLIA,91.5077074,,76.0,90.0,0,NORMAL,
9734,EN26159150,NIHAN PRAKASH SHETTY,91.5077074,98.8328486,75.67,95.8,0,NORMAL,
9735,EN26100279,GOKUL RAMAKRISHNAN IYER,91.5077074,94.8648367,78.0,94.4,0,NORMAL,
9736,EN26278645,PRAJWAL DATTU OPALKAR,91.5077074,93.4940681,67.33,94.6,0,NORMAL,
9737,EN26413802,JAISWAR AMAN CHANDRABHAN,91.5077074,99.3943022,79.0,80.8,0,NORMAL,
9738,EN26294761,VAGMI MIHIR THAKAR,91.5077074,99.3004769,89.67,97.0,2,MEDIUM,JEE_vs_HSC: JEE is LOWER than expected by 60 rank pts; JEE_vs_HSC_SSC: JEE is LOWER than expected by 63 rank pts
9739,EN26202834,AAHNA ROHIT MORABIA,91.5077074,99.0686935,83.67,97.33,1,LOW,JEE_vs_HSC_SSC: JEE is LOWER than expected by 56 rank pts
9740,EN26191342,ARCHIT SHIVDAS TARAS,91.5077074,98.2111945,73.33,88.4,0,NORMAL,
9741,EN26283714,AARAV VIVEK GANGRADE,91.5077074,97.5014998,63.33,90.2,0,NORMAL,
9742,EN26158023,ASHISH SHIVSHANKAR JAGTAP,91.5077074,,70.33,87.4,0,NORMAL,
9743,EN26250772,VIPRAL SUSHIL KALE,91.5077074,96.3017082,84.0,96.2,1,LOW,JEE_vs_HSC_SSC: JEE is LOWER than expected by 55 rank pts
9744,EN26226790,BHAKTI NARESH GULHANE,91.5077074,96.614828,81.0,97.8,0,NORMAL,
9745,EN26420085,MANASWINI PRAKASH BHANDE,91.5077074,93.3529772,61.0,94.4,0,NORMAL,
9746,EN26410517,RUSHANK RAJENDRA GAIKWAD,91.5077074,97.9129061,63.33,86.66,0,NORMAL,
9747,EN26195198,DEVASHREE YOGESH DALVI,91.5077074,97.0945243,85.67,96.66,1,LOW,JEE_vs_HSC_SSC: JEE is LOWER than expected by 58 rank pts
9748,EN26372297,SIDDHI ANIL BHOR,91.5077074,95.2933057,74.67,91.2,0,NORMAL,
9749,EN26185260,NUPOOR BHARAT ALONE,91.4915342,77.583794,84.33,90.6,0,NORMAL,
9750,EN26276031,TANMAY GOUTAM MESHRAM,91.4915342,35.8191126,41.67,58.8,0,NORMAL,
9751,EN26238676,SAISH SANDEEP TORASKAR,91.4915342,87.9344536,58.0,95.2,0,NORMAL,
9752,EN26150204,MAHESH SANDIP MHASKE,91.4915342,,95.0,85.0,2,MEDIUM,JEE_vs_HSC: JEE is LOWER than expected by 66 rank pts; JEE_vs_HSC_SSC: JEE is LOWER than expected by 56 rank pts
9753,EN26408389,SHAN SINGH THAKUR,91.4915342,,81.0,84.5,0,NORMAL,
9754,EN26101249,SAHIL NITIN WADKAR,91.4915342,94.7283486,74.33,86.6,0,NORMAL,
9755,EN26181470,ARYAN SAXENA,91.4915342,95.9065146,83.67,91.16,0,NORMAL,
9756,EN26341934,SAYYAM SIDDHARTH SHAHA,91.4915342,98.3463375,69.67,94.8,0,NORMAL,
9757,EN26330796,ISHMITSINGH SWARNASINGH KALE,91.4915342,83.73706,75.0,91.6,0,NORMAL,
9758,EN26296100,VISHAL SACHIN PATIL,91.4915342,95.1933808,83.33,96.8,1,LOW,JEE_vs_HSC_SSC: JEE is LOWER than expected by 55 rank pts
9759,EN26274741,TANISHKA ANGIRAS JOSHI,91.4915342,96.6879243,79.0,96.66,0,NORMAL,
9760,EN26166228,JAY MILIND KANDALKAR,91.4915342,98.3419888,84.0,95.2,0,NORMAL,
9761,EN26207823,LOKESH NAVALKUMAR KHADLOYA,91.4915342,98.8981649,79.33,89.8,0,NORMAL,
9762,EN26395984,SOHAM DILIP KARALE,91.4915342,99.1945392,85.0,92.2,0,NORMAL,
9763,EN26342763,ANSH SINGH JOGINDER SINGH,91.4915342,67.3538592,49.0,63.8,0,NORMAL,
9764,EN26346113,BITEWAR GAURAV ARAWIND,91.4915342,97.8054608,80.0,92.8,0,NORMAL,
9765,EN26262253,SWANAND SANDIP VAISHAMPAYAN,91.4915342,95.9271498,78.0,95.4,0,NORMAL,
9766,EN26101794,SHREYA KHANDELWAL,91.4915342,97.0655663,80.67,93.5,0,NORMAL,
9767,EN26423865,ANAND BHARAT SARODE,91.4915342,70.6987601,52.0,84.0,0,NORMAL,
9768,EN26412289,ADITI SUBHASH GITE,91.4915342,85.239357,78.0,95.6,0,NORMAL,
9769,EN26245062,HIWALE TANISHQ SAHEBRAO,91.4915342,90.6279863,72.33,84.85,0,NORMAL,
9770,EN26260068,SAWANT SUPRIYA SURESH,91.4915342,93.8884805,63.0,92.4,0,NORMAL,
9771,EN26373635,MALHAR SHRINATH THORAT,91.4807728,99.0273038,79.67,90.8,0,NORMAL,
9772,EN26445615,KARTIK SAHADEO KSHIRSAGAR,91.4807728,96.9883668,64.33,86.0,0,NORMAL,
9773,EN26150579,DHARMIK NILESH KAWA,91.4807728,97.9611464,72.0,87.8,0,NORMAL,
9774,EN26179573,YUVRAJ KUMAR SAHU,91.4807728,91.563328,61.67,82.0,0,NORMAL,
9775,EN26375827,KUNAL HANUMAN DOLARKAR,91.4807728,80.7883659,45.33,87.2,0,NORMAL,
9776,EN26118615,JANVHI MANOJ NAGPURE,91.4807728,97.0317477,84.67,91.8,0,NORMAL,
9777,EN26291957,SMITA SATISH DIVATE,91.4807728,96.0219043,68.67,98.5,0,NORMAL,
9778,EN26369233,AKSH BHAVESHBHAI VANANI,91.4807728,74.6853954,53.33,81.6,0,NORMAL,
9779,EN26174431,KAUSHIKI SINGH,91.4807728,97.6874562,89.67,93.66,2,MEDIUM,JEE_vs_HSC: JEE is LOWER than expected by 60 rank pts; JEE_vs_HSC_SSC: JEE is LOWER than expected by 58 rank pts
9780,EN26295373,BORSE OM DILIP,91.4807728,90.5209194,59.67,89.2,0,NORMAL,
9781,EN26365889,ADITYA RAVINDER SINGH,91.4807728,95.4536104,66.0,92.83,0,NORMAL,
9782,EN26206594,TANMAY SANTOSH SAKORE,91.4807728,92.5679358,81.33,94.0,0,NORMAL,
9783,EN26461266,CHETAN,91.4807728,99.0598676,98.0,97.44,2,MEDIUM,JEE_vs_HSC: JEE is LOWER than expected by 67 rank pts; JEE_vs_HSC_SSC: JEE is LOWER than expected by 70 rank pts
9784,EN26213066,MOHAMED JAFAR FAIROZ SAHIBOLE,91.4807728,97.8346051,86.0,89.6,0,NORMAL,
9785,EN26377039,JEENAL PIYUSH SHAH,91.4807728,93.8402527,70.33,85.2,0,NORMAL,
9786,EN26418329,JAGTAP SANCHITA MANOJ,91.4807728,96.6852182,73.67,91.83,0,NORMAL,
9787,EN26245902,SHREYA KAMLESH WAFGAONKAR,91.4807728,88.525902,68.67,97.4,0,NORMAL,
9788,EN26179856,SAIDEEP PRASHANT BARGE,91.4807728,90.0621118,67.33,93.5,0,NORMAL,
9789,EN26168070,SHRIYANS SUNDERRAJAN,91.480163,98.0748364,81.0,98.6,0,NORMAL,
9790,EN26326918,KOUSHIK SHAILENDRA SASANKAR,91.480163,99.4005994,80.0,98.0,1,LOW,CET_vs_JEE: CET is HIGHER than expected by 58 rank pts
9791,EN26107870,KANAK ABHIJEET KANADE,91.480163,97.6794304,92.67,94.16,2,MEDIUM,JEE_vs_HSC: JEE is LOWER than expected by 64 rank pts; JEE_vs_HSC_SSC: JEE is LOWER than expected by 62 rank pts
9792,EN26422864,PARAM ANIL VACHHANI,91.480163,98.3966019,91.0,96.4,2,MEDIUM,JEE_vs_HSC: JEE is LOWER than expected by 62 rank pts; JEE_vs_HSC_SSC: JEE is LOWER than expected by 65 rank pts
9793,EN26459199,JAYRAJ SANJAY PATIL,91.480163,98.3467382,71.67,83.2,0,NORMAL,
9794,EN26266704,OM SANTOSH JADHAV,91.480163,98.2635235,84.67,93.4,0,NORMAL,
9795,EN26190812,ARNAV MADHURENDRA KUMAR,91.480163,95.2958925,74.67,91.0,0,NORMAL,
9796,EN26120725,SAI DATTATRAY SARODE,91.480163,60.6803919,39.33,74.8,0,NORMAL,
9797,EN26267782,BANSARI SANJAY THAKKAR,91.480163,98.5858794,84.0,95.0,0,NORMAL,
9798,EN26155974,CHITRAAKSHI SINGH DEORA,91.480163,95.4830918,85.67,97.6,1,LOW,JEE_vs_HSC_SSC: JEE is LOWER than expected by 60 rank pts
9799,EN26312491,PRANAV CHANDRASHEKHAR GARAMPALLI,91.480163,98.0913477,69.33,81.0,0,NORMAL,
9800,EN26155697,JANVI DILIP GUTTE,91.480163,97.1023891,88.67,97.2,2,MEDIUM,JEE_vs_HSC: JEE is LOWER than expected by 59 rank pts; JEE_vs_HSC_SSC: JEE is LOWER than expected by 63 rank pts
9801,EN26143240,NITYA MANISH BHANUSHALI,91.480163,94.1950375,63.67,91.6,0,NORMAL,
9802,EN26341419,TANISHKA SANTOSH KANADE,91.480163,97.2950127,89.33,96.4,2,MEDIUM,JEE_vs_HSC: JEE is LOWER than expected by 60 rank pts; JEE_vs_HSC_SSC: JEE is LOWER than expected by 63 rank pts
9803,EN26133753,ARNAV NIKHILESH PRADHAN,91.480163,97.6214843,68.33,95.8,0,NORMAL,
9804,EN26373931,DESHMUKH SHRAVANI MANISH,91.480163,95.8464164,69.0,92.8,0,NORMAL,
9805,EN26154203,PRASHANT PRAMOD GUPTA,91.4792705,99.9182434,90.33,91.4,3,HIGH,CET_vs_JEE: CET is HIGHER than expected by 77 rank pts; JEE_vs_HSC: JEE is LOWER than expected by 62 rank pts; JEE_vs_HSC_SSC: JEE is LOWER than expected by 56 rank pts
9806,EN26302738,SARTHAK DINESH DESHMUKH,91.4792705,96.4033464,57.67,93.8,0,NORMAL,
9807,EN26330300,MANYATA RAKESH MULE,91.4792705,97.1696644,82.33,96.8,0,NORMAL,
9808,EN26334088,HIMANSHU JIVANLAL WAGH,91.4792705,98.4431408,86.0,92.6,1,LOW,JEE_vs_HSC: JEE is LOWER than expected by 55 rank pts
9809,EN26103372,SHLOK MAHESH SONAWANE,91.4792705,94.0675053,73.67,93.2,0,NORMAL,
9810,EN26483518,MUSANDE ADITYA SANTOSH,91.4792705,95.2882188,55.67,92.16,0,NORMAL,
9811,EN26274979,AMOGH MANDLOI,91.4792705,97.6811594,74.67,88.33,0,NORMAL,
9812,EN26258656,ANKIT KUMAR,91.4792705,99.112515,80.33,92.6,0,NORMAL,
9813,EN26251448,AMOGH MANOHAR LADUKAR,91.4792705,97.9193354,71.33,90.2,0,NORMAL,
9814,EN26431642,SHREYA VIRALKUMAR PATEL,91.4792705,97.5517964,77.67,95.66,0,NORMAL,
9815,EN26174337,JAY SAMEER PATIL,91.4792705,91.2552493,67.33,93.6,0,NORMAL,
9816,EN26385034,SUHANI DHING,91.4792705,98.4193724,84.33,96.6,1,LOW,JEE_vs_HSC_SSC: JEE is LOWER than expected by 57 rank pts
9817,EN26251809,PRANALI PRAVIN KUMBHAR,91.4792705,97.5046401,81.33,93.8,0,NORMAL,
9818,EN26121854,YASH SHASHIKANT DHANWALKAR,91.4792705,95.6128536,76.0,93.0,0,NORMAL,
9819,EN26327977,DRISHTI PARAG SOLANKI,91.4792705,98.1313859,78.33,98.6,0,NORMAL,
9820,EN26325434,SOHAM SURESH KADAM,91.4792705,96.3919151,66.0,93.4,0,NORMAL,
9821,EN26194227,PIYUSH GANESH SALOKHE,91.4792705,95.8890489,67.33,94.4,0,NORMAL,
9822,EN26309682,KRISHITA RAVINDRA BIRADAR,91.4792705,96.279915,75.33,89.0,0,NORMAL,
9823,EN26336082,VIGHNESH DILIP LENDE,91.4447337,99.2921716,84.33,94.6,0,NORMAL,
9824,EN26305118,KRUPA VISHNU BHUSKUTE,91.4447337,27.2730752,48.33,81.0,0,NORMAL,
9825,EN26274093,MAHAJAN HITARTH RAHUL,91.4447337,98.7422717,82.67,91.8,0,NORMAL,
9826,EN26307031,SUJAL ANAND GAIKWAD,91.4447337,90.8566407,73.0,92.6,0,NORMAL,
9827,EN26337223,SUJAL ANAND GAIKWAD,91.4447337,,73.0,92.6,0,NORMAL,
9828,EN26305855,DARSHAN SOMNATH LAWAND,91.4447337,94.5553041,93.0,92.4,4,HIGH,CET_vs_HSC: CET is LOWER than expected by 62 rank pts; JEE_vs_HSC: JEE is LOWER than expected by 65 rank pts; JEE_vs_HSC_SSC: JEE is LOWER than expected by 60 rank pts; CET_vs_HSC_SSC: CET is LOWER than expected by 55 rank pts
9829,EN26103083,YASH ATUL NAGARE,91.4447337,96.6545506,83.33,91.6,0,NORMAL,
9830,EN26364307,OM CHARDE,91.4447337,93.9372552,73.67,96.0,0,NORMAL,
9831,EN26180707,PRIYANSHU SANJEEB DAS,91.4447337,74.6275026,79.67,61.0,0,NORMAL,
9832,EN26367603,MANAS SUHAS CHAUDHARI,91.4445133,32.4603175,40.67,78.4,0,NORMAL,
9833,EN26246876,PARTH SHAILESH AMBULKAR,91.4445133,68.4225402,58.33,57.2,0,NORMAL,
9834,EN26107100,ADITYA DHANANJAY GOLE,91.4445133,53.8067479,49.0,86.2,0,NORMAL,
9835,EN26432039,AASTHA GUPTA,91.4445133,,78.0,93.4,0,NORMAL,
9836,EN26395795,VAISHNAVI INDRAJIT INGALE,91.4445133,96.7090158,67.0,96.2,0,NORMAL,
9837,EN26300465,MIZANMALIK MUJAHID SHAIKH,91.4445133,96.996587,82.0,90.6,0,NORMAL,
9838,EN26150182,MOHIT SUDHIR KIRPAN,91.4405892,71.4785529,58.0,73.6,0,NORMAL,
9839,EN26454426,RAM ANKIT KUMAR GANESH,91.4405892,68.58833,43.67,68.8,0,NORMAL,
9840,EN26353664,ADITI SUNIL SALUNKHE,91.4405892,97.5738558,76.33,92.0,0,NORMAL,
9841,EN26333574,PRAJAY RAHUL PATIL,91.4405892,99.8884401,94.0,96.0,3,HIGH,CET_vs_JEE: CET is HIGHER than expected by 76 rank pts; JEE_vs_HSC: JEE is LOWER than expected by 66 rank pts; JEE_vs_HSC_SSC: JEE is LOWER than expected by 67 rank pts
9842,EN26130151,PRATHAM GANESH NARKHEDE,91.4405892,93.7060041,64.67,86.0,0,NORMAL,
9843,EN26164427,VAIJNATH GADGEAPPA MANKARI,91.4405892,97.305038,76.0,91.2,0,NORMAL,
9844,EN26324058,SHIRISH SHRIHARI HIPPARKAR,91.4405892,89.9742931,64.0,99.0,0,NORMAL,
9845,EN26433186,KRISHNA SACHIN TAMGOLE,91.4405892,69.8131691,65.0,85.8,0,NORMAL,
9846,EN26116705,KODURI RAJARAJESWARI,91.4405892,97.4578821,99.56,90.6,2,MEDIUM,JEE_vs_HSC: JEE is LOWER than expected by 68 rank pts; JEE_vs_HSC_SSC: JEE is LOWER than expected by 61 rank pts
9847,EN26158420,KUNAL TUSHAR DESHMUKH,91.4405892,59.3625359,69.67,84.8,0,NORMAL,
9848,EN26455586,PATIL DHIRAJ RAJENDRA,91.4405892,90.5704062,87.33,95.8,4,HIGH,CET_vs_HSC: CET is LOWER than expected by 56 rank pts; JEE_vs_HSC: JEE is LOWER than expected by 58 rank pts; JEE_vs_HSC_SSC: JEE is LOWER than expected by 60 rank pts; CET_vs_HSC_SSC: CET is LOWER than expected by 58 rank pts
9849,EN26250413,SUJAL SANTOSH PATIL,91.4045109,98.6166496,75.67,98.0,0,NORMAL,
9850,EN26121376,ATHARVA KHADILKAR,91.4045109,97.2756467,97.89,91.8,2,MEDIUM,JEE_vs_HSC: JEE is LOWER than expected by 68 rank pts; JEE_vs_HSC_SSC: JEE is LOWER than expected by 62 rank pts
9851,EN26364229,KHUSHAL NILESH TAYADE,91.4045109,97.8120377,79.0,88.6,0,NORMAL,
9852,EN26252169,AARYAN RAVINDRA VISHWASRAO,91.4045109,92.119419,84.67,91.8,0,NORMAL,
9853,EN26387159,DEEP SURESH THORAT,91.4045109,98.03989,90.0,89.2,1,LOW,JEE_vs_HSC: JEE is LOWER than expected by 62 rank pts
9854,EN26286971,ANKITA NARAYAN KHARAT,91.4045109,94.0675053,53.0,95.8,0,NORMAL,
9855,EN26224622,ATHARVA VIJAY GOLE,91.4045109,93.0647215,56.33,74.4,0,NORMAL,
9856,EN26199005,PRANAV VILAS LUNGARE,91.4045109,97.7035859,72.33,92.66,0,NORMAL,
9857,EN26147235,SHIVAM SHARAD PORE,91.4045109,93.1255955,65.67,93.0,0,NORMAL,
9858,EN26306467,ADITYARAJ DEEPAK PATIL,91.4045109,98.4399761,76.0,95.8,0,NORMAL,
9859,EN26271816,RAJVARDHAN VIJAY MORE,91.4045109,88.3756645,61.33,94.8,0,NORMAL,
9860,EN26161241,ATHARVA PRADIPRAO NAGPURE,91.4045109,96.3433097,80.33,96.33,0,NORMAL,
9861,EN26177326,NIHAR VILAS KERKAR,91.4045109,97.2076054,78.0,93.83,0,NORMAL,
9862,EN26135623,ANSHUL VIKAS SURYAVANSHI,91.4045109,92.8362212,70.67,95.4,0,NORMAL,
9863,EN26107012,ARNAV GANESH PURANDARE,91.4045109,97.7429122,90.0,95.83,2,MEDIUM,JEE_vs_HSC: JEE is LOWER than expected by 62 rank pts; JEE_vs_HSC_SSC: JEE is LOWER than expected by 63 rank pts
9864,EN26244207,NAIK SHRUTI HEMANTRAO,91.4045109,96.0260116,69.67,96.33,0,NORMAL,
9865,EN26119667,PADMAJA PANDEY,91.4045109,98.205248,88.0,96.16,2,MEDIUM,JEE_vs_HSC: JEE is LOWER than expected by 59 rank pts; JEE_vs_HSC_SSC: JEE is LOWER than expected by 61 rank pts
9866,EN26447945,KESHAV YADAV,91.4045109,97.4547994,67.67,95.6,0,NORMAL,
9867,EN26322593,SIDDHI NITIN CHITALKAR,91.3841355,97.9005056,77.67,93.0,0,NORMAL,
9868,EN26363418,RIA RAMCHANDRA NAIK,91.3841355,79.4793202,42.33,92.4,0,NORMAL,
9869,EN26378787,SAI SACHIN KHARE,91.3841355,54.873582,49.33,72.6,0,NORMAL,
9870,EN26301451,SAMRUDDHI ANAND WANJARE,91.3841355,98.6898385,82.67,97.6,1,LOW,JEE_vs_HSC_SSC: JEE is LOWER than expected by 57 rank pts
9871,EN26385920,PAWAR OM SUNIL,91.3841355,98.7429314,75.67,85.4,0,NORMAL,
9872,EN26484285,AARISH KATOCH,91.3841355,,86.67,93.14,1,LOW,JEE_vs_HSC: JEE is LOWER than expected by 57 rank pts
9873,EN26439158,ASHUTOSH KUMAR,91.3841355,,77.33,81.2,0,NORMAL,
9874,EN26367792,AHER RUPESH ARUN,91.3841355,94.5553041,86.0,92.2,1,LOW,JEE_vs_HSC: JEE is LOWER than expected by 56 rank pts
9875,EN26459490,VHOKE SWANANDI RAMESH,91.3841355,98.0106799,90.0,98.8,2,MEDIUM,JEE_vs_HSC: JEE is LOWER than expected by 62 rank pts; JEE_vs_HSC_SSC: JEE is LOWER than expected by 67 rank pts
9876,EN26180333,TANISHK PRABHAKAR CHAUDHARI,91.3799601,99.1739298,76.0,88.4,0,NORMAL,
9877,EN26198060,YASHWANT GANESH DALVI,91.3799601,97.8775349,79.0,95.8,0,NORMAL,
9878,EN26424350,OMKAR BHARAT PATIL,91.3799601,97.628377,73.33,90.88,0,NORMAL,
9879,EN26222168,PRATHMESH GANESH SURVE,91.3799601,96.8875086,70.0,84.4,0,NORMAL,
9880,EN26279616,CHINMAY JAYANT GHODAKE,91.3799601,98.5205065,77.33,93.0,0,NORMAL,
9881,EN26446711,MADHAV GAUTAM,91.3799601,,70.0,93.0,0,NORMAL,
9882,EN26290978,SIDDHI BHALOTIYA,91.3799601,95.7868519,83.33,94.0,0,NORMAL,
9883,EN26372685,VEDASHRI VIKRAM KHANVILKAR,91.3799601,93.7276356,79.67,97.2,0,NORMAL,
9884,EN26232074,MISHRA PREM PRADEEP,91.3799601,98.7196399,67.67,91.66,0,NORMAL,
9885,EN26161573,ARJUN DIPAK SASTE,91.3799601,99.8851323,92.33,91.4,3,HIGH,CET_vs_JEE: CET is HIGHER than expected by 76 rank pts; JEE_vs_HSC: JEE is LOWER than expected by 65 rank pts; JEE_vs_HSC_SSC: JEE is LOWER than expected by 59 rank pts
9886,EN26124468,SUJAL RAVINDRA LAHANE,91.3799601,96.9526275,66.33,90.5,0,NORMAL,
9887,EN26329780,ATHARV DINESH MANE,91.3799601,96.8804098,71.33,90.2,0,NORMAL,
9888,EN26376874,ANUSHKA UDAY PATIL,91.3799601,97.4729104,84.67,91.0,0,NORMAL,
9889,EN26365353,KASLIWAL KHUSHI ANAND,91.3799601,92.3740511,72.33,95.4,0,NORMAL,
9890,EN26128312,VISHWAKARMA DHRUV VINOD,91.3799601,93.9486424,70.0,88.6,0,NORMAL,
9891,EN26389370,YOHANCE KUMAR JOSHI,91.3799601,98.2414965,92.33,86.6,2,MEDIUM,JEE_vs_HSC: JEE is LOWER than expected by 65 rank pts; JEE_vs_HSC_SSC: JEE is LOWER than expected by 56 rank pts
9892,EN26362029,ARNAV VINOD SHARMA,91.3799601,92.8576339,70.0,95.4,0,NORMAL,
9893,EN26179804,ANWESHA AGARWAL,91.3799601,97.887694,95.0,97.6,2,MEDIUM,JEE_vs_HSC: JEE is LOWER than expected by 67 rank pts; JEE_vs_HSC_SSC: JEE is LOWER than expected by 70 rank pts
9894,EN26180286,RUDRAKSH RAJESH PANDEY,91.3799601,95.9558175,70.0,90.6,0,NORMAL,
9895,EN26257837,PARTH VINAYAK NAVANALE,91.3571758,96.8804098,56.33,89.8,0,NORMAL,
9896,EN26159982,MATHEW THOMAS,91.3571758,98.0751569,84.67,92.0,0,NORMAL,
9897,EN26342694,ADITYA SHAHAJI PHADATARE,91.3571758,76.5032413,62.0,79.6,0,NORMAL,
9898,EN26121279,ADVAIT ARUN PEVEKAR,91.3571758,99.372715,80.33,93.0,0,NORMAL,
9899,EN26167015,PRAJWAL ANILKUMAR USTURGE,91.3571758,97.8978979,70.0,92.6,0,NORMAL,
9900,EN26340037,PRIYANSHU GUPTA,91.3571758,94.1950375,83.0,94.6,0,NORMAL,
9901,EN26205815,YASH VIKRAM CHALIYAWALA,91.3563969,96.4812287,70.67,85.2,0,NORMAL,
9902,EN26368955,CHANDRAJEET NARAYAN BHILANE,91.3563969,48.8664194,87.0,89.8,3,HIGH,CET_vs_HSC: CET is LOWER than expected by 62 rank pts; JEE_vs_HSC: JEE is LOWER than expected by 58 rank pts; CET_vs_HSC_SSC: CET is LOWER than expected by 53 rank pts
9903,EN26283152,MOHIT DEEPAK KHASTURIA,91.3563969,91.0982881,67.67,92.0,0,NORMAL,
9904,EN26209325,RAJ ANILKUMAR KAMANANI,91.3563969,97.5899394,81.67,92.6,0,NORMAL,
9905,EN26449839,SHOURYA MISHRA,91.3563969,88.2583444,75.67,84.33,0,NORMAL,
9906,EN26113480,KRISHNA ASHOK DAWRE,91.3563969,98.6477445,86.0,93.6,2,MEDIUM,JEE_vs_HSC: JEE is LOWER than expected by 56 rank pts; JEE_vs_HSC_SSC: JEE is LOWER than expected by 55 rank pts
9907,EN26205288,CHETULE MINAL NANA,91.3563969,44.5569356,72.33,84.0,0,NORMAL,
9908,EN26207127,VENKATESH ANUJ PAWAR,91.3563969,99.5675391,87.0,96.1,3,HIGH,CET_vs_JEE: CET is HIGHER than expected by 65 rank pts; JEE_vs_HSC: JEE is LOWER than expected by 58 rank pts; JEE_vs_HSC_SSC: JEE is LOWER than expected by 61 rank pts
9909,EN26203908,JHEEL RAKESH MODI,91.3563969,97.8063117,84.0,95.83,1,LOW,JEE_vs_HSC_SSC: JEE is LOWER than expected by 56 rank pts
9910,EN26271047,GIRISH VILAS SAHARE,91.3563969,94.3811959,71.33,87.4,0,NORMAL,
9911,EN26351820,PALAK TUSHAR SHASTRAKAR,91.3563969,96.4033308,85.67,85.16,1,LOW,JEE_vs_HSC: JEE is LOWER than expected by 56 rank pts
9912,EN26255297,ALTAMASH KHUDBODDIN SHAIKH,91.3563969,96.1569533,73.33,91.4,0,NORMAL,
9913,EN26137084,AANCHAL DNYANESHWAR DHANAIT,91.3563969,97.6372992,61.67,88.83,0,NORMAL,
9914,EN26129155,DIVIJ RAINA,91.3563969,,84.67,88.5,0,NORMAL,
9915,EN26167444,ADARSH ARJUNRAO BEHARE,91.3563969,98.6300897,77.0,94.2,0,NORMAL,
9916,EN26177637,ATHARVA YOGESH GHEGADMAL,91.3563969,95.5358718,66.67,91.0,0,NORMAL,
9917,EN26415478,AJINKYA UMAKANT KONGRE,91.3563969,98.7789518,82.33,84.8,0,NORMAL,
9918,EN26330908,SINAI SHALMON KADAM,91.3563969,92.3369677,74.67,94.2,0,NORMAL,
9919,EN26271467,SNAATAN RAINA,91.3563969,,92.67,98.0,2,MEDIUM,JEE_vs_HSC: JEE is LOWER than expected by 65 rank pts; JEE_vs_HSC_SSC: JEE is LOWER than expected by 69 rank pts
9920,EN26293418,ADHIRAJ SINGH,91.3563969,93.4649935,71.67,90.8,0,NORMAL,
9921,EN26222798,PARTH DATTATRAY GOPHANE,91.3563969,97.5427973,74.0,93.4,0,NORMAL,
9922,EN26208016,VISHESH VINOD KOLTE,91.3528035,96.6956121,75.33,91.4,0,NORMAL,
9923,EN26413487,AYUSH MILIND GAJBHIYE,91.3528035,97.2125436,83.0,92.2,0,NORMAL,
9924,EN26334234,SHUBHAM KIRAN NEHARKAR,91.3528035,96.9234547,71.0,80.57,0,NORMAL,
9925,EN26189467,NISHANT VAIBHAV TILEKAR,91.3528035,98.9805732,79.67,91.2,0,NORMAL,
9926,EN26273307,SAQUIB NAFIS SHAIKH,91.3528035,98.2148483,69.67,88.4,0,NORMAL,
9927,EN26321998,SONVANE SOHAM SUNDAR,91.3528035,71.9146758,73.67,92.4,0,NORMAL,
9928,EN26194481,PRATIKSHA MARUTI DANDWATE,91.3528035,95.6935818,84.0,95.0,0,NORMAL,
9929,EN26101209,KUNWAR SAHIB SINGH,91.3528035,94.0581104,84.33,96.33,1,LOW,JEE_vs_HSC_SSC: JEE is LOWER than expected by 58 rank pts
9930,EN26276437,DHANASHRI SUNIL SONAWANE,91.3455107,98.9480174,74.33,92.8,0,NORMAL,
9931,EN26330563,ROHIT DATTATRAY SOMWANSHI,91.3455107,81.9137967,66.33,86.6,0,NORMAL,
9932,EN26241649,VISHUDDHI SACHIN PANPATIL,91.3455107,96.7675378,88.33,95.8,2,MEDIUM,JEE_vs_HSC: JEE is LOWER than expected by 60 rank pts; JEE_vs_HSC_SSC: JEE is LOWER than expected by 62 rank pts
9933,EN26161035,AYUSH RAJENDRA MANKAR,91.3455107,78.0816199,62.67,66.4,0,NORMAL,
9934,EN26229406,ATHARV RAHUL YELE,91.3307262,94.7981886,70.67,89.66,0,NORMAL,
9935,EN26203040,TEJAS DADASO BANDGAR,91.3307262,98.511518,74.67,89.4,0,NORMAL,
9936,EN26210866,ATHARVA DEEPAK NERKAR,91.3307262,95.2882188,61.33,82.4,0,NORMAL,
9937,EN26132196,RITESH SAMBHAJI NIMASE,91.3307262,73.5651108,69.67,80.8,0,NORMAL,
9938,EN26186286,SHLOKA VYANKATESH SADEKAR,91.3307262,95.9433601,68.67,95.2,0,NORMAL,
9939,EN26134379,DINESH PURUSHOTTAM SHARMA,91.3307262,93.6844271,62.33,94.2,0,NORMAL,
9940,EN26148319,JIGNESH UMESH CHAVAN,91.3307262,95.84196,82.33,82.4,0,NORMAL,
9941,EN26118368,SUDARSHAN NITIN GAVATE,91.3307262,93.4296473,60.67,95.6,0,NORMAL,
9942,EN26199110,SWETHAPADMAVATHI MURUGAN,91.3307262,97.6984554,86.0,91.16,1,LOW,JEE_vs_HSC: JEE is LOWER than expected by 57 rank pts
9943,EN26205926,SIDDDHESH SACHIN MATHUR,91.3307262,96.363568,66.67,86.66,0,NORMAL,
9944,EN26265067,TULJAPURE SRUJAN DINESH,91.3307262,70.4215645,77.67,88.8,0,NORMAL,
9945,EN26335617,ARUNABHA NASKAR,91.3307262,99.0001766,91.33,91.2,2,MEDIUM,JEE_vs_HSC: JEE is LOWER than expected by 64 rank pts; JEE_vs_HSC_SSC: JEE is LOWER than expected by 58 rank pts
9946,EN26282827,DHRUV AVINASH PATIL,91.3307262,98.7839138,89.67,94.2,2,MEDIUM,JEE_vs_HSC: JEE is LOWER than expected by 62 rank pts; JEE_vs_HSC_SSC: JEE is LOWER than expected by 61 rank pts
9947,EN26210637,ISHANT RAMKISHAN KATARE,91.3307262,90.4021551,83.0,92.4,0,NORMAL,
9948,EN26300125,KARAN DNYANESHWAR KADAM,91.3307262,97.887694,79.33,98.4,0,NORMAL,
9949,EN26402427,JEJURE PRATHMESH EKNATH,91.3307262,82.9459739,61.67,76.6,0,NORMAL,
9950,EN26308195,KUNAL YOGESH MOGADPALLY,91.3307262,99.4150471,87.33,94.66,3,HIGH,CET_vs_JEE: CET is HIGHER than expected by 59 rank pts; JEE_vs_HSC: JEE is LOWER than expected by 59 rank pts; JEE_vs_HSC_SSC: JEE is LOWER than expected by 59 rank pts
9951,EN26271499,PRANAV HIMANSHU ASHAR,91.3307262,97.9337683,78.0,88.6,0,NORMAL,
9952,EN26174299,ADITYA AMIR HALDIVE,91.3307262,98.4842236,85.33,89.42,1,LOW,JEE_vs_HSC: JEE is LOWER than expected by 55 rank pts
9953,EN26454098,PRASAD SANJAY GADEKAR,91.3307262,95.022244,82.67,94.4,0,NORMAL,
9954,EN26439448,DRISHTI RAJESH TALREJA,91.3307262,95.8883843,76.67,92.4,0,NORMAL,
9955,EN26225074,JAYESH PITAMBAR DEVRE,91.3224361,60.5118338,91.33,91.8,4,HIGH,CET_vs_HSC: CET is LOWER than expected by 71 rank pts; JEE_vs_HSC: JEE is LOWER than expected by 64 rank pts; JEE_vs_HSC_SSC: JEE is LOWER than expected by 59 rank pts; CET_vs_HSC_SSC: CET is LOWER than expected by 63 rank pts
9956,EN26405179,SOHAM VINOD TUPKAR,91.3224361,96.7550691,88.67,89.4,1,LOW,JEE_vs_HSC: JEE is LOWER than expected by 61 rank pts
9957,EN26106969,SOUMIL DEEPAK GUPTA,91.3224361,96.5674269,65.0,86.2,0,NORMAL,
9958,EN26117019,SHRAVAN ABHIJIT AMBEKAR,91.3224361,95.8890489,82.33,92.4,0,NORMAL,
9959,EN26440535,TANUSH MANDAR SURVE,91.3224361,98.5426548,90.33,89.33,2,MEDIUM,JEE_vs_HSC: JEE is LOWER than expected by 63 rank pts; JEE_vs_HSC_SSC: JEE is LOWER than expected by 56 rank pts
9960,EN26410321,AADHINATH S SURESH,91.3224361,96.9174524,78.33,92.0,0,NORMAL,
9961,EN26193886,RITESH RAJU SHINDE,91.3224361,92.0527932,77.67,94.8,0,NORMAL,
9962,EN26115091,SHUBHAM SATISH SURYAVANSHI,91.3224361,95.101416,81.0,88.5,0,NORMAL,
9963,EN26400527,GAURI SUNIL BAJAD,91.3224361,98.5153584,82.33,97.0,1,LOW,JEE_vs_HSC_SSC: JEE is LOWER than expected by 56 rank pts
9964,EN26257600,YASH NITIN GUJAR,91.3224361,88.8632429,69.0,86.8,0,NORMAL,
9965,EN26232160,ANSH,91.3224361,99.059847,75.33,92.8,0,NORMAL,
9966,EN26124722,YASH SANTOSH SHIHARE,91.3224361,69.7766245,77.33,82.6,0,NORMAL,
9967,EN26327986,ADITYA DINESH KAWALE,91.3025668,98.0166175,80.67,91.0,0,NORMAL,
9968,EN26134249,RUSHIL NIKHIL DESHPANDE,91.3025668,98.5283812,73.0,94.4,0,NORMAL,
9969,EN26303544,NARKHEDE TEJAL VAIBHAV,91.3025668,98.6682994,90.33,97.4,2,MEDIUM,JEE_vs_HSC: JEE is LOWER than expected by 63 rank pts; JEE_vs_HSC_SSC: JEE is LOWER than expected by 67 rank pts
9970,EN26231154,DIVYANSHU MISHRA,91.3025668,,52.0,63.8,0,NORMAL,
9971,EN26335092,DHRISH KALPESH GANDHI,91.3025668,99.5885253,92.0,94.4,3,HIGH,CET_vs_JEE: CET is HIGHER than expected by 66 rank pts; JEE_vs_HSC: JEE is LOWER than expected by 65 rank pts; JEE_vs_HSC_SSC: JEE is LOWER than expected by 64 rank pts
9972,EN26286866,SARTHAK AVINASH PUSADEKAR,91.3025668,95.5928687,71.0,88.4,0,NORMAL,
9973,EN26127246,HARSHIL DASS,91.3025668,,86.67,90.0,1,LOW,JEE_vs_HSC: JEE is LOWER than expected by 58 rank pts
9974,EN26491698,ANUJ VIKHE,91.3025668,95.9009755,57.67,74.6,0,NORMAL,
9975,EN26271636,ZEDAN KHALID USMANI,91.3025668,98.1672355,77.0,84.0,0,NORMAL,
9976,EN26353231,KASHID ABHISHEK KRUSHNA,91.3025668,95.6826425,80.0,93.4,0,NORMAL,
9977,EN26196497,SURAJ KONDIBHAU TARATE,91.3025668,98.0547198,72.67,96.6,0,NORMAL,
9978,EN26265693,SAGAR SANTOSH CHAMLE,91.3018097,91.53248,63.33,93.8,0,NORMAL,
9979,EN26108225,YATESH ADHIKAR PATIL,91.3018097,57.0044084,81.67,74.0,0,NORMAL,
9980,EN26365656,DEVYA ASHISH SHAH,91.3018097,95.5976137,72.0,89.2,0,NORMAL,
9981,EN26357496,BHAKTI ARVIND DESHMUKH,91.3018097,98.6108985,87.0,96.2,2,MEDIUM,JEE_vs_HSC: JEE is LOWER than expected by 58 rank pts; JEE_vs_HSC_SSC: JEE is LOWER than expected by 62 rank pts
9982,EN26395558,YAVANTIKA JAIN,91.3018097,96.1567238,85.67,94.2,2,MEDIUM,JEE_vs_HSC: JEE is LOWER than expected by 56 rank pts; JEE_vs_HSC_SSC: JEE is LOWER than expected by 56 rank pts
9983,EN26168322,VISHWAJEET VIKAS PATKURE,91.3018097,89.5522919,58.0,84.8,0,NORMAL,
9984,EN26441414,SWAYAM GANGADHAR PAWAR,91.3018097,90.6279863,95.0,96.2,4,HIGH,CET_vs_HSC: CET is LOWER than expected by 70 rank pts; JEE_vs_HSC: JEE is LOWER than expected by 68 rank pts; JEE_vs_HSC_SSC: JEE is LOWER than expected by 69 rank pts; CET_vs_HSC_SSC: CET is LOWER than expected by 71 rank pts
9985,EN26106877,SWAYAM GURURAJ KASHYAP,91.3018097,98.0751569,73.67,90.6,0,NORMAL,
9986,EN26362927,MANE MAHESH BIBHISHAN,91.3018097,,86.33,89.4,1,LOW,JEE_vs_HSC: JEE is LOWER than expected by 57 rank pts
9987,EN26348004,ANUSHKA BALASAHEB KUTE,91.3018097,94.5705862,76.0,95.4,0,NORMAL,
9988,EN26188303,UTKARSH DHANAJI CHAVAN,91.3018097,7.5810904,64.33,56.0,0,NORMAL,
9989,EN26338560,BHALALA PRANSHU SHAILESH,91.3018097,93.9707059,74.33,91.9,0,NORMAL,
9990,EN26126561,PRAVEKSHA PRINCE KUMAR SHAH,91.3018097,96.86711,86.33,86.2,1,LOW,JEE_vs_HSC: JEE is LOWER than expected by 57 rank pts
9991,EN26225838,JAIEE ANAND SHINDE,91.3018097,98.8869054,70.33,98.83,0,NORMAL,
9992,EN26259393,SAADALI MUSAALLI PIRJADE,91.3018097,94.1913399,65.67,96.0,0,NORMAL,
9993,EN26370678,JAHIR ZAKIRHUSEN CHAUS,91.3018097,97.4360937,82.0,90.8,0,NORMAL,
9994,EN26167588,AMEY MANISH TISGAONKAR,91.3018097,98.9203105,72.0,90.6,0,NORMAL,
9995,EN26203229,SHIVANJALI AMOL GORALE,91.3018097,97.6985322,86.0,93.8,2,MEDIUM,JEE_vs_HSC: JEE is LOWER than expected by 57 rank pts; JEE_vs_HSC_SSC: JEE is LOWER than expected by 56 rank pts
9996,EN26445400,HOMESH MANOHAR PATIL,91.3018097,30.378919,67.67,89.4,0,NORMAL,
9997,EN26216574,TEJAS VIJAY SRIVASTAVA,91.2901895,98.0103906,83.33,93.8,0,NORMAL,
9998,EN26265764,YASH SATISH BAHUGUNA,91.2901895,99.095532,78.0,93.6,0,NORMAL,
9999,EN26217949,KESHAV PRASAD,91.2901895,99.2854994,75.67,90.83,0,NORMAL,
10000,EN26116669,AISHANI MULLICK,91.2901895,98.1734676,88.67,90.8,2,MEDIUM,JEE_vs_HSC: JEE is LOWER than expected by 61 rank pts; JEE_vs_HSC_SSC: JEE is LOWER than expected by 56 rank pts
